facility_name,lat,lon,max_capacity,full_address,city,property_type
'Ccaa' Infant And Toddler Child Care Centre,49.238539,-123.016499,242.0,"3978 Brandon St, Burnaby, BC",Burnaby,Daycare
'Na Aksa Gyilak'yoo School,54.5238028,-128.6680497,,"PO Box 544, Terrace, BC",Terrace,Elementary-Secondary Independent School
1 Step 2 Steps Child Care,49.173016,-121.931104,207.0,"9422 Coote St, Chilliwack, BC",Chilliwack,Daycare
100 Acre Wood,49.152123,-122.930399,284.0,"10567 Modesto Pl, Delta, BC",Delta,Daycare
100 Mile House Elementary,51.6469978,-121.2940495,455.0,"PO Box 460, 100 Mile House, BC",100 Mile House,Elementary Public School
101 Childcare,49.796,-124.495337,221.0,"7607 Hwy 101, Powell River, BC",Powell River,Daycare
121 - Alphabet Montessori,49.221339,-122.893482,192.0,"121 Columbia St E, New Westminster, BC",New Westminster,Daycare
123 A Child's World,49.212705,-122.93524,301.0,"1115 Dublin St, New Westminster, BC",New Westminster,Daycare
123 A.B.C. Montessori Infant/Toddler Center,49.262172,-122.846011,277.0,"737 Poirier St, Coquitlam, BC",Coquitlam,Daycare
123 Learn With Me,56.154123,-120.679276,159.0,"10431 99 St, Taylor, BC",Taylor,Daycare
150 Mile Elementary,52.1072205,-121.9283131,265.0,"PO Box 259, 150 Mile House, BC",150 Mile House,Elementary Public School
1St Ave Montessori Daycare,49.271017,-123.182685,167.0,"3544 1St Ave W, Vancouver, BC",Vancouver,Daycare
1St Step Montessori Inc - Sunbury Hall,49.155834,-122.934458,100.0,"10409 Dunlop Rd, Delta, BC",Delta,Daycare
2 Sisters Childcare Centre,49.112885,-122.817932,254.0,"6065 146 St, Surrey, BC",Surrey,Daycare
2Nd Home Bilingual Child Care Center,49.230914,-122.954049,224.0,"6262 Buckingham Dr, Burnaby, BC",Burnaby,Daycare
3 Bee's Marble Hill Daycare,49.134604,-121.836529,136.0,"7267 Marble Hill Rd, Chilliwack, BC",Chilliwack,Daycare
3 Corners Child Care Centre I,49.264315,-123.100221,159.0,"1 Kingsway, Vancouver, BC",Vancouver,Daycare
3 Corners Child Care Centre Ii,49.264315,-123.100221,125.0,"1 Kingsway, Vancouver, BC",Vancouver,Daycare
3 Wishes Childcare Centre,49.213772,-122.602939,282.0,"22365 Callighan Ave, Maple Ridge, BC",Maple Ridge,Daycare
4 Pillar Early Learning Centre,49.854348,-124.510399,140.0,"5110 Manson Ave, Powell River, BC",Powell River,Daycare
5 Corners Day Care,49.19918,-122.844829,216.0,"13620 Grosvenor Rd, Surrey, BC",Surrey,Daycare
5 Star Learning Centre,49.13166,-122.663325,288.0,"7096 201 St, Langley, BC",Langley,Daycare
5 Stars Day Care Centre,49.108345,-122.82194,241.0,"14443 58 Ave, Surrey, BC",Surrey,Daycare
5 Stars Daycare,49.122894,-122.834603,250.0,"6605 140Th St, Surrey, BC",Surrey,Daycare
5 Steps Childcare,49.076166,-122.649053,100.0,"4084 207A St, Langley, BC",Langley,Daycare
6 Mile Daycare,53.026763,-122.596301,198.0,"2074 Blackwater Rd, Quesnel, BC",Quesnel,Daycare
64GO,48.8555053,-123.507354,,"112 Rainbow Rd, Salt Spring Island, BC",Salt Spring Island,Elementary-Secondary Public School
6Th Avenue Childcare,50.672937,-120.32746,210.0,"520 6Th Ave, Kamloops, BC",Kamloops,Daycare
?Aq'amnik Daycare,49.5836,-115.754515,170.0,"7470 Mission Rd, Cranbrook, BC",Cranbrook,Daycare
?ELSET Elementary,48.6260801,-123.4229244,390.0,"1800 Forest Park Dr, North Saanich, BC",North Saanich,Elementary Public School
?Echen Childcare Division,52.969074,-122.516462,237.0,"610 Wade Ave, Quesnel, BC",Quesnel,Daycare
?Echen Early Learning,52.976674,-122.505216,158.0,"324 Hoy St, Quesnel, BC",Quesnel,Daycare
?pey? Elementary,49.2807399,-123.0646154,290.0,"1950 Hastings St E, Vancouver, BC",Vancouver,Elementary Public School
@KOOL,50.6571399,-120.3595706,,"1770 Springview Pl, Kamloops, BC",Kamloops,Elementary-Secondary Public School
A & B Childcare Centre,49.223817,-122.970411,283.0,"6620 Colborne Ave, Burnaby, BC",Burnaby,Daycare
A & B Daycare,49.228755,-122.985258,222.0,"6092 Selma Ave, Burnaby, BC",Burnaby,Daycare
A & B Learning Daycare,49.238899,-123.000432,243.0,"4605 Grassmere St, Burnaby, BC",Burnaby,Daycare
A & C Family Daycare,49.225897,-122.986441,181.0,"5382 Irving St, Burnaby, BC",Burnaby,Daycare
A & Z Daycare Ltd.,49.11416,-122.827528,226.0,"14242 61A Ave, Surrey, BC",Surrey,Daycare
A + Child Care Centre,49.221352,-122.962857,206.0,"6793 Elwell St, Burnaby, BC",Burnaby,Daycare
A B Children Family Daycare,49.145176,-122.636262,175.0,"7857 211B St, Langley, BC",Langley,Daycare
A Child's P.L.A.C.E.,49.301575,-124.39067,243.0,"1827 Gibbs Rd, Coombs, BC",Coombs,Daycare
A D Rundle Middle School,49.159136,-121.9625947,450.0,"45660 Hocking Ave, Chilliwack, BC",Chilliwack,Elementary Public School
A Fun Place To Grow,49.679213,-124.950322,192.0,"3214 Back Rd, Comox, BC",Comox,Daycare
A Growing Place Early Childhood Centre,48.36612,-123.540289,203.0,"4749 William Head Rd, Victoria, BC",Victoria,Daycare
A H P Matthew Elementary,49.1790656,-122.8524891,415.0,"13367 97 Ave, Surrey, BC",Surrey,Elementary Public School
A J Elliott Elementary,50.6262676,-127.0120502,125.0,"PO Box 149, Sointula, BC",Sointula,Elementary Public School
A J McLellan Elementary,49.1135406,-122.7635129,505.0,"16545 61 Ave, Surrey, BC",Surrey,Elementary Public School
A Kid's Space Childcare Centre Inc.,50.317825,-122.800049,291.0,"101-1436 Portage Rd, Pemberton, BC",Pemberton,Daycare
A Kid's Space Childcare Centre Inc. - Group Child Care (Sa),50.317825,-122.800049,133.0,"101-1436 Portage Rd, Pemberton, BC",Pemberton,Daycare
A League Of Their Own,48.581307,-123.414652,254.0,"7325 Chatwell Dr, Saanichton, BC",Saanichton,Daycare
A Little Moore Love,49.179662,-121.941652,209.0,"9766 Linwood St, Chilliwack, BC",Chilliwack,Daycare
A Loving Hart Daycare,53.987821,-122.776356,159.0,"6386 Dawson Rd, Prince George, BC",Prince George,Daycare
A Miracle Childcare,49.278864,-122.966773,168.0,"6655 Georgia St, Burnaby, BC",Burnaby,Daycare
A Place To Play,49.205801,-123.99367,246.0,"933 Capilano Pl, Nanaimo, BC",Nanaimo,Daycare
A Place To Play,49.733214,-114.888276,186.0,"156 Spruce Ave, Sparwood, BC",Sparwood,Daycare
A Place To Play Too,49.732561,-114.887693,147.0,"125 Centennial Square, Sparwood, BC",Sparwood,Daycare
A Plus Daycare,49.334244,-123.128396,286.0,"490 Macbeth Cres, West Vancouver, BC",West Vancouver,Daycare
A Plus Daycare,49.334244,-123.128396,296.0,"490 Macbeth Crescent, West Vancouver, BC",West Vancouver,Daycare
A S Matheson Elementary,49.8759985,-119.4777947,345.0,"2090 Gordon Dr, Kelowna, BC",Kelowna,Elementary Public School
A To Z Childcare Centre,49.159267,-122.773459,229.0,"8613 162 St, Surrey, BC",Surrey,Daycare
A To Z Childcare Centre #2,49.160294,-122.77507,167.0,"16128 86B Ave, Surrey, BC",Surrey,Daycare
A To Z Childcare Centre #3,49.16064,-122.766852,180.0,"16433 86B, Surrey, BC",Surrey,Daycare
A To Z Childcare Centre #4,49.169925,-122.794654,131.0,"15438 92Nd Ave, Surrey, BC",Surrey,Daycare
A To Z Playhouse Inc.,54.77961,-127.159458,201.0,"1636 Princess St, Smithers, BC",Smithers,Daycare
A Tree House Daycare Centre,49.263811,-122.975551,313.0,"6100 Broadway, Burnaby, BC",Burnaby,Daycare
A Wave Of Stars Childcare,49.279745,-122.867372,163.0,"1821 Barnet Hwy, Port Moody, BC",Port Moody,Daycare
A World Of Wonder Preschool,50.707897,-120.358166,110.0,"645 Clearwater Ave, Kamloops, BC",Kamloops,Daycare
A&N Academic Montessori School Ltd.,49.20738,-122.91233,127.0,"529 Queens Ave, New Westminster, BC",New Westminster,Daycare
A-1 Daycare Centre,49.238267,-123.151991,279.0,"2001 37Th Ave W, Vancouver, BC",Vancouver,Daycare
A-1 Learning Centre,49.210129,-123.124516,283.0,"807 68Th Ave W, Vancouver, BC",Vancouver,Daycare
A-Z Little World Family Daycare,49.228343,-122.579874,290.0,"23193 124A Ave, Maple Ridge, BC",Maple Ridge,Daycare
A.L. Fortune Secondary,50.5583801,-119.1374917,500.0,"500 Bass Ave, Enderby, BC",Enderby,Elementary-Secondary Public School
A.R. MacNeill Secondary,49.1642535,-123.1169208,1200.0,"6611 No. 4 Rd, Richmond, BC",Richmond,Secondary Public School
A.Y Childcare Centre,49.254777,-122.584891,194.0,"22963 139 Ave, Maple Ridge, BC",Maple Ridge,Daycare
A1 Suncrest Daycare,49.212576,-123.013413,166.0,"7907 Suncrest Dr, Burnaby, BC",Burnaby,Daycare
A:Lmelhawtxw Early Education Centre,49.135923,-121.964377,208.0,"9-7201 Vedder Rd, Chilliwack, BC",Chilliwack,Daycare
AE Perry Elementary,50.7043101,-120.3764261,340.0,"1380 Sherbrooke Ave, Kamloops, BC",Kamloops,Elementary Public School
APEX,49.2501939,-122.8484198,,"1432 Brunette Ave, Coquitlam, BC",Coquitlam,Elementary Jr. Secondary Public School
ASIA - North Poplar,49.0385703,-122.3364461,265.0,"32041 Marshall Rd, Abbotsford, BC",Abbotsford,Elementary Public School
Aaa Juniors Childcare,49.111108,-122.855551,132.0,"13280 59A Ave, Surrey, BC",Surrey,Daycare
Aatse Davie School,57.4235737,-125.6309232,,"PO Box 79, Fort Ware, BC",Fort Ware,Elementary-Secondary Independent School
Ab-Early Learning,49.237136,-122.877705,250.0,"727 Henderson Ave, Coquitlam, BC",Coquitlam,Daycare
Abba Family Child Care,49.214805,-123.071092,229.0,"1769 61St Ave E, Vancouver, BC",Vancouver,Daycare
Abbotsford Childcare,49.039575,-122.290378,369.0,"2054 Cherry St, Abbotsford, BC",Abbotsford,Daycare
Abbotsford Christian School,49.0626341,-122.2537106,,"35011 Old Clayburn Rd, Abbotsford, BC",Abbotsford,Elementary-Secondary Independent School
Abbotsford Christian School Childcare Preschool & Seamless D,49.073426,-122.251149,232.0,"3939 Old Clayburn Rd, Abbotsford, BC",Abbotsford,Daycare
Abbotsford Middle School,49.0419739,-122.3031361,600.0,"33231 Bevan Ave, Abbotsford, BC",Abbotsford,Middle School Public School
Abbotsford School Of Integrated Arts,49.050254,-122.2191986,375.0,"36232 Lower Sumas Mtn Rd, Abbotsford, BC",Abbotsford,Elementary Public School
Abbotsford Senior Secondary School,49.0433316,-122.2996964,1100.0,"33355 Bevan  Ave, Abbotsford, BC",Abbotsford,Secondary Public School
Abbotsford Traditional School,49.043622,-122.3537508,750.0,"2272 Windsor St, Abbotsford, BC",Abbotsford,Elementary-Secondary Public School
Abbotsford Virtual School,49.0504386,-122.2833426,,"33952 Pine St, Abbotsford, BC",Abbotsford,Elementary-Secondary Public School
Abby Childcare Centre,49.050793,-122.329807,178.0,"2663 James St, Abbotsford, BC",Abbotsford,Daycare
Abby Good Beginnings,49.051695,-122.264989,239.0,"34641 Sandon Dr, Abbotsford, BC",Abbotsford,Daycare
Abby Junior Childcare Centre Inc.,49.061996,-122.355118,207.0,"3290 Wagner Dr, Abbotsford, BC",Abbotsford,Daycare
Abby Twinkle Stars Daycare Inc,49.066757,-122.318448,158.0,"32708 Haida Dr, Abbotsford, BC",Abbotsford,Daycare
Abc 123 Family Child Care,49.214568,-123.101446,261.0,"219 62Nd Ave E, Vancouver, BC",Vancouver,Daycare
Abc Academy - Children's Learning Center (Asc & Preschool),49.211861,-122.924241,137.0,"201-615 Eighth St, New Westminster, BC",New Westminster,Daycare
Abc Academy - Children's Learning Center Ltd,49.208586,-122.9203,303.0,"160-401 Eighth St, New Westminster, BC",New Westminster,Daycare
Abc Academy - Children's Learning Center Ltd - Burnaby,49.249642,-123.019081,255.0,"3830 Sunset St, Burnaby, BC",Burnaby,Daycare
Abc Academy-Children's Learning Center,49.221085,-122.914623,271.0,"37 8Th Ave, New Westminster, BC",New Westminster,Daycare
Abc Childcare,49.222728,-122.960214,252.0,"6938 Halligan St, Burnaby, BC",Burnaby,Daycare
Abc Childcare Centre,49.058304,-122.328778,220.0,"32340 Mouat Dr, Abbotsford, BC",Abbotsford,Daycare
Abc Christian Child Care Centre,49.250398,-124.792305,344.0,"3946 Wallace St, Port Alberni, BC",Port Alberni,Daycare
Abc Daycare,49.213345,-122.578891,214.0,"11633 232A St, Maple Ridge, BC",Maple Ridge,Daycare
Abc Family Daycare,49.333394,-123.066938,287.0,"246 26Th St E, North Vancouver, BC",North Vancouver,Daycare
Abc Infant Care,48.43822,-123.335303,200.0,"2700 Scott St, Victoria, BC",Victoria,Daycare
Abc Kids World Learning Center,49.271097,-122.790133,163.0,"104-3278 Westwood St, Port Coquitlam, BC",Port Coquitlam,Daycare
Abc Lilypad Kids,50.699153,-119.252309,196.0,"2960 Okanagan Avenue Se, Salmon Arm, BC",Salmon Arm,Daycare
Abc Magic Family Child Care,49.240069,-123.162287,168.0,"2498 35Th Ave W, Vancouver, BC",Vancouver,Daycare
Abc Montessori Children's Centre,49.252191,-123.090416,279.0,"3629 Fraser St, Vancouver, BC",Vancouver,Daycare
Abc University Daycare,49.265648,-123.211945,135.0,"4595 8Th Ave W, Vancouver, BC",Vancouver,Daycare
Abc's & 123 Daycare,53.850574,-122.766492,162.0,"8036 Princeton Cres, Prince George, BC",Prince George,Daycare
Abcd Children’S Centre,49.126692,-122.715194,258.0,"6836 183 St, Surrey, BC",Surrey,Daycare
Abels Adventures Childcare,49.155859,-123.943434,259.0,"484 Park Ave, Nanaimo, BC",Nanaimo,Daycare
Aberdeen Elementary,49.0561523,-122.4272066,295.0,"2975 Bradner Rd, Abbotsford, BC",Abbotsford,Elementary Public School
Aberdeen Elementary,50.642076,-120.3598186,410.0,"2191 Van Horne Dr, Kamloops, BC",Kamloops,Elementary Public School
Aberdeen Hall Preparatory School,49.92725,-119.408161,118.0,"950 Academy Way, Kelowna, BC",Kelowna,Daycare
Aberdeen Hall Preparatory School,49.9351261,-119.4022314,,"950 Academy Way, Kelowna, BC",Kelowna,Elementary-Secondary Independent School
Aberdeen Hills Montessori Preschool / Kindergarten,50.64208,-120.359824,209.0,"2191 Van Horne Dr, Kamloops, BC",Kamloops,Daycare
Able Child Academy Early Learning Ltd,49.247891,-122.833196,222.0,"2200 Austin Ave, Coquitlam, BC",Coquitlam,Daycare
Abm Childcare Center,49.146565,-122.323592,235.0,"32533 Ptarmigan Dr, Mission, BC",Mission,Daycare
Aboriginal Head Start,54.311853,-130.301323,217.0,"313 Prince Rupert Blvd., Prince Rupert, BC",Prince Rupert,Daycare
Abra-Kid-Abra Out Of School Daycare,53.990656,-122.78511,152.0,"6742 Dagg Rd, Prince George, BC",Prince George,Daycare
Absorbent Minds Montessori Ltd.,49.217611,-122.994499,258.0,"7283 Nelson Ave, Burnaby, BC",Burnaby,Daycare
Absorbent Minds Montessori School,49.110734,-122.757394,100.0,"101-5961 168 St, Surrey, BC",Surrey,Daycare
Academics Prekindergarten,49.05993,-122.798034,185.0,"15300 Croydon Dr, Surrey, BC",Surrey,Daycare
Academics Prekindergarten North Vancouver,49.32174,-123.069913,121.0,"163 15Th St E, North Vancouver, BC",North Vancouver,Daycare
Academics Prekindergarten North Vancouver,49.32174,-123.069913,267.0,"163 15Th St E, North Vancouver, BC",North Vancouver,Daycare
Academics Prekindergarten Royal City,49.212385,-122.921146,147.0,"300-628 Sixth Ave, New Westminster, BC",New Westminster,Daycare
Academics Prekindergarten Westwood Inc,49.278638,-122.789515,120.0,"501-1123 Westwood St, Coquitlam, BC",Coquitlam,Daycare
Academics Prekindergarten Yvr,49.189597,-123.141669,172.0,"500-3600 Lysander Lane, Richmond, BC",Richmond,Daycare
Academics Prekindergarten Yvr,49.189597,-123.141669,232.0,"500-3600 Lysander Lane, Richmond, BC",Richmond,Daycare
Acclaim Canada Education & Family Childcare Services,49.24778,-122.861399,200.0,"1104 Charland Ave, Coquitlam, BC",Coquitlam,Daycare
Acekids Daycare,48.44018,-123.470024,253.0,"117-1911 Sooke Rd, Victoria, BC",Victoria,Daycare
Acklen Academy,49.133361,-121.95954,164.0,"7194 Vedder Rd, Chilliwack, BC",Chilliwack,Daycare
Acorn Early Education Centre,49.338533,-123.135816,122.0,"1525 Taylor Way, West Vancouver, BC",West Vancouver,Daycare
Acorn Early Education Centre,49.338533,-123.135816,167.0,"1525 Taylor Way, West Vancouver, BC",West Vancouver,Daycare
Acorn Studio,49.226991,-124.057778,194.0,"6037 Wardun Dr, Nanaimo, BC",Nanaimo,Daycare
Acorn To Oaks Academy,49.162545,-123.123732,220.0,"9080 Granville Ave, Richmond, BC",Richmond,Daycare
Acorn To Oaks Academy Group 2,49.162545,-123.123527,190.0,"9120 Granville Ave, Richmond, BC",Richmond,Daycare
Acorn-Eight Oaks Day Care Centre,49.252465,-123.115582,125.0,"103 3637 Cambie St, Vancouver, BC",Vancouver,Daycare
Acre Wood Daycare And Early Learning Incorporated,48.649997,-123.402554,247.0,"201-9842 Resthaven Dr, Sidney, BC",Sidney,Daycare
Acre Wood Daycare And Early Learning Incorportated,48.64966,-123.396879,316.0,"103-9830 Second St, Sidney, BC",Sidney,Daycare
Acre Wood Daycare And Learning Inc.,48.649584,-123.401167,148.0,"108 - 2360 Beacon Ave, Sidney, BC",Sidney,Daycare
Activa's Children Studio Daycare,49.234771,-123.029147,149.0,"4-3560 Euclid Ave, Vancouver, BC",Vancouver,Daycare
Active Little Angels Family Child Care,49.259453,-123.088821,137.0,"708 12Th Ave E, Vancouver, BC",Vancouver,Daycare
Active Minds Academy Inc,49.134998,-123.146544,140.0,"10680 Monashee Dr, Richmond, BC",Richmond,Daycare
Acwsalcta Band School,52.3639307,-126.7106572,,"PO Box 778, Bella Coola, BC",Bella Coola,Elementary-Secondary Independent School
Adam Robertson Elementary,49.1011171,-116.5149985,495.0,"421 9 Ave N, Creston, BC",Creston,Elementary Public School
Adams Road Elementary,49.1257788,-122.7174506,530.0,"18228 68 Ave, Surrey, BC",Surrey,Elementary Public School
Adams Road ymca Kids Club,49.125779,-122.717451,158.0,"18228 68 Ave, Surrey, BC",Surrey,Daycare
Admiral Seymour Elementary,49.2786789,-123.0802888,445.0,"1130 Keefer St, Vancouver, BC",Vancouver,Elementary Public School
Adorable Smile Family Childcare,49.102751,-116.512525,105.0,"1017 Ibbitson St, Creston, BC",Creston,Daycare
Adrianne's Little Critters Family Daycare,53.899174,-122.803551,195.0,"4245 Paschal Pl, Prince George, BC",Prince George,Daycare
Adult Education SD#23,49.8813048,-119.4868157,,"1825 Richter St, Kelowna, BC",Kelowna,Senior Secondary Public School
Adult Learning Centre,48.7858758,-123.7166145,,"1033 Nagle St, Duncan, BC",Duncan,Senior Secondary Public School
Adventure Awaits Childcare Inc.,48.420539,-123.488181,186.0,"3326 Painter Rd, Victoria, BC",Victoria,Daycare
Adventure Childcare Centre,49.13767,-122.29056,200.0,"33724 5Th Ave, Mission, BC",Mission,Daycare
Adventure Daycare,49.674475,-124.98058,213.0,"2785A Mansfield Dr, Courtenay, BC",Courtenay,Daycare
Adventure Daycare Society,49.62364,-125.036048,199.0,"3376 Egremont Rd, Cumberland, BC",Cumberland,Daycare
Adventure Daycare/Adventure Forest School Inc.,49.619897,-125.031311,223.0,"2688 Penrith Ave, Cumberland, BC",Cumberland,Daycare
Adventure Explorer Childcare Centre,49.222437,-122.588011,248.0,"12125 229 St, Maple Ridge, BC",Maple Ridge,Daycare
Adventure House Early Learning Childcare,49.224974,-122.921903,223.0,"8187 12Th Ave, Burnaby, BC",Burnaby,Daycare
Adventure Island Childcare,48.485206,-123.327544,278.0,"4355 Okano Pl, Victoria, BC",Victoria,Daycare
Adventure Junction Early Learning Centre,49.928784,-119.437893,338.0,"102 Snowsell St N, Kelowna, BC",Kelowna,Daycare
Adventure Time Childcare,53.973602,-122.767518,149.0,"14-5164 Hart Hwy, Prince George, BC",Prince George,Daycare
Adventures Daycare,49.102863,-121.941499,248.0,"5539 Teskey Pl, Chilliwack, BC",Chilliwack,Daycare
Adventures On Aros Child Care Centre,48.701241,-123.554389,168.0,"739 Aros Rd, Cobble Hill, BC",Cobble Hill,Daycare
Ae Perry Childcare,50.70431,-120.376426,171.0,"1380 Sherbrooke Ave, Kamloops, BC",Kamloops,Daycare
Aerie Early Care And Learning Centre,48.446472,-123.489888,257.0,"121-612 Goldstream Ave, Victoria, BC",Victoria,Daycare
After School Adventures With Gemma,49.02531,-122.78023,110.0,"15974 Prospect Cres, White Rock, BC",White Rock,Daycare
After School Kids Klub - Beban Park,49.196591,-123.991576,128.0,"2300 Bowen Rd, Nanaimo, BC",Nanaimo,Daycare
After School Warriors Child Care Inc,49.219689,-122.592854,179.0,"22712 Dewdney Trunk Rd, Maple Ridge, BC",Maple Ridge,Daycare
Agape Daycare,49.515895,-115.752014,170.0,"2100 4Th St N, Cranbrook, BC",Cranbrook,Daycare
Agassiz Centre for Education,49.2370771,-121.7639315,,"PO Box 69, Agassiz, BC",Agassiz,Secondary Public School
Agassiz Christian Preschool,49.236275,-121.750301,224.0,"7571 Morrow Rd, Agassiz, BC",Agassiz,Daycare
Agassiz Christian School,49.2362791,-121.7503026,,"7571 Morrow Rd, Agassiz, BC",Agassiz,Elementary Independent School
Agassiz Elem-Secondary,49.2370771,-121.7639315,525.0,"PO Box 1100, Agassiz, BC",Agassiz,Elementary-Secondary Public School
Agassiz/Harrison Childcare Centres Inc,49.298194,-121.783898,159.0,"501 Hot Springs Rd, Harrison Hot Springs, BC",Harrison Hot Springs,Daycare
Agassiz/Harrison Preschool & Childcare Centers,49.240246,-121.778609,120.0,"6660 Pioneer Ave, Agassiz, BC",Agassiz,Daycare
Agassiz/Harrison Preschool And Child Care Centres Inc.,49.234137,-121.758401,91.0,"7285 Mccullough Rd, Agassiz, BC",Agassiz,Daycare
Agnes L Mathers Elementary Secondary,53.2362841,-131.8085007,70.0,"PO Box 227, Sandspit, BC",Sandspit,Elementary Public School
Ahp Matthew Preschool,49.179063,-122.852492,178.0,"13367 97Th Ave, Surrey, BC",Surrey,Daycare
Aida Place,49.279853,-123.133152,298.0,"102-1122 Burnaby St, Vancouver, BC",Vancouver,Daycare
Aida's Daycare,49.74575,-123.12988,172.0,"1010 Windsor Pl, Garibaldi Highlands, BC",Garibaldi Highlands,Daycare
Aim Smart Childcare Centre,49.132641,-122.845916,211.0,"7153 King George Blvd, Surrey, BC",Surrey,Daycare
Aird's Kidzone Learning Centre Ltd,49.025687,-123.084461,200.0,"5025 12 Ave, Delta, BC",Delta,Daycare
Airport Elementary,49.7095003,-124.9143757,360.0,"PO Box 40, Lazo, BC",Lazo,Elementary Public School
Aj Family Child Care,49.955147,-125.213137,185.0,"262 Maryland Rd, Campbell River, BC",Campbell River,Daycare
Akasha's Littlest Explorers Daycare,49.682789,-125.027258,251.0,"208A Archery Cres, Courtenay, BC",Courtenay,Daycare
Akram's Daycare,49.327657,-123.06022,43.0,"2021 Moody Ave, North Vancouver, BC",North Vancouver,Daycare
Al-Hidayah School,49.2029618,-122.9074308,,"7 - 6th St, New Westminster, BC",New Westminster,Elementary Independent School
Al-Mustafa Junior Kindergarten,49.101506,-122.87482,244.0,"5441 125A St, Surrey, BC",Surrey,Daycare
Al-Mustafa School,49.1015058,-122.8748204,,"5441 125a Street, Surrey, BC",Surrey,Elementary Independent School
Alberni District Secondary,49.2535034,-124.7946809,1150.0,"4000 Roger St, Port Alberni, BC",Port Alberni,Secondary Public School
Alberni Elementary,49.2609342,-124.8064447,500.0,"4645 Helen St, Port Alberni, BC",Port Alberni,Elementary Public School
Albert McMahon Elementary,49.1556023,-122.314526,490.0,"32865 Cherry Ave, Mission, BC",Mission,Elementary Public School
Albion Active Kids Club,49.185102,-122.558349,105.0,"10031 240Th St, Maple Ridge, BC",Maple Ridge,Daycare
Albion Elementary,49.1850978,-122.5583758,465.0,"10031 240th St, Maple Ridge, BC",Maple Ridge,Elementary Public School
Aldergrove Christian Academy,49.0536135,-122.4965075,,"26245 28th Ave, Aldergrove, BC",Aldergrove,Elementary Independent School
Aldergrove Community Secondary,49.0538514,-122.48118,1100.0,"26850 29 Ave, Aldergrove, BC",Aldergrove,Secondary Public School
Aldergrove Daycare Centre,49.055532,-122.48278,113.0,"26770 29 Ave, Aldergrove, BC",Aldergrove,Daycare
Alderson Elementary,49.2392085,-122.8749284,240.0,"825 Gauthier Ave, Coquitlam, BC",Coquitlam,Elementary Public School
Alderson ymca Kids Club,49.239211,-122.874935,183.0,"825 Gauthier Ave, Coquitlam, BC",Coquitlam,Daycare
Alderwood House Heron 3 To 5 Daycare,49.184624,-123.090269,229.0,"12091 Cambie Rd, Richmond, BC",Richmond,Daycare
Alderwood House Heron It Class,49.184624,-123.090269,240.0,"12091 Cambie Rd, Richmond, BC",Richmond,Daycare
Alderwood House Heron School Aged Care,49.184624,-123.090269,194.0,"12091 Cambie Rd, Richmond, BC",Richmond,Daycare
Alderwood House School - Southlands,49.228359,-123.1852,255.0,"6426 Dunbar St, Vancouver, BC",Vancouver,Daycare
Alderwood House School Sandpiper,49.139457,-123.188606,169.0,"10111 Fourth Ave, Richmond, BC",Richmond,Daycare
Alderwood House School Sandpiper,49.139457,-123.188606,277.0,"10111 Fourth Ave, Richmond, BC",Richmond,Daycare
Alegria Childcare,49.273919,-122.756604,186.0,"3433 Coast Meridian Rd, Port Coquitlam, BC",Port Coquitlam,Daycare
Alert Bay Elementary,50.5811961,-126.9194799,150.0,"PO Box 29, Alert Bay, BC",Alert Bay,Elementary Public School
Alex Aitken,48.7950923,-123.6938813,245.0,"2494 Roome Rd, North Cowichan, BC",North Cowichan,Elementary Public School
Alex Hope Elementary,49.1566784,-122.6360255,565.0,"21150 85 Ave, Langley, BC",Langley,Elementary Public School
Alex House Children's Centre At Coast Meridian,49.152419,-122.754981,212.0,"8222 168A St, Surrey, BC",Surrey,Daycare
Alex House Children's Centre At Elgin Centre,49.065884,-122.822592,251.0,"3530 144 St, Surrey, BC",Surrey,Daycare
Alex House Children's Centre At Henry Bose,49.121701,-122.850794,176.0,"6550 134 St, Surrey, BC",Surrey,Daycare
Alex House Children's Centre At Katzie,49.129053,-122.684363,104.0,"6887 194A St, Surrey, BC",Surrey,Daycare
Alex House Children's Centre At Northridge,49.115251,-122.849012,194.0,"13460 62 Ave, Surrey, BC",Surrey,Daycare
Alex House Children's Centre At Ta'talu,49.037261,-122.764022,145.0,"1970 165A Street, Surrey, BC",Surrey,Daycare
Alex House Children's Centre At Walnut Road,49.1517,-122.773619,238.0,"16152 82 Ave, Surrey, BC",Surrey,Daycare
Alexander Academy,49.2846321,-123.1134223,,"570 Dunsmuir St Suite 400, Vancouver, BC",Vancouver,Secondary Independent School
Alexander Elementary,48.7858576,-123.6927176,390.0,"2471 Beverly St, North Cowichan, BC",North Cowichan,Elementary Public School
Alexander Elementary,49.0424287,-122.2876476,295.0,"2250 Lobban Rd, Abbotsford, BC",Abbotsford,Elementary Public School
Alexander Park Elementary,51.2951161,-116.9524763,220.0,"PO Box 464, Golden, BC",Golden,Elementary Public School
Alexander Robinson Elementary,49.2175025,-122.5623165,515.0,"11849 238b St, Maple Ridge, BC",Maple Ridge,Elementary Public School
Alexandra Neighbourhood House Children's Centre @ White Rock,49.024814,-122.799759,250.0,"1273 Fir St, White Rock, BC",White Rock,Daycare
Alexandra Neighbourhood House Children's Centre At Don Chris,49.115312,-122.712285,198.0,"6220 184 St, Surrey, BC",Surrey,Daycare
Alexandra Neighbourhood House Children's Centre At Don Chris,49.116511,-122.71231,153.0,"6256 184 St, Surrey, BC",Surrey,Daycare
Alexandra Neighbourhood House Children's Centre At Hillcrest,49.121068,-122.707495,105.0,"18599 65 Ave, Surrey, BC",Surrey,Daycare
Alexandra Neighbourhood House Children's Centre At Pacific H,49.049167,-122.748219,219.0,"17148 26 Ave, Surrey, BC",Surrey,Daycare
Alexandra Neighbourhood House Children's Centre At Rosemary,49.067176,-122.792662,131.0,"15516 36 Ave, Surrey, BC",Surrey,Daycare
Alexandra Neighbourhood House Children's Centre At Sunnyside,49.053588,-122.781916,158.0,"2828 159 St, Surrey, BC",Surrey,Daycare
Alexis Creek Elementary/Secondary,52.0856285,-123.2762747,170.0,"PO Box 199, Alexis Creek, BC",Alexis Creek,Elementary-Secondary Public School
Alexis Park Elementary,50.2739666,-119.2792155,320.0,"4205 35 St, Vernon, BC",Vernon,Elementary Public School
Alexis Park Elementary,50.273967,-119.279216,122.0,"4205 35 St, Vernon, BC",Vernon,Daycare
Alfred B Dixon Elementary,49.1443633,-123.1853773,380.0,"9331 Diamond Rd, Richmond, BC",Richmond,Elementary Public School
Alia's Childcare Centre,49.137739,-122.917015,189.0,"7412 Crawford Dr, Delta, BC",Delta,Daycare
Alice Brown Elementary,49.0831004,-122.6680192,315.0,"20011 44 Ave, Langley, BC",Langley,Elementary Public School
Alisha's Angels Childcare,49.917411,-125.192484,176.0,"143 Lennea Pl, Campbell River, BC",Campbell River,Daycare
Alison's Family Daycare,49.238316,-123.184814,274.0,"3588 37Th Ave W, Vancouver, BC",Vancouver,Daycare
All 4 U Lila's Daycare,49.674158,-124.995354,181.0,"2125 Stewart Ave, Courtenay, BC",Courtenay,Daycare
All Aboard Child Care,49.246047,-122.780498,273.0,"1620 Western Dr, Port Coquitlam, BC",Port Coquitlam,Daycare
All Aboard Childcare Ltd.,50.637509,-120.376229,274.0,"3-1325 Aberdeen Dr, Kamloops, BC",Kamloops,Daycare
All Aboard Family Child Care,49.142578,-123.951786,215.0,"544 Weber St, Nanaimo, BC",Nanaimo,Daycare
All About Kids Childcare,49.88544,-119.38158,245.0,"346 Holbrook Rd E, Kelowna, BC",Kelowna,Daycare
All About The Kids,49.274467,-122.763896,164.0,"1768 Laurier Ave, Port Coquitlam, BC",Port Coquitlam,Daycare
All Bright Early Learning Center,49.259975,-122.841243,167.0,"706 Linton St, Coquitlam, BC",Coquitlam,Daycare
All Bright Early Learning Center Park,49.272433,-122.831682,238.0,"2274 Park Crescent, Coquitlam, BC",Coquitlam,Daycare
All Day Smiles Child Care Centre,49.055157,-122.214052,230.0,"36517 Carnarvon Crt, Abbotsford, BC",Abbotsford,Daycare
All Is Well Childcare,49.183138,-122.856793,133.0,"9927 132 St, Surrey, BC",Surrey,Daycare
All Little Bears Child Care Ltd. - Machleary,49.164304,-123.948542,213.0,"292 Machleary St, Nanaimo, BC",Nanaimo,Daycare
All Little Bears Child Care Ltd. - Selby,49.161221,-123.937963,282.0,"546 Selby St, Nanaimo, BC",Nanaimo,Daycare
All Little Bears Childcare Ltd. - 3 To 5 Northfield,49.192044,-123.999103,290.0,"102-2320 Northfield Rd, Nanaimo, BC",Nanaimo,Daycare
All Little Bears Childcare Ltd. - It Northfield,49.192018,-123.998625,231.0,"101&102-2310 Northfield Rd, Nanaimo, BC",Nanaimo,Daycare
All My Kids Ltd,49.266178,-122.846015,308.0,"1710 Harbour Dr, Coquitlam, BC",Coquitlam,Daycare
All Star's Licensed Family Child Care,49.236198,-123.109679,106.0,"5483 Mackie St, Vancouver, BC",Vancouver,Daycare
All-Day Children's Workshop,49.352789,-123.096285,172.0,"4501 Highland Blvd, North Vancouver, BC",North Vancouver,Daycare
Allegro Musical Daycare,49.2855,-122.782771,217.0,"3143 Sechelt Dr, Coquitlam, BC",Coquitlam,Daycare
Alli's Little Rascals,56.258657,-120.841533,151.0,"9620 113 Ave, Fort St. John, BC",Fort St. John,Daycare
Allsmile Tl Childcare Centre,49.134752,-122.80446,153.0,"15086 73 Ave, Surrey, BC",Surrey,Daycare
Alma Queen Daycare,49.335894,-123.070812,284.0,"125 East Queens Rd, North Vancouver, BC",North Vancouver,Daycare
Almosthome Goldstream It,48.449974,-123.512168,300.0,"999 Goldstream Ave, Victoria, BC",Victoria,Daycare
Almosthome Gordon,48.450263,-123.507271,176.0,"935 Goldstream Ave, Victoria, BC",Victoria,Daycare
Almosthome Luxton,48.429899,-123.53253,228.0,"1040 Marwood Ave, Victoria, BC",Victoria,Daycare
Almosthome Mosaic,48.448915,-123.399301,214.0,"2946 Tillicum Rd, Victoria, BC",Victoria,Daycare
Almosthome Seaside,48.388234,-123.643235,133.0,"5229 Sooke Rd, Sooke, BC",Sooke,Daycare
Almosthome Shady Creek,48.577184,-123.407501,225.0,"7180 East Saanich Rd, Saanichton, BC",Saanichton,Daycare
Almosthome Strawberry Hill,48.470837,-123.422399,270.0,"3897 Holland Ave, Victoria, BC",Victoria,Daycare
Almosthome Tillicum,48.449269,-123.398894,162.0,"2964 Tillicum Rd, Victoria, BC",Victoria,Daycare
Alouette Elementary,49.2296759,-122.6089564,490.0,"22155 Isaac Cres, Maple Ridge, BC",Maple Ridge,Elementary Public School
Alpha Bees Childcare,49.281499,-122.818306,195.0,"1157 Falcon Dr, Coquitlam, BC",Coquitlam,Daycare
Alpha Secondary,49.2761929,-123.0002604,1100.0,"930 Alpha Ave, Burnaby, BC",Burnaby,Secondary Public School
Alphabet Childcare,49.323216,-123.030602,225.0,"1664 Birchlynn Pl, North Vancouver, BC",North Vancouver,Daycare
Alphabet Playhouse Childcare Centre,49.206784,-123.986495,81.0,"2025 Berkshire Pl, Nanaimo, BC",Nanaimo,Daycare
Alphabet Zoo Early Learning Centre,48.432943,-123.517503,320.0,"2619 Sooke Rd, Victoria, BC",Victoria,Daycare
Alphabet Zoo Early Learning Centre (Fulton),48.42528,-123.50506,129.0,"3322 Fulton Rd, Victoria, BC",Victoria,Daycare
Alphabetz,49.215339,-123.982533,125.0,"3342 Barrington Rd, Nanaimo, BC",Nanaimo,Daycare
Alphabetz Daycare,49.147504,-122.890471,162.0,"7929 120Th St, Delta, BC",Delta,Daycare
Alphablocks Childcare,49.11856,-122.842007,196.0,"13711 63B Ave, Surrey, BC",Surrey,Daycare
Alpine Childcare Solutions Ltd.,50.005492,-114.925964,146.0,"2100 Balmer Dr, Elkford, BC",Elkford,Daycare
Altamont Child Development Centre Inc.,49.338079,-123.19313,176.0,"2879 Marine Dr, West Vancouver, BC",West Vancouver,Daycare
Altamont Child Development Centre Inc.,49.338079,-123.19313,207.0,"2879 Marine Dr, West Vancouver, BC",West Vancouver,Daycare
Alternate Community Programs,53.8863535,-122.7791727,,"3400 Westwood Dr, Prince George, BC",Prince George,Elementary-Secondary Public School
Alternative Learning Program,50.2524664,-119.2488783,,"3602 30 Ave, Vernon, BC",Vernon,Secondary Public School
Alvin A McKay Elementary,55.0318435,-129.577895,120.0,"311 Church St, Greenville, BC",Greenville,Elementary Public School
Always Happy Montessori Family Child Care,49.221804,-123.10136,213.0,"6908 Main St, Vancouver, BC",Vancouver,Daycare
Always Home Childcare,53.916606,-122.769724,217.0,"887 Carney St, Prince George, BC",Prince George,Daycare
Always Sunshine,53.855196,-122.800401,99.0,"3219 Embree Pl, Prince George, BC",Prince George,Daycare
Alwin Holland Elementary,56.2528439,-120.8395268,345.0,"10615 96 St, Fort St John, BC",Fort St John,Elementary Public School
Alwin Holland Elementary - Little Griffins Clubhouse,56.252844,-120.839527,134.0,"10615 96 St, Fort St. John, BC",Fort St. John,Daycare
Alysh Daycare Centre,49.253799,-123.016693,266.0,"3964 Creekside Pl, Burnaby, BC",Burnaby,Daycare
Amanda's Angels,53.89867,-122.64316,316.0,"5428 Giscome Rd, Prince George, BC",Prince George,Daycare
Amazement Park Children's Center - Before-After School Care,49.257341,-122.86147,142.0,"1107 Sprice Ave, Coquitlam, BC",Coquitlam,Daycare
Amazement Park Children's Center Ltd,49.257746,-122.86279,151.0,"1050 Cottonwood Ave, Coquitlam, BC",Coquitlam,Daycare
Amazing Angel Daycare,49.23003,-122.904969,201.0,"919 Chilliwack St, New Westminster, BC",New Westminster,Daycare
Amazing Grace Childcare Centre,49.19922,-122.791066,189.0,"10816 155A St, Surrey, BC",Surrey,Daycare
Amazing Kids Center,53.893137,-122.782952,154.0,"2742 Michener Cres, Prince George, BC",Prince George,Daycare
Amazing Kids Day Care,49.124648,-122.688801,265.0,"6683 193 St, Surrey, BC",Surrey,Daycare
Amazing Kidz Childcare,49.250333,-122.941511,323.0,"3780 Lozells Ave, Burnaby, BC",Burnaby,Daycare
Amber's Family Daycare,49.119702,-122.69792,155.0,"6445 189A St, Surrey, BC",Surrey,Daycare
Ambleside Montessori,49.332183,-123.159809,268.0,"860 17Th St, West Vancouver, BC",West Vancouver,Daycare
Ambleside Montessori 2,49.333758,-123.146422,273.0,"1115 Haywood Ave, West Vancouver, BC",West Vancouver,Daycare
Ambleside Park Childcare,49.324435,-123.146842,217.0,"1093 Par Rd, West Vancouver, BC",West Vancouver,Daycare
Ambleside Park Childcare,49.324435,-123.146842,254.0,"1093 Par Rd, West Vancouver, BC",West Vancouver,Daycare
Amelia House Playschool,49.251931,-124.077381,153.0,"7232 Lantzville Rd, Lantzville, BC",Lantzville,Daycare
Amlilas Daycare,50.64184,-126.910966,104.0,"126 Boundary St, Alert Bay, BC",Alert Bay,Daycare
Amore Family Child Care,49.136718,-123.145151,261.0,"10340 Buttermere Dr, Richmond, BC",Richmond,Daycare
Amy's Childcare,48.460204,-123.508687,40.0,"2515 Martin Ridge, Victoria, BC",Victoria,Daycare
Amy's Family Child Care,49.2242,-123.087298,152.0,"852 50Th Ave E, Vancouver, BC",Vancouver,Daycare
Amy's Family Day Care,49.228702,-122.964334,258.0,"6088 Sperling Ave, Burnaby, BC",Burnaby,Daycare
Amy's Growing Garden Daycare,50.699457,-120.374535,53.0,"1265 Barrie Dr, Kamloops, BC",Kamloops,Daycare
Anahid Childcare,49.275577,-123.134335,301.0,"904  -1000 Beach Ave, Vancouver, BC",Vancouver,Daycare
Anahim Lake Elem-Jr Secondary,51.9989707,-123.1622355,170.0,"PO Box 3350, Anahim Lake, BC",Anahim Lake,Elementary Jr. Secondary Public School
Anchor Academy (DL),50.6597386,-119.2016601,,"PO Box 3015, Salmon Arm, BC",Salmon Arm,Elementary-Secondary Independent School
Anchor Point Montessori,49.2770447,-123.1308656,,"15977 28 Avenue, Surrey, BC",Surrey,Elementary Independent School
Anchors Wood Playcare,48.409068,-123.503801,256.0,"3542 Charnley Pl, Victoria, BC",Victoria,Daycare
Anderson ymca Kids Club,49.165695,-123.119676,239.0,"9460 Alberta Rd, Richmond, BC",Richmond,Daycare
Andre-Piolat,49.3379736,-123.0783531,435.0,"380 Kings Rd W, North Vancouver, BC",North Vancouver,Elementary-Secondary Public School
Angel Care,48.782385,-123.672679,184.0,"2085 Maple Bay Rd, Duncan, BC",Duncan,Daycare
Angel Daycare Centre,49.232825,-121.751865,171.0,"7524 Arbutus Dr, Agassiz, BC",Agassiz,Daycare
Angel Montessori Children Centre,49.194627,-122.753912,259.0,"10562 169 St, Surrey, BC",Surrey,Daycare
Angel Pines Center,49.053268,-122.279929,257.0,"2826 Cambridge St, Abbotsford, BC",Abbotsford,Daycare
Angel Pines Daycare,49.064128,-122.240465,131.0,"8-3457 Whatcom Rd, Abbotsford, BC",Abbotsford,Daycare
Angel Queens Daycare,49.336332,-123.081938,183.0,"483 Queens Rd W, North Vancouver, BC",North Vancouver,Daycare
Angel Rhef Family Daycare,50.270417,-119.268109,254.0,"2709 39 Ave, Vernon, BC",Vernon,Daycare
Angel Wings Daycare Center,49.220631,-122.946886,290.0,"7444 Edmonds St, Burnaby, BC",Burnaby,Daycare
Angel's Nest Daycare,49.147366,-122.855553,94.0,"13241 79A Ave, Surrey, BC",Surrey,Daycare
Angels Academy Childcare Centre,49.827956,-119.633715,214.0,"2547 Herbert Rd, West Kelowna, BC",West Kelowna,Daycare
Angels At Home Family Childcare,49.178006,-123.081978,86.0,"4720 Wyne Cres, Richmond, BC",Richmond,Daycare
Angels Land Academy,49.359264,-123.102092,159.0,"1054 Prospect Ave, North Vancouver, BC",North Vancouver,Daycare
Angels Playhouse Daycare Society (6Th Ave),49.203459,-122.938931,203.0,"1641 Sixth Ave, New Westminster, BC",New Westminster,Daycare
Angels Playhouse Daycare Society (Buffalo St),49.254032,-122.953479,175.0,"7189 Buffalo St, Burnaby, BC",Burnaby,Daycare
Angels Playhouse Daycare Society (Clinton St),49.212764,-122.987161,155.0,"5288 Clinton St, Burnaby, BC",Burnaby,Daycare
Angels Playhouse Daycare Society (Grafton St),49.232313,-123.002368,257.0,"4529 Grafton St, Burnaby, BC",Burnaby,Daycare
Angels Playhouse Daycare Society (Rochester Ave),49.245102,-122.880891,282.0,"722 Rochester Ave, Coquitlam, BC",Coquitlam,Daycare
Angels Playhouse Daycare Society (Sherban Ct),49.268617,-122.979782,120.0,"5798 Sherban Crt, Burnaby, BC",Burnaby,Daycare
Angels Playhouse Daycare Society (Sperling Ave),49.221475,-122.964359,116.0,"6850 Sperling Ave, Burnaby, BC",Burnaby,Daycare
Angels Playhouse Infant & Toddler Child Care Centre,49.21707,-122.983556,249.0,"103 7339 Macpherson Ave, Burnaby, BC",Burnaby,Daycare
Angels Playhouse Infant & Toddler Childcare Centre -Creslawn,49.272029,-122.989715,242.0,"1361 Crestlawn Dr, Burnaby, BC",Burnaby,Daycare
Angels Playhouse Infant And Toddler Childcare Centre(Rumble),49.214569,-122.983393,230.0,"5588 Rumble St, Burnaby, BC",Burnaby,Daycare
Animal Crackers Children's Centre #3,49.153171,-122.902388,179.0,"116 11590 83Rd Ave, Delta, BC",Delta,Daycare
Animal Crackers Children's Centre #5,49.132887,-122.907757,177.0,"103 11364 72 Ave, Delta, BC",Delta,Daycare
Animal Crackers Children's Centre #7,49.149633,-122.903278,190.0,"707 11531 80Th Ave, Delta, BC",Delta,Daycare
Animal Crackers Children's Centre #9,49.142911,-122.893927,248.0,"A3 - 7670 118Th St, Delta, BC",Delta,Daycare
Anklebyters Out-Of-School Care,48.462482,-123.405824,245.0,"3751 Grange Rd, Victoria, BC",Victoria,Daycare
Anmore Elementary,49.3119629,-122.8609988,170.0,"30 Elementary Rd, Anmore, BC",Anmore,Elementary Public School
Anna's Day Care,53.960254,-122.835975,137.0,"6353 Bench Dr, Prince George, BC",Prince George,Daycare
Anna's Greenhouse Daycare,49.236649,-122.87646,185.0,"220 Bernatchey St, Coquitlam, BC",Coquitlam,Daycare
Anna's Playhouse Daycare,49.275027,-122.785299,211.0,"2581 Kitchener Ave, Port Coquitlam, BC",Port Coquitlam,Daycare
Annar Fine Art Academy,49.296179,-122.794089,246.0,"2900 Waterford Pl, Coquitlam, BC",Coquitlam,Daycare
Anne McClymont Elementary,49.8203795,-119.4901988,375.0,"4489 Lakeshore Rd, Kelowna, BC",Kelowna,Elementary Public School
Anne Roberts Young Elementary,56.2583629,-120.8180933,505.0,"10112 105 Ave, Fort St. John, BC",Fort St. John,Elementary Public School
Anne-Hebert,49.2191151,-123.0463998,,"7051 Killarney St, Vancouver, BC",Vancouver,Elementary Public School
Annette’S Family Childcare,49.234248,-124.018185,260.0,"5830 Hammond Bay Rd, Nanaimo, BC",Nanaimo,Daycare
Annieville Elementary,49.1708758,-122.9094152,365.0,"9240 112 St, Delta, BC",Delta,Elementary Public School
Annunciation School,54.3098406,-130.3248435,,"627 5th Ave W, Prince Rupert, BC",Prince Rupert,Elementary Jr. Secondary Independent School
Anny's Early Learning,48.782542,-123.731865,201.0,"4-3185 Gibbins Rd, Duncan, BC",Duncan,Daycare
Anspayaxw Aboriginal Headstart,55.355918,-127.687479,157.0,"1439 Mary Blackwater Dr, Kispiox, BC",Kispiox,Daycare
Ant Family Child Care,49.235128,-123.079349,268.0,"5468 Inverness St, Vancouver, BC",Vancouver,Daycare
Ants In Your Pants,49.309751,-123.054874,270.0,"752 4Th St E, North Vancouver, BC",North Vancouver,Daycare
Apel Montessori Childcare Center,49.285201,-122.750718,259.0,"1326 Apel Dr, Port Coquitlam, BC",Port Coquitlam,Daycare
Apple Berry Lane Family Child Care,48.797853,-123.752134,132.0,"6258 North Rd, Duncan, BC",Duncan,Daycare
Apple Blossom Child Care Centre,49.323889,-123.091465,156.0,"1645 Bewicke Ave, North Vancouver, BC",North Vancouver,Daycare
Apple Blossom Child Care Centre,49.323889,-123.091465,272.0,"1645 Bewicke Ave, North Vancouver, BC",North Vancouver,Daycare
Apple Daycare Center,49.175996,-122.774346,134.0,"16166 95A Ave, Surrey, BC",Surrey,Daycare
Apple Family Child Care Centre,49.183541,-122.784621,200.0,"15793 99A Ave, Surrey, BC",Surrey,Daycare
Apple Garden Daycare,51.644794,-120.090537,184.0,"156 Wadlegger Rd, Clearwater, BC",Clearwater,Daycare
Apple Island Childcare,49.223025,-122.947456,198.0,"7487 Holly St, Burnaby, BC",Burnaby,Daycare
Apple Tree Child Care Centre,49.137179,-123.116767,169.0,"10211 Mortfield Rd, Richmond, BC",Richmond,Daycare
Apple Tree Childcare Centre,49.102494,-122.876634,227.0,"5482 124B St, Surrey, BC",Surrey,Daycare
Apple Tree Family Daycare,49.236829,-122.949072,210.0,"7924 Nursery St, Burnaby, BC",Burnaby,Daycare
Apple Tree Maple Child Care Centre,49.146123,-123.154673,100.0,"9211 Romaniuk Dr, Richmond, BC",Richmond,Daycare
Apple Tree Roselea Child Care Centre,49.135194,-123.127453,162.0,"8740 Roselea Pl, Richmond, BC",Richmond,Daycare
Apple Tree Ryan Child Care,49.137917,-123.129609,172.0,"8520 Ryan Rd, Richmond, BC",Richmond,Daycare
Apple'kins Childcare,49.030147,-122.583388,163.0,"23110 16 Ave, Langley, BC",Langley,Daycare
Apple's Family Child Care,49.216518,-123.102384,162.0,"7511 Main St, Vancouver, BC",Vancouver,Daycare
Appledale Children's Centre,49.6426,-117.5365,141.0,"6566 Berekoff Rd, Winlaw, BC",Winlaw,Daycare
Apples And Bananas,48.453712,-123.411295,289.0,"2838 Adelaide Ave, Victoria, BC",Victoria,Daycare
Appleseed Daycare,49.288409,-123.0489,224.0,"2710 mcgill St, Vancouver, BC",Vancouver,Daycare
Appletree Family Child Care,48.793915,-123.742507,174.0,"3406 Hilton Rd, Duncan, BC",Duncan,Daycare
Appu Child Care Centre,49.22652,-123.092321,285.0,"614 48Th Ave E, Vancouver, BC",Vancouver,Daycare
April Daycare,49.323471,-123.056244,149.0,"1604 Grand Blvd E, North Vancouver, BC",North Vancouver,Daycare
Arbutus Global Middle School,48.4710564,-123.306861,675.0,"2306 Edgelow St, Victoria, BC",Victoria,Elementary Public School
Arbutus Montessori Child Care Centre,49.24891,-123.163844,272.0,"2636 Oliver Cres, Vancouver, BC",Vancouver,Daycare
Arcadian Early Learning,48.77705,-123.712246,222.0,"5650 Club Rd, Duncan, BC",Duncan,Daycare
Archbishop Carney Regional Secondary,49.2586447,-122.7509446,,"1335 Dominion Ave, Port Coquitlam, BC",Port Coquitlam,Elementary Independent School
Archer Daycare,49.225835,-122.899562,199.0,"310 Archer St, New Westminster, BC",New Westminster,Daycare
Archibald Blair Elementary,49.1653339,-123.1660951,220.0,"6551 Lynas Lane, Richmond, BC",Richmond,Elementary Public School
Arden Elementary,49.6729096,-125.0240042,315.0,"3040 Lake Trail Rd, Courtenay, BC",Courtenay,Elementary Public School
Areakids Daycare Ltd,49.491663,-119.59928,142.0,"550 Eckhardt Ave W, Penticton, BC",Penticton,Daycare
Argyle Secondary,49.340804,-123.0413497,1200.0,"1131 Frederick Rd, North Vancouver, BC",North Vancouver,Secondary Public School
Aria Montessori Learning Center,49.295976,-122.828403,211.0,"44 Timbercrest Dr, Port Moody, BC",Port Moody,Daycare
Aristo-Kids Children's Centre,49.146183,-122.900336,268.0,"11643 78A Ave, Delta, BC",Delta,Daycare
Aristokids Center,49.17281,-121.950278,306.0,"46077 Victoria Ave, Chilliwack, BC",Chilliwack,Daycare
Ark Elementary Montessori Reggio School,49.1300377,-123.138191,,"Broadmoor PO Box 39509, Richmond, BC",Richmond,Elementary Independent School
Armstrong Daycare,49.232974,-122.908357,221.0,"8688 Armstrong Ave, Burnaby, BC",Burnaby,Daycare
Armstrong Elementary,49.2341562,-122.9087446,490.0,"8757 Armstrong Ave, Burnaby, BC",Burnaby,Elementary Public School
Armstrong Elementary,50.4421876,-119.2032005,265.0,"3010 Pleasant Valley Rd, Armstrong, BC",Armstrong,Elementary Public School
Armstrong Montessori Academy,50.447234,-119.191775,314.0,"B - 2516 Patterson Ave, Armstrong, BC",Armstrong,Daycare
Armstrong Preschool,50.441476,-119.202782,160.0,"3260 Rosedale Ave, Armstrong, BC",Armstrong,Daycare
Arrow Heights Elementary,50.9769241,-118.1777034,270.0,"Po Bag 7400, Revelstoke, BC",Revelstoke,Elementary Public School
Arrow Lakes Distributed Learning,49.9926095,-117.3702659,,"PO Box 130, New Denver, BC",New Denver,Elementary-Secondary Public School
Arrowsmith Independent Preschool/Childcare Centre,49.311392,-124.488109,129.0,"849 Hilliers Rd S, Qualicum Beach, BC",Qualicum Beach,Daycare
Arrowsmith Independent School,49.3106692,-124.4876214,,"861 Hilliers Rd, Qualicum Beach, BC",Qualicum Beach,Elementary Independent School
Arrowview Elementary,49.3487724,-124.4007525,340.0,"650 Bennett Rd, Qualicum Beach, BC",Qualicum Beach,Elementary Public School
Arrowview Kids Club,49.348772,-124.400753,284.0,"650 Bennett Rd, Qualicum Beach, BC",Qualicum Beach,Daycare
Art 2 Detour Childcare,49.034928,-122.825932,164.0,"14304 18 Ave, Surrey, BC",Surrey,Daycare
Art In Daycare,49.255337,-122.851766,250.0,"625 Schoolhouse St, Coquitlam, BC",Coquitlam,Daycare
Artemis Place Secondary,48.4441999,-123.3274774,,"3020 Richmond Rd, Victoria, BC",Victoria,Secondary Independent School
Artemis Young Parent Program,48.445426,-123.326722,153.0,"3020 Richmond Rd, Victoria, BC",Victoria,Daycare
Arthur Hatton Elementary,50.694934,-120.351587,237.0,"315 Chestnut Ave, Kamloops, BC",Kamloops,Daycare
Arthur Hatton Elementary,50.6949344,-120.351587,340.0,"315 Chestnut Ave, Kamloops, BC",Kamloops,Elementary Public School
Arthur Stevenson Elementary,50.7560347,-120.3463769,315.0,"2890 Bank Rd, Kamloops, BC",Kamloops,Elementary Public School
Arts And Music Daycare,49.135807,-123.179342,330.0,"4200 Annapolis Pl, Richmond, BC",Richmond,Daycare
ArtsCalibre Academy,48.4800526,-123.3223826,,"3909 St. Georges Lane, Victoria, BC",Victoria,Elementary Jr. Secondary Independent School
Artscalibre Academy,48.449615,-123.344154,223.0,"3220 Cedar Hill Rd, Victoria, BC",Victoria,Daycare
Ascend Online Distributed Learning Prg.,50.6711748,-120.3376387,,"635a Tranquille Rd, Kamloops, BC",Kamloops,Elementary-Secondary Independent School
Ashcroft Early Learning Program,50.734324,-121.26822,168.0,"435 Ranch Rd, Ashcroft, BC",Ashcroft,Daycare
Ashurst Children's Centre,54.232267,-125.763163,257.0,"545 Highway 16, Burns Lake, BC",Burns Lake,Daycare
Ask Or Imagine Christian Children's Center,49.226446,-122.963952,151.0,"6344 Sperling Ave, Burnaby, BC",Burnaby,Daycare
Aslan Early Learning Centre,48.784251,-123.716476,171.0,"531 Herbert St, Duncan, BC",Duncan,Daycare
Aspen Park Elementary,49.6851785,-124.9456781,340.0,"2250 Bolt Ave, Comox, BC",Comox,Elementary Public School
Aspengrove Early Learning Centre,49.237929,-124.063154,159.0,"7660 Clark Dr, Lantzville, BC",Lantzville,Daycare
Aspengrove School,49.2377857,-124.0632411,,"7660 Clark Dr, Lantzville, BC",Lantzville,Elementary-Secondary Independent School
Aspenwood Elementary,49.3013108,-122.8290886,525.0,"2001 Panorama Dr, Port Moody, BC",Port Moody,Elementary Public School
Aspire Preschool Inc,48.440527,-123.376071,193.0,"3-415 Dunedin St, Victoria, BC",Victoria,Daycare
Association Francophone De Kamloops,50.68955,-120.349391,262.0,"348 Fortune Dr, Kamloops, BC",Kamloops,Daycare
Assumption Preschool,49.832137,-124.516765,156.0,"7091 Glacier St, Powell River, BC",Powell River,Daycare
Assumption School,49.8321373,-124.516765,,"7091 Glacier St, Powell River, BC",Powell River,Elementary Independent School
Aster Meadow Early Learning And Care,49.988133,-125.243359,149.0,"737 Steenbuck Dr, Campbell River, BC",Campbell River,Daycare
Astro Childcare,49.256961,-123.013675,182.0,"4108 Manor St, Burnaby, BC",Burnaby,Daycare
At Play Child Care,49.15668,-122.627511,191.0,"21501 Telegraph Trail, Langley, BC",Langley,Daycare
Atlin School,59.4892787,-133.6091357,170.0,"PO Box 83, Atlin, BC",Atlin,Elementary-Secondary Public School
Aubrey Daycare Centre,49.273667,-122.971479,83.0,"6409 Aubrey St, Burnaby, BC",Burnaby,Daycare
Aubrey Daycare Centre,49.275772,-122.964678,267.0,"949 Sperling Ave, Burnaby, BC",Burnaby,Daycare
Aubrey Daycare Centre,49.275809,-122.965008,157.0,"947 Sperling Ave, Burnaby, BC",Burnaby,Daycare
Aubrey Elementary,49.2740694,-122.9779428,365.0,"1075 Stratford Ave, Burnaby, BC",Burnaby,Elementary Public School
Auguston Traditional Elementary,49.0839546,-122.2194748,455.0,"36367 Stephen Leacock Dr, Abbotsford, BC",Abbotsford,Elementary Public School
Auntie Em's,48.793642,-123.728985,164.0,"3161 Gilana Pl, Duncan, BC",Duncan,Daycare
Auntie Nette's Childcare,49.136111,-123.113336,274.0,"10251 Dennis Cres, Richmond, BC",Richmond,Daycare
Auntie's House,49.813057,-119.486443,174.0,"642 Thorneloe Rd, Kelowna, BC",Kelowna,Daycare
Aunty May,49.194124,-122.768009,294.0,"16380 Glenwood Cres S, Surrey, BC",Surrey,Daycare
Aurora Montessori Children's House,49.282045,-123.018836,156.0,"3895 Albert St, Burnaby, BC",Burnaby,Daycare
Aurostar Montessori Children Centre,49.032808,-122.828504,194.0,"1693 142 St, Surrey, BC",Surrey,Daycare
Aurostar Montessori Children Centre (Delta),49.170392,-122.914521,219.0,"11040 River Rd, Delta, BC",Delta,Daycare
Austad Early Learning,49.097207,-117.722025,276.0,"476 Austad Lane, Trail, BC",Trail,Daycare
Autumn Childcare Centre,49.158679,-121.957614,213.0,"45768 Hocking Ave, Chilliwack, BC",Chilliwack,Daycare
Autumn Childcare Centre #1,49.151217,-121.94622,284.0,"46185 Olds Dr, Chilliwack, BC",Chilliwack,Daycare
Avalon Adventist Christian Academy,50.6882284,-127.400311,,"4640 Byng Road, Port Hardy, BC",Port Hardy,Elementary Jr. Secondary Independent School
Avalon Adventist Christian Academy,50.68866,-127.400203,211.0,"4640 Byng Rd, Port Hardy, BC",Port Hardy,Daycare
Avant Life Early Learning Centre Squamish,49.709148,-123.154141,197.0,"38647 Buckley Ave, Squamish, BC",Squamish,Daycare
Aves Flow,49.118345,-123.157932,170.0,"13040 No. 2 Rd, Richmond, BC",Richmond,Daycare
Aves Flow,49.118345,-123.157932,191.0,"13040 No. 2 Rd, Richmond, BC",Richmond,Daycare
Avin Child Care,49.226041,-122.654122,210.0,"20472 123 Ave, Maple Ridge, BC",Maple Ridge,Daycare
Awahsuk Aboriginal Head Start,49.198917,-122.817624,197.0,"14589 108 Ave, Surrey, BC",Surrey,Daycare
Awesome Afterschool - South Delta,49.035905,-123.066829,196.0,"1720 56 St, Delta, BC",Delta,Daycare
Awesome Childcare Centre,49.174463,-122.808149,131.0,"9443 149A St, Surrey, BC",Surrey,Daycare
Az-Zahraa Islamic Academy,49.1511098,-123.0891476,,"8580 No. 5 Rd, Richmond, BC",Richmond,Elementary Independent School
Az-Zahraa Islamic Academy,49.151111,-123.089175,235.0,"8580 No. 5 Rd, Richmond, BC",Richmond,Daycare
B & D Montessori Learning Academy Ltd. (Coq),49.280017,-122.813513,133.0,"1187 Eagleridge Dr, Coquitlam, BC",Coquitlam,Daycare
B & W Montessori Learning Academy,49.260259,-122.747482,198.0,"2462 Yangtze Gate, Port Coquitlam, BC",Port Coquitlam,Daycare
B And G Family Childcare,48.440824,-123.501687,200.0,"2841 Pickford Rd, Victoria, BC",Victoria,Daycare
B X Elementary,50.289353,-119.2229347,560.0,"5849 Silver Star Rd, Vernon, BC",Vernon,Elementary Public School
BC Muslim School,49.1540116,-123.0875131,,"12300 Blundell Rd, Richmond, BC",Richmond,Elementary Jr. Secondary Independent School
BC Provincial School For The Deaf Elementary,49.2161999,-123.0031196,,"4446 Watling St, Burnaby, BC",Burnaby,Elementary Public School
BC Provincial School for the Deaf Secondary,49.2164628,-122.9847663,,"5455 Rumble St, Burnaby, BC",Burnaby,Secondary Public School
Babies 'N' Tots Daycare,49.803301,-119.477485,280.0,"5031 Windsong Cres, Kelowna, BC",Kelowna,Daycare
Babies 'N' Tots Daycare Inc.,49.893244,-119.470955,236.0,"1236 Cerise Dr, Kelowna, BC",Kelowna,Daycare
Babine Elem-Secondary,55.322262,-126.626812,95.0,"PO Box 250, Granisle, BC",Granisle,Elementary-Secondary Public School
Baboons & Gorillas,54.803493,-127.212044,127.0,"5142 Slack Rd, Smithers, BC",Smithers,Daycare
Baby Acorns,49.005701,-122.740302,124.0,"17399 2Nd Ave, Surrey, BC",Surrey,Daycare
Baby Angel Early Learning Inc,49.215516,-123.001833,226.0,"4536 Irmin St, Burnaby, BC",Burnaby,Daycare
Baby Bear Rainbow Adventure Daycare,55.770898,-120.239786,193.0,"1324 92 Ave, Dawson Creek, BC",Dawson Creek,Daycare
Baby Bears Infant And Toddler Daycare Ltd.,49.147013,-122.298988,255.0,"7973 Dunsmuir St, Mission, BC",Mission,Daycare
Baby Beluga Early Learning & Play House,49.245537,-122.984882,253.0,"5450 Moreland Dr, Burnaby, BC",Burnaby,Daycare
Baby Bumble Bee Day Care,49.145078,-123.12836,244.0,"8260 Sierpina Place, Richmond, BC",Richmond,Daycare
Baby Club Childcare,49.259815,-122.943895,150.0,"7538 Tyndale Cres, Burnaby, BC",Burnaby,Daycare
Baby Duck's Early Learning Centre,54.007146,-122.797787,182.0,"4247 Estavilla Dr, Prince George, BC",Prince George,Daycare
Baby Home Child Care Centre,49.230611,-122.940792,115.0,"7931 Goodlad St, Burnaby, BC",Burnaby,Daycare
Baby Orca Family Child Care,49.244615,-124.092228,202.0,"7536 Andrea Cres, Lantzville, BC",Lantzville,Daycare
Baby Panda Childcare Centre,49.164259,-123.148992,287.0,"6060 Redfern Cres, Richmond, BC",Richmond,Daycare
Baby Shark,49.218269,-123.101504,307.0,"7308 Main St, Vancouver, BC",Vancouver,Daycare
Baby Smart Infant And Toddler Child Care Centre,49.263191,-122.850161,275.0,"1530 Como Lake Ave, Coquitlam, BC",Coquitlam,Daycare
Baby Smile Childcare,49.21628,-122.945621,137.0,"7348 Stride Ave, Burnaby, BC",Burnaby,Daycare
Baby To Superstar Daycare,49.29713,-122.798217,136.0,"2936 Valleyvista Dr, Coquitlam, BC",Coquitlam,Daycare
Baby's Planet Childcare,49.10795,-122.747577,192.0,"17234 Jersey Dr, Surrey, BC",Surrey,Daycare
Back In Nature Childcare Inc,50.696355,-119.249913,148.0,"480 30Th St Se, Salmon Arm, BC",Salmon Arm,Daycare
Back To Basics Daycare,49.319729,-123.076145,80.0,"209 13Th St W, North Vancouver, BC",North Vancouver,Daycare
Back To Basics Daycare,49.319729,-123.076145,211.0,"209 13Th St W, North Vancouver, BC",North Vancouver,Daycare
Backyardigans Licensed Family Daycare,49.874066,-119.562517,205.0,"1175 Caledonia Way, West Kelowna, BC",West Kelowna,Daycare
Bad News Bears,48.574517,-123.450377,237.0,"1172 Sluggett Rd, Brentwood Bay, BC",Brentwood Bay,Daycare
Badgers Afterschool,50.464894,-115.986445,236.0,"4742 Government St, Windermere, BC",Windermere,Daycare
Bagicha Childcare Centre,49.207885,-122.874676,193.0,"12544 113 Ave, Surrey, BC",Surrey,Daycare
Baker Drive Elementary,49.2695001,-122.8238429,245.0,"885 Baker Dr, Coquitlam, BC",Coquitlam,Elementary Public School
Baker's Corner Preschool,49.26163,-122.849392,220.0,"1563 Regan Ave, Coquitlam, BC",Coquitlam,Daycare
Bakerview Centre for Learning,49.0375009,-122.3204718,,"32622 Marshall Rd, Abbotsford, BC",Abbotsford,Secondary Public School
Bakerview Centre for Learning - CE,49.0375009,-122.3204718,,"32622 Marshall Rd, Abbotsford, BC",Abbotsford,Senior Secondary Public School
Balaang Banay Childcare,56.244883,-120.839068,239.0,"9508 98A Ave, Fort St. John, BC",Fort St. John,Daycare
Baldonnel Elementary,56.2179079,-120.694415,120.0,"PO Box 196, Baldonnel, BC",Baldonnel,Elementary Public School
Balfour Community Preschool,49.626074,-116.965885,156.0,"7741 Upper Balfour Rd, Balfour, BC",Balfour,Daycare
Balsam Montessori Academy Ltd.,49.698411,-123.155569,218.0,"37969 2Nd Ave, Squamish, BC",Squamish,Daycare
Bambi Day Care,52.976294,-122.47195,186.0,"1420 Johnston Ave, Quesnel, BC",Quesnel,Daycare
Bambi World,49.27043,-123.10315,245.0,"104-95 1St Ave E, Vancouver, BC",Vancouver,Daycare
Bamboo House Montessori Childcare,49.165262,-122.655247,194.0,"20464 90 Cres, Langley, BC",Langley,Daycare
Bamfield Community School,48.8294571,-125.1343308,95.0,"General Delivery, Bamfield, BC",Bamfield,Elementary-Secondary Public School
Bankhead Elementary,49.8916212,-119.4716063,415.0,"1280 Wilson Ave, Kelowna, BC",Kelowna,Elementary Public School
Bankhead Elementary School,49.891621,-119.471606,259.0,"1280 Wilson Ave, Kelowna, BC",Kelowna,Daycare
Bankhead Out Of School Care Program,49.891621,-119.471606,156.0,"1280 Wilson Ave, Kelowna, BC",Kelowna,Daycare
Bao Bei Montessori Children Centre,49.160303,-122.772253,162.0,"8661 162A St, Surrey, BC",Surrey,Daycare
Barb's Adventure Playhouse,49.214763,-123.979847,135.0,"3900 Rock City Rd, Nanaimo, BC",Nanaimo,Daycare
Barefoot Beginnings Preschool,49.102317,-123.846623,302.0,"2338 Morland Rd, Nanaimo, BC",Nanaimo,Daycare
Barish Child Care Out-Of-School,49.26062,-123.234833,189.0,"2835 (B) Revelstoke Ct, Vancouver, BC",Vancouver,Daycare
Barley's Place Daycare,49.144053,-122.325026,226.0,"32485 mcrae Ave, Mission, BC",Mission,Daycare
Barlow Creek Elementary,53.0202674,-122.454483,195.0,"816 Barkerville Hwy, Quesnel, BC",Quesnel,Elementary Public School
Barney Multi-Age Childcare,49.290171,-122.801117,249.0,"2905 Walton Ave, Coquitlam, BC",Coquitlam,Daycare
Barney Multi-Age Daycare,49.286706,-122.819819,291.0,"1265 Falcon Dr, Coquitlam, BC",Coquitlam,Daycare
Barnhartvale Multi-Age Childcare,50.651117,-120.181316,163.0,"1350 Crestwood Dr, Kamloops, BC",Kamloops,Daycare
Barnhartvale Neighbourhood Boys & Girls Club,50.649153,-120.165866,195.0,"5990 Todd Rd, Kamloops, BC",Kamloops,Daycare
Barriere Elementary,51.1779757,-120.1292945,290.0,"PO Box 250, Barriere, BC",Barriere,Elementary Public School
Barriere Elementary Childcare,51.177966,-120.129281,106.0,"4475 Airfield Rd, Barriere, BC",Barriere,Daycare
Barriere Elementary-Secondary,51.1900313,-120.1275387,325.0,"PO Box 130, Barriere, BC",Barriere,Elementary-Secondary Public School
Barrowtown Elementary,49.0959972,-122.0998653,70.0,"5137 Tolmie Rd, Abbotsford, BC",Abbotsford,Elementary Public School
Basket Of Joy,49.229866,-122.604109,124.0,"12510 223 St, Maple Ridge, BC",Maple Ridge,Daycare
Bastion Elementary,50.709798,-119.2577771,405.0,"2251 12 Ave Ne, Salmon Arm, BC",Salmon Arm,Elementary Public School
Bay Breeze Buddies,49.274273,-122.834524,183.0,"204 Moray St, Port Moody, BC",Port Moody,Daycare
Bayridge Elementary,49.0334237,-122.8283997,340.0,"1730 142 St, Surrey, BC",Surrey,Elementary Public School
Bayside Middle School,48.5694787,-123.453464,775.0,"1101 Newton Pl, Brentwood Bay, BC",Brentwood Bay,Middle School Public School
Bayview Community Elementary,49.2664407,-123.182738,365.0,"2251 Collingwood St, Vancouver, BC",Vancouver,Elementary Public School
Bayview Community Preschool,49.266441,-123.182738,266.0,"3505 W 7Th Ave, Vancouver, BC",Vancouver,Daycare
Bayview Elementary,49.1528717,-123.9379079,220.0,"140 View St, Nanaimo, BC",Nanaimo,Elementary Public School
Bbbs Childcare - Beaverly,53.83059,-122.874723,114.0,"101-9777 Western Rd, Prince George, BC",Prince George,Daycare
Bbbs Nbc Asc Quinson,53.923274,-122.788991,201.0,"251 Ogilvie St S, Prince George, BC",Prince George,Daycare
Bbbs Nbc Asc Spruceland,53.915895,-122.792448,229.0,"3805 Rainbow Dr, Prince George, BC",Prince George,Daycare
Bbbs Pg Asc Clubhouse,53.919925,-122.792118,228.0,"777 Kinsmen Pl, Prince George, BC",Prince George,Daycare
Bbbspg Li'l Rascals,53.895377,-122.641281,115.0,"2455 Blackburn Rd S, Prince George, BC",Prince George,Daycare
Bcca Kids Club,49.280523,-122.743696,216.0,"1019 Fernwood Ave, Port Coquitlam, BC",Port Coquitlam,Daycare
Bcit Student Association Childcare Centre,49.24273,-122.99823,267.0,"4703 Wayburne Dr, Burnaby, BC",Burnaby,Daycare
Be Happy And Shine Daycare,49.142048,-122.656121,209.0,"7665 204A St, Langely, BC",Langely,Daycare
Beach Grove Elementary,49.0357482,-123.0584393,325.0,"5955 17a Ave, Delta, BC",Delta,Elementary Public School
Beachcombers Academy,49.5064797,-124.8288285,,"7375 Island Highway, Fanny Bay, BC",Fanny Bay,Elementary Independent School
Beacon Education Ltd Dba Willowbrae Academy Richmond South,49.13125,-123.09128,114.0,"101-12033 Riverside Way, Richmond, BC",Richmond,Daycare
Beacon Education Ltd Dba Willowbrae Academy Richmond South,49.13125,-123.09128,256.0,"101-12033 Riverside Way, Richmond, BC",Richmond,Daycare
Beacon House,49.151304,-122.755361,222.0,"8181 168A St, Surrey, BC",Surrey,Daycare
Beacon Nature Club - Pexsisen,48.44872,-123.54216,279.0,"3100 Constellation Ave, Victoria, BC",Victoria,Daycare
Beaconsfield Out Of School Care,49.251969,-123.052687,94.0,"3663 Penticton St, Vancouver, BC",Vancouver,Daycare
Bean Sprouts,49.249903,-123.032862,234.0,"3323 23Rd Ave E, Vancouver, BC",Vancouver,Daycare
Bean Sprouts Childcare Centre,49.172809,-122.909907,166.0,"11284 Kendale Way, Delta, BC",Delta,Daycare
Beanstalk Daycare The,49.098225,-121.948082,210.0,"5278 Westwood Dr, Chilliwack, BC",Chilliwack,Daycare
Beanstalk Daycare The,49.098772,-121.941568,176.0,"46365 Valleyview Rd, Chilliwack, BC",Chilliwack,Daycare
Beanstalk Daycare The,49.099107,-121.989859,195.0,"5361 Chinook St, Chilliwack, BC",Chilliwack,Daycare
Beanstalk Daycare The,49.100307,-121.992058,310.0,"44490 Bayshore Ave, Chilliwack, BC",Chilliwack,Daycare
Beanstalk Daycare The,49.100311,-121.990227,252.0,"44544 Bayshore Ave, Chilliwack, BC",Chilliwack,Daycare
Beanstalk Daycare The,49.100373,-121.989243,122.0,"5416 Chinook St, Chilliwack, BC",Chilliwack,Daycare
Beanstalk Daycare The,49.100986,-121.993575,154.0,"44458 Freshwater Dr, Chilliwack, BC",Chilliwack,Daycare
Beanstalk Daycare The,49.102262,-121.988875,287.0,"44687 Riverwood Cres, Chilliwack, BC",Chilliwack,Daycare
Beanstalk Daycare The,49.102922,-121.99545,253.0,"44411 Sherry Dr, Chilliwack, BC",Chilliwack,Daycare
Beanstalk Daycare The,49.103295,-121.993376,129.0,"44490 Keith Wilson Rd, Chilliwack, BC",Chilliwack,Daycare
Beanstalk Daycare The,49.120958,-121.953394,203.0,"6537 Iron St, Chilliwack, BC",Chilliwack,Daycare
Bear Bears,50.767216,-120.345832,124.0,"3262 Westsyde Rd, Kamloops, BC",Kamloops,Daycare
Bear Creek Cubs Childcare,49.155196,-122.834924,246.0,"8383 140 St, Surrey, BC",Surrey,Daycare
Bear Creek Elementary,49.1480029,-122.840954,655.0,"13780 80 Ave, Surrey, BC",Surrey,Elementary Public School
Bear Cubs Childcare,49.252284,-122.942948,231.0,"3530 Colter Crt, Burnaby, BC",Burnaby,Daycare
Bear House Daycare At Rosewood,49.228922,-122.935563,238.0,"7978 Rosewood St, Burnaby, BC",Burnaby,Daycare
Bear Paws Child Care,49.221406,-122.971572,163.0,"6842 Gilley Ave, Burnaby, BC",Burnaby,Daycare
Bear Paws Child Care Sperling,49.222108,-122.964414,188.0,"6790 Sperling Ave, Burnaby, BC",Burnaby,Daycare
Bear Valley School,55.9400138,-129.9827281,245.0,"PO Box 218, Stewart, BC",Stewart,Elementary-Secondary Public School
Bear's Cosy Cottage,49.047988,-122.878231,276.0,"2496 124 St, Surrey, BC",Surrey,Daycare
Bear's House Child Care,49.215095,-122.999145,211.0,"4609 Rumble St, Burnaby, BC",Burnaby,Daycare
Bear's Playhouse Family Daycare,49.158903,-122.893702,245.0,"8572 118A St, Delta, BC",Delta,Daycare
Beate's Playcorner,51.293985,-116.973081,120.0,"602 11 St S, Golden, BC",Golden,Daycare
Beattie Elementary,50.6700872,-120.3524174,295.0,"492 Mcgill Rd, Kamloops, BC",Kamloops,Elementary Public School
Beattie Just B4 Preschool,50.670087,-120.352417,212.0,"492 mcgill Rd, Kamloops, BC",Kamloops,Daycare
Beausoleil,48.4320326,-123.4013179,170.0,"1415 Andrews Ave, Victoria, BC",Victoria,Elementary Public School
Beautiful Minds,49.051541,-122.224773,302.0,"36120 Walter Rd, Abbotsford, BC",Abbotsford,Daycare
Beautiful Minds Childcare,49.314872,-124.328632,184.0,"503 Wheeler Ave, Parksville, BC",Parksville,Daycare
Beaver Creek Elementary,49.1212608,-122.8805208,530.0,"6505 123a St, Surrey, BC",Surrey,Elementary Public School
Beaver Creek Family Child Care,49.200368,-124.01959,177.0,"2665 Beaver Creek Cres, Nanaimo, BC",Nanaimo,Daycare
Beaver Valley Afterschool Care,49.111973,-117.545728,305.0,"1867 Columbia Gardens Rd, Fruitvale, BC",Fruitvale,Daycare
Beaver Valley Childcare Centre,49.108735,-117.546667,291.0,"1792 Columbia Gardens, Fruitvale, BC",Fruitvale,Daycare
Beaver Valley Nursery Centre,49.086075,-117.577393,232.0,"1122 Highway 3B, Montrose, BC",Montrose,Daycare
Beaverdell Elementary,49.4382164,-119.088264,70.0,"Box 116, Beaverdell, BC",Beaverdell,Elementary Public School
Beaverly Elementary,53.8305903,-122.8747234,220.0,"9777 Western Rd, Prince George, BC",Prince George,Elementary Public School
Beckley Cottage Preschool,48.416347,-123.371612,130.0,"3-427 Parry St, Victoria, BC",Victoria,Daycare
Beddies Babies,50.501926,-116.045613,273.0,"985 Westridge Dr, Invermere, BC",Invermere,Daycare
Bee Happy Child Care Centre,49.190522,-123.121625,188.0,"9311 Patterson Rd, Richmond, BC",Richmond,Daycare
Bee Happy Montessori House,48.500238,-123.387983,248.0,"526 Normandy Rd, Victoria, BC",Victoria,Daycare
Bee Haven - St. Clements,49.339822,-123.036287,251.0,"3400 Institute Rd, North Vancouver, BC",North Vancouver,Daycare
Bee Haven - The Academy,49.307772,-123.006141,204.0,"2420 Dollarton Hwy, North Vancouver, BC",North Vancouver,Daycare
Bee Haven - The Academy,49.308723,-123.005787,167.0,"2420 Dollarton Hwy, North Vancouver, BC",North Vancouver,Daycare
Bee Haven - The Academy,49.308723,-123.005787,271.0,"2420 Dollarton Hwy, North Vancouver, BC",North Vancouver,Daycare
Bee Haven - The Haven,49.312217,-123.057064,133.0,"648 Queensbury Ave, North Vancouver, BC",North Vancouver,Daycare
Bee Haven - The Hive,49.312764,-123.056797,194.0,"706 7Th St E, North Vancouver, BC",North Vancouver,Daycare
Bee Haven - West Lynn,49.324545,-123.037869,200.0,"1700 Mountain Hwy, North Vancouver, BC",North Vancouver,Daycare
Bee Haven Child Care - Kids Club,49.312764,-123.056797,141.0,"700 7Th St E, North Vancouver, BC",North Vancouver,Daycare
Bee Haven Child Care - The Cove,49.315873,-122.953027,259.0,"4266 Mt Seymour Pky, North Vancouver, BC",North Vancouver,Daycare
Bee Haven Child Care - The Cove - School Age,49.3161,-122.953263,193.0,"1018 Deep Cove Rd, North Vancouver, BC",North Vancouver,Daycare
Bee Haven Child Care- The Baby Hive,49.312497,-123.056738,146.0,"704 7Th St E, North Vancouver, BC",North Vancouver,Daycare
Bee Haven Childcare - Chesterfield,49.333913,-123.075747,332.0,"2641 Chesterfield Ave, North Vancouver, BC",North Vancouver,Daycare
Bee Haven Childcare Centers- The Cove- 3-5'S,49.3161,-122.953263,86.0,"1026 Deep Cove Rd, North Vancouver, BC",North Vancouver,Daycare
Bee Haven Childcare Centers- The Cove- Infant Toddler,49.3161,-122.953263,79.0,"1018 Deep Cove Rd, North Vancouver, BC",North Vancouver,Daycare
Bee Haven- Town Centre,49.33388,-123.039783,208.0,"101-2770 Valley Centre Ave, North Vancouver, BC",North Vancouver,Daycare
Bee House Montessori Day Care I,49.217611,-122.994499,231.0,"7283 Nelson Ave, Burnaby, BC",Burnaby,Daycare
Bee House Montessori Day Care Ii,49.249984,-123.018504,367.0,"3855 Sunset St, Burnaby, BC",Burnaby,Daycare
Bee House Montessori Day Care Ltd,49.239169,-122.88133,275.0,"283 Hart St, Coquitlam, BC",Coquitlam,Daycare
Bee Yourself Childcare,49.105239,-122.652507,221.0,"20555 56Th Ave, Langley, BC",Langley,Daycare
Bee Yourself Childcare Junior,49.105696,-122.652118,154.0,"20609 Logan Ave, Langley, BC",Langley,Daycare
Beehive Afterschool Program,49.635052,-115.951189,221.0,"546 309Th Ave, Kimberley, BC",Kimberley,Daycare
Beehive Christian Early Learning,49.226764,-122.92098,170.0,"8255 13 Ave, Burnaby, BC",Burnaby,Daycare
Before And After School Care Program At David Hoy,54.447941,-124.257748,282.0,"450 Birch Street West, Fort St James, BC",Fort St James,Daycare
Begbie Bears Daycare,51.010632,-118.221288,226.0,"1958 Laforme Blvd, Revelstoke, BC",Revelstoke,Daycare
Begbie View Elementary,50.9921652,-118.202174,315.0,"Po Bag 7100, Revelstoke, BC",Revelstoke,Elementary Public School
Beginners Kollege Child Care Centre Ltd,49.226864,-122.688952,214.0,"7-12350 Harris Rd, Pitt Meadows, BC",Pitt Meadows,Daycare
Beginnings Preschool & Skak Togh,54.817307,-127.193891,283.0,"7620 Hwy 16 W, Smithers, BC",Smithers,Daycare
Belen Family Child Care,49.276399,-123.028116,307.0,"19-3550 Adanac St, Vancouver, BC",Vancouver,Daycare
Belfi's Child Care,49.304308,-122.753506,237.0,"1487 Southview St, Coquitlam, BC",Coquitlam,Daycare
Belgo Elementary School,49.8823009,-119.3893171,340.0,"125 Adventure Rd, Kelowna, BC",Kelowna,Elementary Public School
Believe'n U Child Centre,49.146704,-122.911049,104.0,"7908 112A St, Delta, BC",Delta,Daycare
Bella Balloon Childcare Center (Under 36 Months),49.338087,-123.082873,200.0,"515 Windsor Rd W, North Vancouver, BC",North Vancouver,Daycare
Bella Balloon Childcare Centre,49.338087,-123.082873,197.0,"515 Windsor Rd W, North Vancouver, BC",North Vancouver,Daycare
Bella Bella Community School,52.1615203,-128.1470034,,"General Delivery, Bella Bella, BC",Bella Bella,Elementary-Secondary Independent School
Bella Coola Early Learning Facility,52.373457,-126.75869,100.0,"808 Mackay St, Bella Coola, BC",Bella Coola,Daycare
Bella Coola Elementary,52.3733721,-126.7593851,195.0,"PO Box 7, Bella Coola, BC",Bella Coola,Elementary Public School
Bellevue Creek Elementary,49.8170119,-119.4790293,295.0,"4574 Raymer Rd, Kelowna, BC",Kelowna,Elementary Public School
Belmont Early Learning Centre,48.442473,-123.529326,294.0,"3041 Langford Lake Rd, Victoria, BC",Victoria,Daycare
Belmont Elementary,49.0740023,-122.6597468,535.0,"20390 40 Ave, Langley, BC",Langley,Elementary Public School
Belmont Park Preschool,48.437272,-123.466189,100.0,"301 Zealous Crescent, Victoria, BC",Victoria,Daycare
Belmont Secondary,48.4424729,-123.5293263,1200.0,"3041 Langford Lake Rd, Victoria, BC",Victoria,Elementary Public School
Beloved Kids Family Childcare,48.579946,-123.415742,255.0,"7266 Chatwell Dr, Saanichton, BC",Saanichton,Daycare
Bench Elementary,48.7301261,-123.6072033,410.0,"1501 Cowichan Bay Rd, Cowichan Bay, BC",Cowichan Bay,Elementary Public School
Bench Elementary School - Out Of School Care,48.730126,-123.607203,223.0,"1501 Cowichan Bay Rd, Cowichan Bay, BC",Cowichan Bay,Daycare
Benjamin Childcare,49.227449,-123.086174,191.0,"6294 St Catherines St, Vancouver, BC",Vancouver,Daycare
Berkley Kids Club,49.329239,-123.001475,211.0,"2391 Berkley Ave, North Vancouver, BC",North Vancouver,Daycare
Berkshire Park Elementary,49.1733251,-122.7965425,565.0,"15372 94 Ave, Surrey, BC",Surrey,Elementary Public School
Bernard Elementary,49.1647255,-121.9659505,395.0,"45465 Bernard Ave, Chilliwack, BC",Chilliwack,Elementary Public School
Berry Family / Dorothy Lynas Elementary,49.320559,-122.961581,159.0,"4000 Inlet Cres, North Vancouver, BC",North Vancouver,Daycare
Berry Family / Dorothy Lynas Elementary,49.320559,-122.961581,248.0,"4000 Inlet Cres, North Vancouver, BC",North Vancouver,Daycare
Berry Patch Daycare,49.089684,-116.51309,145.0,"617 11 Ave S, Creston, BC",Creston,Daycare
Bert Ambrose,56.2614463,-120.8411822,295.0,"9616 115 Ave, Fort St. John, BC",Fort St. John,Elementary Public School
Bert Ambrose Elementary (Little Gators),56.261446,-120.841182,131.0,"9616 115 Ave, Fort St. John, BC",Fort St. John,Daycare
Bert Bowes Middle School,56.2450094,-120.8582104,400.0,"9816 106 St, Fort St John, BC",Fort St John,Middle School Public School
Bert Edwards Science & Technology,50.7085691,-120.3612095,365.0,"711 Windsor Ave, Kamloops, BC",Kamloops,Elementary Public School
Besma Family Child Care,49.199802,-122.813892,282.0,"14747 108A Ave, Surrey, BC",Surrey,Daycare
Best Buddies Childcare,48.439319,-123.335271,182.0,"2746 Scott St, Victoria, BC",Victoria,Daycare
Best Friends Children's Centre Inc,49.223148,-122.691604,178.0,"201 19141 Ford Rd, Pitt Meadows, BC",Pitt Meadows,Daycare
Best Friends Daycare,49.156557,-122.247733,133.0,"35264 Mcewen Ave, Mission, BC",Mission,Daycare
Best Friends Family Child Care,49.675304,-125.000366,137.0,"1911 Urquhart Ave, Courtenay, BC",Courtenay,Daycare
Best Neighbour Childcare Centre,48.523337,-123.372586,307.0,"5148 Lochside Dr, Victoria, BC",Victoria,Daycare
Best Of Paradise Childcare,49.308678,-122.78819,180.0,"1726 Paddock Dr, Coquitlam, BC",Coquitlam,Daycare
Bethany Child Care Centre,49.173134,-122.969502,101.0,"22680 Westminister Hwy, Richmond, BC",Richmond,Daycare
Bethany Child Care Centre,49.173134,-122.969502,245.0,"22680 Westminster Hwy, Richmond, BC",Richmond,Daycare
Bethany Child Care Centre - Before & After School Care,49.173134,-122.969502,114.0,"22680 Westminister Hwy, Richmond, BC",Richmond,Daycare
Bethel Children's Hour,49.164171,-121.932959,99.0,"1-8920 Broadway, Chilliwack, BC",Chilliwack,Daycare
Betty Gilbert Middle,49.0517785,-122.4803652,390.0,"26845 27 Ave, Aldergrove, BC",Aldergrove,Middle School Public School
Betty Huff Elementary,49.1724673,-122.8604095,565.0,"13055 Huntley Ave, Surrey, BC",Surrey,Elementary Public School
Betty's Family Child Care,49.154845,-123.940774,204.0,"55 Fifth St, Nanaimo, BC",Nanaimo,Daycare
Betty's Family Daycare,52.974171,-122.48347,180.0,"972 Graham Ave, Quesnel, BC",Quesnel,Daycare
Between Friends Out Of School,50.657923,-120.338602,305.0,"1565 Summit Dr, Kamloops, BC",Kamloops,Daycare
Bev's House,50.991364,-118.194887,239.0,"602 8Th St E, Revelstoke, BC",Revelstoke,Daycare
Beyond Care,49.225856,-122.916511,139.0,"8350 11Th Ave, Burnaby, BC",Burnaby,Daycare
Beyond Elements Childcare Ltd.,49.105892,-122.669456,231.0,"5673 200Th St, Langley, BC",Langley,Daycare
Beyond School Inc,49.046564,-122.792029,226.0,"6-15531 24 Ave, Surrey, BC",Surrey,Daycare
Beyond The Bell Out Of School Care,50.657335,-120.34028,179.0,"34-1580 Summit Dr, Kamloops, BC",Kamloops,Daycare
Bgc Okanagan-Glenrosa,49.839497,-119.655914,208.0,"3430 Webber Rd, West Kelowna, BC",West Kelowna,Daycare
Bgc South Vancouver Island - Central Saanich Club,48.575392,-123.449274,127.0,"1233 Clarke Rd, Victoria, BC",Victoria,Daycare
Bgc South Vancouver Island - Crystal View Club,48.452911,-123.477875,120.0,"2662 Silverstone Way, Victoria, BC",Victoria,Daycare
Bgc South Vancouver Island - Harbourside Club,48.422055,-123.403049,246.0,"410 Macaulay St, Victoria, BC",Victoria,Daycare
Bgc South Vancouver Island - Metchosin Club,48.396344,-123.514517,196.0,"3900 Metchosin Rd, Victoria, BC",Victoria,Daycare
Bgc South Vancouver Island - Millstream Club,48.466097,-123.495873,244.0,"626 Hoylake Ave, Victoria, BC",Victoria,Daycare
Bgc South Vancouver Island - Westshore Club,48.444524,-123.471872,271.0,"345 Wale Rd, Victoria, BC",Victoria,Daycare
Bgc Williams Lake Club Kidzone Afterschool/Summer,52.132454,-122.145401,141.0,"291 Second Ave N, Williams Lake, BC",Williams Lake,Daycare
Bgc-Okanagan Armstrong,50.448302,-119.19782,184.0,"3015 Wood Ave, Armstrong, BC",Armstrong,Daycare
Bgccvi - Arden Child & Family Centre,49.67291,-125.024004,311.0,"3040 Lake Trail Road, Courtenay, BC",Courtenay,Daycare
Bgccvi - Aspen Park,49.685158,-124.945965,215.0,"2250 Bolt Ave, Comox, BC",Comox,Daycare
Bgccvi - Beban House Club,49.196591,-123.991576,31.0,"1-2290 Bowen Rd, Nanaimo, BC",Nanaimo,Daycare
Bgccvi - Brooklyn Elementary,49.687399,-124.905421,166.0,"1290 Guthrie Rd, Comox, BC",Comox,Daycare
Bgccvi - Fifth Street Child And Family Centre,49.155477,-123.93945,242.0,"20 Fifth St, Nanaimo, BC",Nanaimo,Daycare
Bgccvi - Forest Park Club,49.190137,-123.987856,205.0,"2050 Latimer Rd, Nanaimo, BC",Nanaimo,Daycare
Bgccvi - Glacier View Child & Family Centre,49.703199,-124.982906,135.0,"241 Beecher Pl, Courtenay, BC",Courtenay,Daycare
Bgccvi - Lantzville Club,49.250867,-124.07678,224.0,"7-7221 Lantzville Rd, Lantzville, BC",Lantzville,Daycare
Bgccvi - Parksville Child And Family Centre,49.318297,-124.313762,184.0,"132 Jensen Ave W, Parksville, BC",Parksville,Daycare
Bgccvi - Richardson Road Club,49.111198,-123.927325,81.0,"100 Ohio Way, Nanaimo, BC",Nanaimo,Daycare
Bgccvi - Seaview Club,49.250775,-124.079003,150.0,"7000 Lantzville School Rd, Lantzville, BC",Lantzville,Daycare
Bgccvi - Syuwentct Club,49.193417,-124.006599,118.0,"2280 Sun Valley Dr, Nanaimo, BC",Nanaimo,Daycare
Bgco - Lions Hall,49.829862,-119.62939,143.0,"2466 Main St, West Kelowna, BC",West Kelowna,Daycare
Bgo Okanagan-Helen Gorman,49.846659,-119.672079,137.0,"3230 Salmon Road, Westbank, BC",Westbank,Daycare
Bibleway Christian Academy,49.1116037,-122.7056716,,"18657 60 Ave, Surrey, BC",Surrey,Elementary Independent School
Big Adventures Childcare,49.218229,-124.023505,294.0,"4951 Rutherford Rd, Nanaimo, BC",Nanaimo,Daycare
Big Dreamers Daycare - Mac House,49.907216,-119.388649,195.0,"155 Fitzpatrick Rd, Kelowna, BC",Kelowna,Daycare
Big Dreamers Daycare Limited,49.906724,-119.387558,158.0,"1370 Rutland Rd North, Kelowna, BC",Kelowna,Daycare
Big Lake Elementary,52.3778356,-121.8773848,50.0,"Box 70, Big Lake, BC",Big Lake,Elementary Public School
Big Steps... Little Feet,49.161723,-123.984472,136.0,"1340 Langara Dr, Nanaimo, BC",Nanaimo,Daycare
Big White Community School,49.7158133,-118.9222655,70.0,"400 Happy Valley Road, Big White Mountain, BC",Big White Mountain,Elementary Jr. Secondary Public School
Bigs Nbc Early Learning Centre,53.899139,-122.758591,213.0,"1788 Diefenbaker Dr, Prince George, BC",Prince George,Daycare
Birchland Elementary,49.2691789,-122.7510174,390.0,"1331 Fraser Ave, Port Coquitlam, BC",Port Coquitlam,Elementary Public School
Birchland Tree House Play Care Ltd.,49.269857,-122.75106,276.0,"1331 Fraser Ave, Port Coquitlam, BC",Port Coquitlam,Daycare
Birdhouse Montessori,49.360306,-123.126641,142.0,"591 St. Giles Rd, West Vancouver, BC",West Vancouver,Daycare
Birdsong Nature School Ltd,48.658238,-123.570602,112.0,"985 Shawnigan-Mill Bay Rd, Mill Bay, BC",Mill Bay,Daycare
Birdsong Nature School- Mill Bay,48.624491,-123.547862,188.0,"2095 Dickson Rd, Mill Bay, BC",Mill Bay,Daycare
Bizzy Bee Daycare,49.623318,-125.030202,255.0,"3356 2Nd St, Cumberland, BC",Cumberland,Daycare
Black Creek Community Center,49.814053,-125.115064,203.0,"2001 Black Creek Road, Black Creek, BC",Black Creek,Daycare
Black Mountain Elementary,49.8672889,-119.3498792,390.0,"1650 Gallagher Rd, Kelowna, BC",Kelowna,Elementary Public School
Blackberry Lane Children's Centre,49.535426,-124.816466,210.0,"1100 Northwest Rd, Denman Island, BC",Denman Island,Daycare
Blackburn Elementary,53.8975298,-122.6412754,345.0,"2222 South Blackburn Rd, Prince George, BC",Prince George,Elementary Public School
Blacklock Fine Arts Elementary,49.0960094,-122.6507331,395.0,"5100 206 St, Langley, BC",Langley,Elementary Public School
Blackwater Creek Elementary,50.5229227,-122.4956182,45.0,"B1729, Darcy, BC",Darcy,Elementary Public School
Blakeburn Elementary,49.2633498,-122.740859,490.0,"1040 Riverside Dr, Port Coquitlam, BC",Port Coquitlam,Elementary Public School
Blakely Childcare Centre,49.222935,-122.684117,141.0,"12125 Blakely Rd, Pitt Meadows, BC",Pitt Meadows,Daycare
Blessed Generations Academy - Canada Way Burnaby,49.217635,-122.933082,262.0,"7837 Canada Way, Burnaby, BC",Burnaby,Daycare
Blessed Generations Academy - Maple Ridge,49.21885,-122.604242,308.0,"22311 119 Ave, Maple Ridge, BC",Maple Ridge,Daycare
Blessed Generations Academy - Westwood Coquitlam,49.290608,-122.801568,293.0,"1294 Johnson St, Coquitlam, BC",Coquitlam,Daycare
Blessed Generations Academy In Royal City,49.21087,-122.916059,237.0,"501 4Th Ave, New Westminster, BC",New Westminster,Daycare
Blessed Sacrament School,49.2584175,-123.1193665,,"3020 Heather St, Vancouver, BC",Vancouver,Elementary Independent School
Blessings Miracles Daycare Centre Ltd.,49.075436,-122.668171,147.0,"4041 200B St, Langley, BC",Langley,Daycare
Blewett Elementary School,49.4920102,-117.3686467,170.0,"2665 Blewett Rd, Nelson, BC",Nelson,Elementary Public School
Blind Bay Munchkins Childcare,50.875211,-119.374775,226.0,"2570 Forest Dr, Blind Bay, BC",Blind Bay,Daycare
Block 8 Academy - 106 Moody Street,49.276342,-122.849818,214.0,"106 Moody St, Port Moody, BC",Port Moody,Daycare
Block 8 Academy - Moody Street,49.276342,-122.849818,172.0,"110 Moody St, Port Moody, BC",Port Moody,Daycare
Block 8 Academy - Spring Street,49.277293,-122.854043,228.0,"2626 Spring St, Port Moody, BC",Port Moody,Daycare
Bloom & Grow Early Learning,50.699807,-120.360081,157.0,"24-750 Fortune Dr, Kamloops, BC",Kamloops,Daycare
Bloom & Grow Early Learning - Batchelor,50.727072,-120.368946,192.0,"2055 Saddleback Dr, Kamloops, BC",Kamloops,Daycare
Bloom Childcare Centre & Fine Arts Preschool,49.169519,-122.314607,168.0,"32811 Dewdney Trunk Rd, Mission, BC",Mission,Daycare
Bloom Early Learning,49.817981,-119.492536,169.0,"559 Mcclure Rd, Kelowna, BC",Kelowna,Daycare
Bloom Montessori,48.451211,-123.462981,325.0,"101-1701 Island Hwy, Victoria, BC",Victoria,Daycare
Bloom Montessori (View Royal),48.45502,-123.438773,177.0,"286 Island Hwy, Victoria, BC",Victoria,Daycare
Bloomfield Learning Center,49.123663,-122.804075,245.0,"15097 66A Ave, Surrey, BC",Surrey,Daycare
Blooming Blossoms Child Care,49.167762,-122.814944,145.0,"9076 147 St, Surrey, BC",Surrey,Daycare
Blooming Buttercups Childcare & Learning Center,49.099903,-122.700858,236.0,"5377 188A St, Surrey, BC",Surrey,Daycare
Blooming Butterflies,50.773855,-120.33389,139.0,"628 Sun Valley Dr, Kamloops, BC",Kamloops,Daycare
Blooming Butterflies Daycare,49.090409,-122.664799,167.0,"4841 201A St, Langley, BC",Langley,Daycare
Blooming Kids Daycare,49.112008,-122.833386,176.0,"14025 60 Ave, Surrey, BC",Surrey,Daycare
Blooming Minds Daycare,49.255852,-123.191855,246.0,"3935 19Th Ave W, Vancouver, BC",Vancouver,Daycare
Blooming Minds Early Learning Center,49.15825,-122.658699,209.0,"120-20328 86 Ave, Langely, BC",Langely,Daycare
Blossom Babies Child Care Centre,49.286573,-122.75692,225.0,"1221 Burkemont Pl, Coquitlam, BC",Coquitlam,Daycare
Blossom Buddies Daycare,49.14939,-122.66075,154.0,"8069 203 St, Langley, BC",Langley,Daycare
Blossom Child Care,49.151833,-123.170659,220.0,"4571 Lancelot Dr, Richmond, BC",Richmond,Daycare
Blossom Childcare Centre,49.063475,-122.244882,155.0,"35366 mckee Rd, Abbotsford, BC",Abbotsford,Daycare
Blossom Early Childhood Center,48.46531,-123.360165,152.0,"3937 Quadra St, Victoria, BC",Victoria,Daycare
Blossom Progressive Montessori,50.031636,-119.389917,200.0,"10300 Sherman Dr, Winfield, BC",Winfield,Daycare
Blossom Valley Early Learning Centre,49.884235,-119.494991,237.0,"1685 Pandosy St, Kelowna, BC",Kelowna,Daycare
Blossoming Butterflies Day School,49.892449,-119.411382,164.0,"1270 Houghton Rd, Kelowna, BC",Kelowna,Daycare
Blossoming Ninos Childcare Centre,49.271177,-122.880085,338.0,"900 Glenayre Dr, Port Moody, BC",Port Moody,Daycare
Blossoms & Roots Daycare,49.029895,-122.812663,41.0,"1519 Oxford St, White Rock, BC",White Rock,Daycare
Blossoms@Bellevue Academy,49.33797,-123.193784,132.0,"2893 Marine Dr, West Vancouver, BC",West Vancouver,Daycare
Blue Bell Daycare,49.219111,-122.560423,188.0,"23843 119A Ave, Maple Ridge, BC",Maple Ridge,Daycare
Blue Bell Daycare,49.687358,-124.933034,171.0,"27-1957 Guthrie Rd, Comox, BC",Comox,Daycare
Blue Butterfly Childcare,49.169286,-122.631281,233.0,"9191 213Th St, Langley, BC",Langley,Daycare
Blue Castle Kidz Academy,49.214888,-122.929929,176.0,"808 Dublin St, New Westminster, BC",New Westminster,Daycare
Blue Door Out Of School Care,50.276067,-119.262749,144.0,"2302 44 Ave, Vernon, BC",Vernon,Daycare
Blue Heron Montessori Nestlings,48.42771,-123.416303,183.0,"1234 Juno St, Victoria, BC",Victoria,Daycare
Blue Heron Montessori Preschool Ltd.,48.418636,-123.381373,141.0,"205 Simcoe St, Victoria, BC",Victoria,Daycare
Blue House Family Childcare,49.700704,-123.157948,192.0,"38039-B Fifth Ave, Squamish, BC",Squamish,Daycare
Blue Jay Child Care,49.219316,-122.686086,252.0,"19327 119 Ave, Pitt Meadows, BC",Pitt Meadows,Daycare
Blue Jay Elementary,49.0579175,-122.3669866,440.0,"30995 Southern Dr, Abbotsford, BC",Abbotsford,Elementary Public School
Blue Moon Child Care,49.322679,-123.059716,234.0,"1548 Moody Ave, North Vancouver, BC",North Vancouver,Daycare
Blue Mountain Elementary,49.2287024,-122.5349953,320.0,"12453 248 St, Maple Ridge, BC",Maple Ridge,Elementary Public School
Blue Mountain Kids Academy Ltd,49.249922,-122.864111,268.0,"1045 Ridgeway Ave, Coquitlam, BC",Coquitlam,Daycare
Blue Ocean Daycare,49.340332,-123.171418,307.0,"2221 Ottawa Ave, West Vancouver, BC",West Vancouver,Daycare
Blue River School,52.1068929,-119.3052404,145.0,"PO Box 160, Blue River, BC",Blue River,Elementary Public School
Blue Skies & Butterflies Family Child Care,49.283852,-124.888594,249.0,"7685 Bell Rd, Port Alberni, BC",Port Alberni,Daycare
Blue Sky,49.298182,-122.779618,312.0,"1382 Kenney St, Coquitlam, BC",Coquitlam,Daycare
Blue Sky Daycare,49.347006,-123.080962,241.0,"431 Vienna Cres, North Vancouver, BC",North Vancouver,Daycare
Blue Sky Horizons Child Care,48.383617,-123.718527,107.0,"13-6579 Throup Rd, Sooke, BC",Sooke,Daycare
Blue Spruce Montessori Childrens House,49.247846,-123.033042,138.0,"3302 25Th Ave E, Vancouver, BC",Vancouver,Daycare
Blue Tree Family Home Daycare,49.253453,-123.053609,126.0,"2539 19Th Ave E, Vancouver, BC",Vancouver,Daycare
Blue Turtle Childcare,49.032245,-122.760583,121.0,"16673 16A Ave, Surrey, BC",Surrey,Daycare
Blue Whale Children's Learning Centre,49.155214,-123.180619,213.0,"8060  No.1 Rd, Richmond, BC",Richmond,Daycare
Blueberry Creek Early Learning & Care Centre,49.244718,-117.657489,212.0,"200 Centre Ave, Castlegar, BC",Castlegar,Daycare
Blueberry Field Child Care Inc.,49.127092,-123.183614,84.0,"3720 Broadway St, Richmond, BC",Richmond,Daycare
Blueberry Field Child Care Inc. - 30 Months To School Age,49.127092,-123.183614,285.0,"3720 Broadway St, Richmond, BC",Richmond,Daycare
Blueberry Field Child Care Inc. - Under 36 Months,49.140531,-123.119607,156.0,"9440 Williams Rd, Richmond, BC",Richmond,Daycare
Blueberry Muffins Family Child Care,49.261798,-123.128408,132.0,"9-1065 11Th Ave W, Vancouver, BC",Vancouver,Daycare
Blueberry Patch,49.245735,-117.660404,165.0,"202B Beresford, Castlegar, BC",Castlegar,Daycare
Bluebird Daycare Centre (Capilano) Inc.,49.334924,-123.11365,108.0,"1434 Woods Dr, North Vancouver, BC",North Vancouver,Daycare
Bluebird Daycare Centre (Capilano) Inc.,49.334924,-123.11365,252.0,"1434 Woods Dr, North Vancouver, BC",North Vancouver,Daycare
Bluebirds Early Learning Childcare Inc,49.216803,-122.596772,258.0,"22580 Lougheed Hwy, Maple Ridge, BC",Maple Ridge,Daycare
Bluejay Montessori & Piano Childcare,49.163709,-123.152894,55.0,"6619 Azure Rd, Richmond, BC",Richmond,Daycare
Blueridge Childcare,49.064925,-122.377313,306.0,"3459 Goldfinch St, Abbotsford, BC",Abbotsford,Daycare
Blueridge Elementary,49.3239389,-123.0003596,370.0,"2650 Bronte Dr, North Vancouver, BC",North Vancouver,Elementary Public School
Blueridge Out Of School Care,49.324371,-123.000662,86.0,"2650 Bronte Dr, North Vancouver, BC",North Vancouver,Daycare
Blundell Elementary,49.1537178,-123.1519467,245.0,"6480 Blundell Rd, Richmond, BC",Richmond,Elementary Public School
Bodwell High School,49.3141535,-123.100856,,"955 Harbourside Drive, North Vancouver, BC",North Vancouver,Secondary Independent School
Bolivar Heights Early Learning Centre,49.207352,-122.813919,277.0,"11286 Roxburgh Rd, Surrey, BC",Surrey,Daycare
Bon Debut Family Child Care,49.22334,-123.052967,222.0,"6593 Wales St, Vancouver, BC",Vancouver,Daycare
Bonaccord Elementary,49.1803527,-122.8068387,590.0,"14986 98 Ave, Surrey, BC",Surrey,Elementary Public School
Bonnie Bairns Childcare Services,49.330395,-123.112745,179.0,"2260 Philip Ave, North Vancouver, BC",North Vancouver,Daycare
Bonnie Bairns Childcare Services Inc.,49.330395,-123.112745,301.0,"2260 Philip Ave, North Vancouver, BC",North Vancouver,Daycare
Bonnie's Daycare,50.691584,-120.354839,86.0,"471 Linden Ave, Kamloops, BC",Kamloops,Daycare
Bonny Castle Children's Center - 3,49.197069,-122.812111,222.0,"10706 148 St, Surrey, BC",Surrey,Daycare
Bonnycastle Montessori Preschool,49.197686,-122.817003,313.0,"14630 107A Ave, Surrey, BC",Surrey,Daycare
Bonnycastle Preschool & Out Of School Care,49.197684,-122.816501,225.0,"14642 107A Ave, Surrey, BC",Surrey,Daycare
Boo Boo Daycare,49.227653,-122.982886,227.0,"6209 Elgin Ave, Burnaby, BC",Burnaby,Daycare
Boomgaard Early Learning & Child Care,49.215373,-122.585469,116.0,"22983 117 Ave, Maple Ridge, BC",Maple Ridge,Daycare
Borrowed Blessings,55.774196,-120.228568,356.0,"924 90 Ave, Dawson Creek, BC",Dawson Creek,Daycare
Boston Bar Elem-Secondary,49.8609323,-121.4417446,245.0,"PO Box 160, Boston Bar, BC",Boston Bar,Elementary-Secondary Public School
Bothwell Elementary School,49.1877909,-122.7485737,315.0,"17070 102 Ave, Surrey, BC",Surrey,Elementary Public School
Bouchie Lake Elementary School,53.0267628,-122.5963007,220.0,"2074 Blackwater Rd, Quesnel, BC",Quesnel,Elementary Public School
Boulevard Daycare,54.310566,-130.307694,275.0,"112 Prince Rupert Blvd, Prince Rupert, BC",Prince Rupert,Daycare
Bounce,49.682327,-124.997567,270.0,"1540 mcphee Ave, Courtenay, BC",Courtenay,Daycare
Bouncing Babies & Toddling Tots Childcare,49.271867,-122.830813,263.0,"2263 Park Cres, Coquitlam, BC",Coquitlam,Daycare
Bouncing Bubbles Childcare Centre,49.16977,-122.63352,217.0,"9218 212A St, Langely, BC",Langely,Daycare
Bouncy Ball Family Daycare,49.204958,-123.977868,125.0,"2820 Haliday Cres, Nanaimo, BC",Nanaimo,Daycare
Boundary Bay Montessori House,49.071513,-123.019938,289.0,"3800 72 St, Delta, BC",Delta,Daycare
Boundary Bay Montessori House,49.0715134,-123.0199383,,"3800 72 St, Delta, BC",Delta,Elementary Independent School
Boundary Central Secondary,49.0066002,-118.7685999,450.0,"PO Box 159, Midway, BC",Midway,Secondary Public School
Boundary Elementary,49.3341515,-123.0523556,395.0,"750 26th St E, North Vancouver, BC",North Vancouver,Elementary Public School
Boundary Park Elementary,49.1172859,-122.8811022,340.0,"12332 North Boundary Dr, Surrey, BC",Surrey,Elementary Public School
Boundary Park Preschool,49.117287,-122.881104,130.0,"12332 Boundary Dr N, Surrey, BC",Surrey,Daycare
Bowen Child Care Centre,49.145419,-123.163932,177.0,"9160 Pauleshin Cres, Richmond, BC",Richmond,Daycare
Bowen Island Community School,49.3813831,-123.3420323,310.0,"PO Box 220, Bowen Island, BC",Bowen Island,Elementary Public School
Bowser Elementary,49.4461241,-124.6990363,220.0,"PO Box 112, Bowser, BC",Bowser,Elementary Public School
Bowser Elementary After-School Program,49.446124,-124.699036,150.0,"4830 Faye Rd, Bowser, BC",Bowser,Daycare
Boys & Girls Club John Tod Centre,50.690062,-120.355132,233.0,"150 Wood St, Kamloops, BC",Kamloops,Daycare
Boys & Girls Club Of Kamloops - L S Neighbourhood Club -,50.670089,-120.352419,173.0,"492 mcgill Rd, Kamloops, BC",Kamloops,Daycare
Brackendale Elementary,49.7707535,-123.151831,415.0,"PO Box 280, Squamish, BC",Squamish,Elementary Public School
Brackendale Elementary School,49.770754,-123.151831,277.0,"42000 Government Rd, Squamish, BC",Squamish,Daycare
Brackenwood Children's Centre,49.197952,-124.002018,241.0,"2375 Brackenwood Pl, Nanaimo, BC",Nanaimo,Daycare
Bradner Elementary,49.0981547,-122.4279411,170.0,"5291 Bradner Rd, Abbotsford, BC",Abbotsford,Elementary Public School
Braefoot Childcare Program,48.47016,-123.345322,337.0,"1440 Harrop Rd, Victoria, BC",Victoria,Daycare
Braefoot Childcare Program - Marigold Campus,48.461848,-123.409157,294.0,"3751 Grange Rd, Victoria, BC",Victoria,Daycare
Braefoot Elementary,48.4701602,-123.3453217,370.0,"1440 Harrop Road, Victoria, BC",Victoria,Elementary Public School
Braemar Daycare,49.345157,-123.055164,198.0,"709 Braemar Rd E, North Vancouver, BC",North Vancouver,Daycare
Braemar Elementary,49.3431176,-123.0800653,490.0,"3600 Mahon Ave, North Vancouver, BC",North Vancouver,Elementary Public School
Brainbox Montessori Learning Academy,49.104273,-122.648975,134.0,"20700 56 Ave, Langley, BC",Langley,Daycare
Brainbox Montessori Learning Academy,49.104694,-122.649402,194.0,"20688 56 Ave, Langley, BC",Langley,Daycare
Brainbridge After School Care Centre,49.214488,-123.059573,239.0,"2295 61St Ave E, Vancouver, BC",Vancouver,Daycare
Brainbridge Bilingual Education And Fine Arts Centre,49.214487,-123.059561,200.0,"2295 E 61, Vancouver, BC",Vancouver,Daycare
Brainbridge Bilingual Education And Fine Arts Centre,49.214487,-123.059561,233.0,"2295 E 61, Vancouver, BC",Vancouver,Daycare
Brainy Kids Montessori Daycare Inc,49.157229,-122.897944,152.0,"8482 Hall Pl, Delta, BC",Delta,Daycare
Bramblewood Elementary,49.2985506,-122.8130517,360.0,"2875 Panorama Dr, Coquitlam, BC",Coquitlam,Elementary Public School
Bramblewood Montessori Child Care Center Ltd.,49.26112,-122.780494,230.0,"201 2255 Wilson Ave, Port Coquitlam, BC",Port Coquitlam,Daycare
Branches Preschool And Childcare,49.112518,-122.763365,256.0,"6058 165A St, Surrey, BC",Surrey,Daycare
Brantford Elementary,49.2245748,-122.9666134,415.0,"6512 Brantford Ave, Burnaby, BC",Burnaby,Elementary Public School
Braun-Tasaurus Preschool,49.039532,-122.323492,229.0,"2087 Majestic Cres, Abbotsford, BC",Abbotsford,Daycare
Brave Spaces Early Learning Commons,49.088606,-122.593309,211.0,"22756 48 Ave, Langley, BC",Langley,Daycare
Breanne's Family Daycare,49.486631,-119.558558,271.0,"1508 Duncan Ave E, Penticton, BC",Penticton,Daycare
Brechin Elementary,49.1775987,-123.9548631,220.0,"510 Millstone Ave, Nanaimo, BC",Nanaimo,Elementary Public School
Brenda's Family Child Care,48.797414,-123.724444,294.0,"6255 Lane Rd, Duncan, BC",Duncan,Daycare
Brent Kennedy Elementary,49.4431653,-117.5439224,220.0,"PO Box 40, Crescent Valley, BC",Crescent Valley,Elementary Public School
Brent Kennedy Learning Centre,49.441853,-117.535617,107.0,"1092A Hwy 6, South Slocan, BC",South Slocan,Daycare
Brentwood College,48.6524265,-123.5549466,,"2735 Mt Baker Rd, Mill Bay, BC",Mill Bay,Secondary Independent School
Brentwood Elementary,48.5742038,-123.4467393,455.0,"7085 Wallace Drive, Brentwood Bay, BC",Brentwood Bay,Elementary Public School
Brentwood Montessori Child Care Ltd.,49.266684,-122.987959,296.0,"101-1950 Bellwood Ave, Burnaby, BC",Burnaby,Daycare
Brentwood Park Elementary,49.2714679,-122.9934887,435.0,"1455 Delta Ave, Burnaby, BC",Burnaby,Elementary Public School
Brentwood Park Plus,49.271456,-122.993524,188.0,"1455 Delta Ave Room B, Burnaby, BC",Burnaby,Daycare
Bridge Kids,49.875364,-119.477172,130.0,"2100 Gordon Dr, Kelowna, BC",Kelowna,Daycare
Bridges Childcare And Learning Center - Rosewood,49.109887,-122.69921,273.0,"5896 189 St, Surrey, BC",Surrey,Daycare
Bridges Childcare And Learning Centre - Applewood,49.109277,-122.693565,301.0,"19109 59 Ave, Surrey, BC",Surrey,Daycare
Bridgeview Elementary,49.2117926,-122.8659034,245.0,"12834 115a Ave, Surrey, BC",Surrey,Elementary Public School
Brighouse Junior Kindergarten,49.161409,-123.133862,254.0,"8151 Bennett Rd, Richmond, BC",Richmond,Daycare
Brighouse Junior Kindergarten Corporation,49.161409,-123.133862,286.0,"8151 Bennett Road, Richmond, BC",Richmond,Daycare
Brighouse ymca Kids Club,49.166987,-123.150441,289.0,"6800 Azure Rd, Richmond, BC",Richmond,Daycare
Bright Angels Children's Centre Ii,49.177182,-122.637094,195.0,"21176 Yeoman's Cres, Langley, BC",Langley,Daycare
Bright Angels Childrens Centre,49.162983,-122.828442,119.0,"14219 88Th Ave, Surrey, BC",Surrey,Daycare
Bright Beginnings,49.780409,-126.049861,143.0,"56-500 Muchalat Pl, Gold River, BC",Gold River,Daycare
Bright Beginnings,50.229946,-119.285134,200.0,"8703 Lakeview Dr, Coldstream, BC",Coldstream,Daycare
Bright Beginnings Childcare,49.215761,-122.561388,343.0,"23850 117B Ave, Maple Ridge, BC",Maple Ridge,Daycare
Bright Beginnings Childcare Center,49.172929,-122.8554,208.0,"9368 132A St, Surrey, BC",Surrey,Daycare
Bright Beginnings Early Childhood Centre,49.191442,-123.957578,220.0,"22 Cortez Place, Nanaimo, BC",Nanaimo,Daycare
Bright Beginnings Fine Arts Preschool Ltd,49.214824,-122.98728,231.0,"201-5262 Rumble St, Burnaby, BC",Burnaby,Daycare
Bright Beginnings Infant / Child Care,49.249328,-122.854933,261.0,"1393 Austin Ave, Coquitlam, BC",Coquitlam,Daycare
Bright Beginnings Learning Centre,50.726918,-120.365898,185.0,"2006 Stagecoach Dr, Kamloops, BC",Kamloops,Daycare
Bright Beginnings With Sophia,50.105391,-120.772109,222.0,"1875 Menzies St, Merritt, BC",Merritt,Daycare
Bright Butterfly Child Care Centre Ltd,49.223606,-122.689661,129.0,"12149 Harris Rd, Pitt Meadows, BC",Pitt Meadows,Daycare
Bright Cross Learning Center,49.198964,-122.844033,239.0,"13639 108 Ave, Surrey, BC",Surrey,Daycare
Bright Dawn Licensed Family Child Care,49.058257,-122.482204,177.0,"3085 268 St, Aldergrove, BC",Aldergrove,Daycare
Bright Early Learning Academy,49.186547,-121.942533,290.0,"46340 Strathcona Rd, Chilliwack, BC",Chilliwack,Daycare
Bright Eyes Academy Inc,49.086376,-123.084817,125.0,"4629 51 St, Delta, BC",Delta,Daycare
Bright Eyes Academy Inc @ Brooke,49.162953,-122.925088,176.0,"8718 Delwood Dr, Delta, BC",Delta,Daycare
Bright Eyes Academy Inc At Holly,49.087749,-123.052911,129.0,"4669 62 St, Delta, BC",Delta,Daycare
Bright Future Childcare Ltd,49.270877,-122.764037,180.0,"1784 Prairie Ave, Port Coquitlam, BC",Port Coquitlam,Daycare
Bright Future Family Childcare,49.225784,-123.099923,198.0,"6497 Sophia St, Vancouver, BC",Vancouver,Daycare
Bright Horizons,48.79508,-123.743087,209.0,"6181 Drombeg Pl, Duncan, BC",Duncan,Daycare
Bright Horizons Childcare,49.132213,-122.802703,158.0,"7117 151A St, Surrey, BC",Surrey,Daycare
Bright Horizons Children’S Early Learning Center,49.036438,-123.069825,141.0,"5-1835 56 St, Delta, BC",Delta,Daycare
Bright Kids Early Learning Center - Rekis,49.144885,-123.156571,261.0,"6211 Rekis Ave, Richmond, BC",Richmond,Daycare
Bright Life Childcare Ltd,49.06181,-122.333264,205.0,"32177 Austin Ave, Abbotsford, BC",Abbotsford,Daycare
Bright Light Learning Centre,49.155196,-122.834927,180.0,"8383 140 St, Surrey, BC",Surrey,Daycare
Bright Lights Child Care Center,50.045283,-119.397288,267.0,"11220 Reiswig Rd, Lake Country, BC",Lake Country,Daycare
Bright Minds,49.252558,-123.109086,224.0,"174 20Th Ave W, Vancouver, BC",Vancouver,Daycare
Bright Minds Learn-In Centre,49.158666,-122.789916,280.0,"8570 156 St, Surrey, BC",Surrey,Daycare
Bright New Minds Child Care Society,50.510252,-116.032873,183.0,"320 10Th Ave, Invermere, BC",Invermere,Daycare
Bright New Minds Early Learning Centre,50.010869,-125.247042,261.0,"F-191 Dogwood St, Campbell River, BC",Campbell River,Daycare
Bright Owlets Childcare & Learning Centre,49.230874,-123.098932,148.0,"320 43Rd Ave E, Vancouver, BC",Vancouver,Daycare
Bright Owlets Childcare And Learning Centre 2,49.231098,-123.098892,128.0,"322 E 43Rd Ave, Vancouver, BC",Vancouver,Daycare
Bright Owlets Childcare And Learning Centre 3,49.234979,-123.085138,148.0,"985 E 39Th Ave, Vancouver, BC",Vancouver,Daycare
Bright Rainbow Child Care,49.115873,-122.845628,227.0,"B & C - 6225 136Th St, Surrey, BC",Surrey,Daycare
Bright Rainbow Child Care,49.116063,-122.845634,200.0,"Unit Acd - 6235 136Th St, Surrey, BC",Surrey,Daycare
Bright Star Montessori School - Qualicum Beach,49.344497,-124.443331,176.0,"744 Primrose St, Qualicum Beach, BC",Qualicum Beach,Daycare
Bright Star Montessori School Inc,49.215099,-122.999828,185.0,"7591 Gray Ave, Burnaby, BC",Burnaby,Daycare
Bright Star Montessori School Parksville,49.314303,-124.311162,231.0,"330 Craig St, Parksville, BC",Parksville,Daycare
Bright Star Multiage Child Day Care,49.135452,-122.67062,139.0,"19918 73A Ave, Langley, BC",Langley,Daycare
Bright Stars Childcare,49.151707,-122.767991,184.0,"16390 82 Ave, Surrey, BC",Surrey,Daycare
Bright Stars Daycare,49.143445,-122.878831,148.0,"7726 124 St, Surrey, BC",Surrey,Daycare
Bright Zone Childcare,49.034082,-122.254241,211.0,"1730 Everett Rd, Abbotsford, BC",Abbotsford,Daycare
Brighter Beginnings Childcare,49.485521,-119.586852,117.0,"1203 Main St, Penticton, BC",Penticton,Daycare
Brighter Minds Childcare Centre Ltd.,49.130673,-122.829073,117.0,"7035 142Nd St, Surrey, BC",Surrey,Daycare
Brightlights At The Stage,49.203335,-122.9113,177.0,"230-50 Lorne St, New Westminster, BC",New Westminster,Daycare
Brightpath Clayton Hills,49.134108,-122.691135,254.0,"7239 192 St, Surrey, BC",Surrey,Daycare
Brightpath Lawrence Avenue,49.885588,-119.468571,242.0,"1370 Lawrence Ave, Kelowna, BC",Kelowna,Daycare
Brightpath Maple Ridge,49.220912,-122.623077,311.0,"21593 Dewdney Trunk Rd, Maple Ridge, BC",Maple Ridge,Daycare
Brightpath Maple Ridge Meadows,49.21945,-122.647834,107.0,"11918 207Th St, Maple Ridge, BC",Maple Ridge,Daycare
Brightpath Port Coquitlam North,49.277514,-122.780866,93.0,"3610 Hastings St, Port Coquitlam, BC",Port Coquitlam,Daycare
Brightpath St Johns Kids Zone,49.276752,-122.851503,216.0,"2740 St. Johns St, Port Moody, BC",Port Moody,Daycare
Brightpath St Johns Street,49.276751,-122.85129,150.0,"2750 St. Johns St, Port Moody, BC",Port Moody,Daycare
Brightpath West Kelowna,49.830582,-119.628919,149.0,"3660 Brown Rd, Westbank, BC",Westbank,Daycare
Brightstart Children's Academy,49.121018,-122.734513,177.0,"101-17610 65A Ave, Surrey, BC",Surrey,Daycare
Brightstart Children's Academy Ltd,49.259247,-122.95539,226.0,"2830 Bainbridge Ave, Burnaby, BC",Burnaby,Daycare
Brightstart Children's Academy Ltd,49.264215,-122.746741,164.0,"1141 Riverwood Gate, Port Coquitlam, BC",Port Coquitlam,Daycare
Brightstart Children's Academy Ltd,49.3001,-122.800542,259.0,"1450 Johnson St, Coquitlam, BC",Coquitlam,Daycare
Brilliant Butterflies Children's Learning Centre,49.160559,-122.899668,155.0,"11655 86 Ave, Delta, BC",Delta,Daycare
Brilliant Family Daycare,49.043583,-122.333822,296.0,"32118 Dormick Ave, Abbotsford, BC",Abbotsford,Daycare
Brilliant Kids Montessori Childcare Centre,49.177102,-122.898249,263.0,"11706 96Th Ave, Delta, BC",Delta,Daycare
Brilliant Stars Family Child Care,49.265403,-123.045845,171.0,"2856 5Th Ave E, Vancouver, BC",Vancouver,Daycare
Britannia Community Elementary,49.274387,-123.0712022,245.0,"1110 Cotton Dr, Vancouver, BC",Vancouver,Elementary Public School
Britannia Community Secondary,49.2748678,-123.0722701,1075.0,"1001 Cotton Dr, Vancouver, BC",Vancouver,Secondary Public School
British Columbia Christian Academy,49.2800889,-122.7438336,,"1019 Fernwood Ave, Port Coquitlam, BC",Port Coquitlam,Elementary-Secondary Independent School
British Hills Montessori Daycare,49.323941,-123.081357,160.0,"361 17Th St W, North Vancouver, BC",North Vancouver,Daycare
Britters’ Critters Daycare,48.737317,-123.671025,161.0,"4661 Wilson Rd, Duncan, BC",Duncan,Daycare
Broadway Bilingual Daycare,49.261439,-122.96636,174.0,"6644 Broadway, Burnaby, BC",Burnaby,Daycare
Broadway Childcare Centre,49.1614,-121.935564,244.0,"8781 Broadway, Chilliwack, BC",Chilliwack,Daycare
Brock Junction After School Program,49.241543,-123.10038,223.0,"4860 Main St, Vancouver, BC",Vancouver,Daycare
Brock Kids Care,50.707307,-120.394644,185.0,"1080 Oxford St, Kamloops, BC",Kamloops,Daycare
Brocklehurst Neighbourhood Club,50.704451,-120.39801,186.0,"950 Southill St, Kamloops, BC",Kamloops,Daycare
Brocklehurst Secondary School,50.7052461,-120.4039642,850.0,"985 Windbreak St, Kamloops, BC",Kamloops,Secondary Public School
Brockton Preparatory School,49.3404874,-123.0242371,,"3467 Duval Rd, North Vancouver, BC",North Vancouver,Elementary-Secondary Independent School
Brockton School Junior Kindergarten,49.340487,-123.024237,269.0,"3467 Duval Rd, North Vancouver, BC",North Vancouver,Daycare
Brooke Elementary,49.1628345,-122.9249892,440.0,"8718 Delwood Dr, Delta, BC",Delta,Elementary Public School
Brookes Westshore,48.439983,-123.4738543,,"1939 Sooke Rd, Victoria, BC",Victoria,Elementary Independent School
Brooklyn Elementary,49.6873994,-124.9054213,365.0,"1290 Guthrie Rd, Comox, BC",Comox,Elementary Public School
Brooks Secondary,49.8629404,-124.5420271,800.0,"5400 Marine Ave, Powell River, BC",Powell River,Elementary Public School
Brooksbank Elementary,49.3196311,-123.0460443,415.0,"980 13th St E, North Vancouver, BC",North Vancouver,Elementary Public School
Brookside Elementary,49.158178,-122.8275544,515.0,"8555 142a St, Surrey, BC",Surrey,Elementary Public School
Brookswood Kids Place Inc.,49.074005,-122.659743,191.0,"20390 40Th Ave, Langley, BC",Langley,Daycare
Brookswood Secondary,49.0702117,-122.6445411,1175.0,"20902 37a Ave, Langley, BC",Langley,Secondary Public School
Brookwood Family Child Care,49.220815,-124.010417,152.0,"5676 Brookwood Dr, Nanaimo, BC",Nanaimo,Daycare
Brown Bear Family Daycare,49.292474,-123.140713,95.0,"101 2035 Barclay St, Vancouver, BC",Vancouver,Daycare
Browne Bears,50.3078,-119.235045,265.0,"6817 Bryden Rd, Vernon, BC",Vernon,Daycare
Bubblegum Tree Daycare,48.658157,-123.406307,212.0,"2260 Amherst Ave, Sidney, BC",Sidney,Daycare
Bubbles And Dreams Family Daycare,49.219537,-122.57134,192.0,"11982 Meadowlark Dr, Maple Ridge, BC",Maple Ridge,Daycare
Bubby's Early Learning Childcare,48.435826,-123.320121,206.0,"2060 Haultain St, Victoria, BC",Victoria,Daycare
Bubby's Early Learning Childcare,48.657382,-123.400045,173.0,"2410 Malaview Ave, Sidney, BC",Sidney,Daycare
Buckhorn Elementary,53.7943137,-122.6521563,195.0,"5190 Buckhorn Lake Rd, Prince George, BC",Prince George,Elementary Public School
Buckingham Elementary,49.2335444,-122.9553178,195.0,"6066 Buckingham Ave, Burnaby, BC",Burnaby,Elementary Public School
Buckingham Tots Child Care Center,49.229403,-122.957481,168.0,"7461 Stanley St, Burnaby, BC",Burnaby,Daycare
Buddies On 7Th,49.694222,-115.986222,211.0,"469 7Th Ave, Kimberley, BC",Kimberley,Daycare
Buena Vista Montessori,49.024038,-122.788359,329.0,"15663 Buena Vista Ave, White Rock, BC",White Rock,Daycare
"Bug ""A"" Boo Family Daycare",49.111289,-122.721578,247.0,"18078 60 Ave, Surrey, BC",Surrey,Daycare
Buick Creek Elementary,56.7595413,-121.274007,50.0,"PO Box 3060, Buick, BC",Buick,Elementary Public School
Building Block Daycare,49.253289,-122.981452,186.0,"3430 Douglas Rd, Burnaby, BC",Burnaby,Daycare
Building Blocks,49.268168,-122.786442,153.0,"2621 Davies Ave, Port Coquitlam, BC",Port Coquitlam,Daycare
Building Blocks Child Care,50.005219,-114.935182,169.0,"10805 14 St, Dawson Creek, BC",Dawson Creek,Daycare
Building Blocks Childcare,50.705751,-120.361878,214.0,"1127 Belmont Cres, Kamloops, BC",Kamloops,Daycare
Building Blocks Childcare,53.926379,-122.808308,219.0,"261 Bellos St, Prince George, BC",Prince George,Daycare
Building Blocks Daycare,49.057462,-122.253538,268.0,"3071 Mccrae St, Abbotsford, BC",Abbotsford,Daycare
Building Blocks Family Child Care,49.159176,-122.313063,120.0,"32927 Phelps Ave, Mission, BC",Mission,Daycare
Building Blocks Learning Centre,49.166983,-122.633662,163.0,"9060 212Th St, Langley, BC",Langley,Daycare
Bulkley Valley Christian Online School,54.7776464,-127.1557904,,"PO Box 3635, Smithers, BC",Smithers,Elementary-Secondary Independent School
Bulkley Valley Christian School,54.7776464,-127.1557904,,"PO Box 3635, Smithers, BC",Smithers,Elementary-Secondary Independent School
Bulkley Valley Christian School - Preschool,54.777828,-127.155923,73.0,"3575 14Th Ave, Smithers, BC",Smithers,Daycare
Bulkley Valley Education Connection,54.7890535,-127.181317,,"PO Box 758, Smithers, BC",Smithers,Elementary-Secondary Public School
Bulkley Valley Learning Centre,54.7830036,-127.173868,,"PO Box 849, Smithers, BC",Smithers,Elementary Public School
Bulkley Valley Little Horizons 2,54.787725,-127.171058,309.0,"4092 Mountainview Dr, Smithers, BC",Smithers,Daycare
Bumble And Bean Daycare,50.763055,-120.351025,279.0,"3125 Serle Ct, Kamloops, BC",Kamloops,Daycare
Bumble And Bean Daycare And Out-Of-School Program,50.751018,-120.353541,124.0,"779 Franklin Rd, Kamloops, BC",Kamloops,Daycare
Bumble And Bean Out Of School Program,50.773889,-120.341316,268.0,"3550 Westsyde Rd, Kamloops, BC",Kamloops,Daycare
Bumble And Bean Out-Of-School Program,50.770954,-120.34136,314.0,"3255 Overlander Dr, Kamloops, BC",Kamloops,Daycare
Bumble And Bean Out-Of-School Program-Dt,50.669377,-120.315101,131.0,"1051 Pine Spring Road, Kamloops, BC",Kamloops,Daycare
Bumble Bear Childcare,49.307092,-122.789372,213.0,"3093 Mulberry Pl, Coquitlam, BC",Coquitlam,Daycare
Bumble Bear Daycare,49.265902,-123.15807,228.0,"2305 7Th Ave W, Vancouver, BC",Vancouver,Daycare
Bumble Bee Family Child Care,49.704545,-123.123202,236.0,"38246 Myrtlewood Cres, Squamish, BC",Squamish,Daycare
Bumble Bees & Butterflies Childcare,54.532061,-128.603486,132.0,"4008 Best St, Terrace, BC",Terrace,Daycare
Bumble Berry Daycare,49.643607,-124.935253,198.0,"3830 Hayward Ave, Royston, BC",Royston,Daycare
Bumble Jungle Daycare,49.101342,-121.986214,254.0,"44739 Vandell Dr, Chilliwack, BC",Chilliwack,Daycare
Bumby's Family Childcare,53.993653,-122.805425,266.0,"4682 Heather Rd, Prince George, BC",Prince George,Daycare
Bungalow Buddies Daycare,49.106047,-122.8125,172.0,"5683 148 St, Surrey, BC",Surrey,Daycare
Bunny's Childcare,49.245073,-122.862973,151.0,"1060 Rochester Ave, Coquitlam, BC",Coquitlam,Daycare
Burke Mountain Preschool,49.297552,-122.756323,185.0,"1386 Coast Meridian Rd, Coquitlam, BC",Coquitlam,Daycare
Burke Village Academy,49.287187,-122.739926,278.0,"3516 Forst Ave, Coquitlam, BC",Coquitlam,Daycare
Burnaby Central Secondary,49.2431407,-122.9762078,1300.0,"6011 Deer Lake Parkway, Burnaby, BC",Burnaby,Elementary-Secondary Public School
Burnaby Continuing Education,49.2488564,-122.9869878,,"751 Hammarskjold Dr, Burnaby, BC",Burnaby,Secondary Public School
Burnaby French Language Playschool,49.229781,-122.991466,173.0,"6060 Marlborough Ave, Burnaby, BC",Burnaby,Daycare
Burnaby Lake Childcare,49.269878,-123.000462,107.0,"4578 Brentlawn Dr, Burnaby, BC",Burnaby,Daycare
Burnaby Lakeview Daycare,49.220008,-122.964386,107.0,"7020 Sperling Ave, Burnaby, BC",Burnaby,Daycare
Burnaby Lakeview Early Learning Centre,49.230167,-122.94567,238.0,"7777 Mayfield St, Burnaby, BC",Burnaby,Daycare
Burnaby Montessori School,49.2493266,-122.9754613,,"5489 Kingsway, Burnaby, BC",Burnaby,Elementary Independent School
Burnaby Montessori School Ltd,49.223601,-122.984373,171.0,"5489 Kingsway, Burnaby, BC",Burnaby,Daycare
Burnaby Mountain Secondary,49.2544882,-122.9109203,1500.0,"8800 Eastlake Dr, Burnaby, BC",Burnaby,Secondary Public School
Burnaby North Secondary,49.2773396,-122.9728097,1800.0,"751 Hammarskjold Dr, Burnaby, BC",Burnaby,Secondary Public School
Burnaby Online Program,49.2326263,-122.9144622,,"751 Hammarskjold Dr, Burnaby, BC",Burnaby,Elementary-Secondary Public School
Burnaby South Secondary,49.2164628,-122.9847663,1650.0,"5455 Rumble St, Burnaby, BC",Burnaby,Secondary Public School
Burnaby Youth Hub Secondary Program,49.2218881,-122.9966681,,"4750 Imperial St, Burnaby, BC",Burnaby,Elementary Public School
Burnside Child Care Centre,48.444176,-123.378487,182.0,"471 Cecelia Rd, Victoria, BC",Victoria,Daycare
Burnsview Secondary,49.1409754,-122.9114292,700.0,"7658 112 St, Delta, BC",Delta,Secondary Public School
Burquitlam Childcare,49.259382,-122.895434,48.0,"9847 Lyndhurst St, Burnaby, BC",Burnaby,Daycare
Burton Elementary,49.9930662,-117.8715219,70.0,"PO Box 3, Burton, BC",Burton,Elementary Public School
Busy B's Clubhouse,53.850867,-122.822581,143.0,"4637 Highway 16 W, Prince George, BC",Prince George,Daycare
Busy B's Daycare,49.129736,-122.679858,180.0,"6987 196 St, Surrey, BC",Surrey,Daycare
Busy Bear Club Preschool The,49.05652,-122.193287,247.0,"37290 Kilgard, Abbotsford, BC",Abbotsford,Daycare
Busy Beavers Children Centre Corp,49.152782,-122.85154,219.0,"8253 134 St, Surrey, BC",Surrey,Daycare
Busy Bee Child Care Centre,49.66837,-125.02981,251.0,"4333 Marsden Rd, Courtenay, BC",Courtenay,Daycare
Busy Bee Family Child Care Centre,49.135355,-123.154781,207.0,"10760 Housman St, Richmond, BC",Richmond,Daycare
Busy Bee Montessori Children's House,49.232569,-123.001184,152.0,"5749 Elsom Ave, Burnaby, BC",Burnaby,Daycare
Busy Bee's Family Childcare,48.786755,-123.715936,142.0,"1039 Nagle St, Duncan, BC",Duncan,Daycare
Busy Bees Child Care,49.281594,-122.813599,174.0,"1159 Eagleridge Dr, Coquitlam, BC",Coquitlam,Daycare
Busy Bees In-Home Multi-Age Childcare,49.727986,-123.154525,160.0,"1005 Aspen Rd, Squamish, BC",Squamish,Daycare
Busy Bees Learning Centre Ltd,49.325707,-123.119282,221.0,"1787 Garden Ave, North Vancouver, BC",North Vancouver,Daycare
Busy Beez,48.9867,-123.81894,215.0,"511 Methuen St, Ladysmith, BC",Ladysmith,Daycare
Busy Bird Child Care,49.221352,-123.031354,248.0,"6869 Toderick St, Vancouver, BC",Vancouver,Daycare
Busy Bugs Child Care Centre,48.45136,-123.38199,212.0,"3281 Harriet Rd, Victoria, BC",Victoria,Daycare
Busy Crocodile Clarke,49.277492,-122.85991,111.0,"2325 Clarke St, Port Moody, BC",Port Moody,Daycare
Busy Crocodile French Immersion Children Centre Inc.,49.276368,-122.855485,99.0,"2511 St Johns St, Port Moody, BC",Port Moody,Daycare
Busy Little Bees Daycare,49.186959,-122.788703,150.0,"10147 156A St, Surrey, BC",Surrey,Daycare
Buttercups,49.005409,-122.743438,164.0,"17312 2 Ave, Surrey, BC",Surrey,Daycare
Butterfly Early Learning Center,49.288505,-122.841224,194.0,"511 San Remo Dr, Port Moody, BC",Port Moody,Daycare
Butterfly Family Child Care,49.272868,-123.120919,234.0,"514 1267 Marinaside Cres, Vancouver, BC",Vancouver,Daycare
Butterfly Kisses,49.889694,-119.371978,126.0,"770 Stearns Rd, Kelowna, BC",Kelowna,Daycare
Butterfly Progressive Montessori Preschool,49.159574,-123.164874,190.0,"7360 Lombard Rd, Richmond, BC",Richmond,Daycare
Butterfly Wings Day Care Inc.,49.127887,-122.825825,223.0,"14305 68B Ave, Surrey, BC",Surrey,Daycare
Buttons 'N Bows Childcare Inc.,49.088594,-122.664683,93.0,"20190 48 Ave, Langley, BC",Langley,Daycare
Buzzy Bee Child Care,48.412221,-123.497147,213.0,"447 Regency Pl, Victoria, BC",Victoria,Daycare
Bw Childcare,49.212279,-122.939584,208.0,"936 Thirteenth St, New Westminster, BC",New Westminster,Daycare
Bx Elementary School,50.289374,-119.222974,263.0,"5849 Silver Star Rd, Vernon, BC",Vernon,Daycare
Byng ymca Kids Club,49.130864,-123.183474,50.0,"3711 Georgia St, Richmond, BC",Richmond,Daycare
Byrne Creek Community Secondary,49.2081181,-122.9510563,1200.0,"7777 18th St, Burnaby, BC",Burnaby,Secondary Public School
C&S Child Care,49.087464,-123.053169,112.0,"4625 62Nd St, Delta, BC",Delta,Daycare
C.J.'S School Age Fun Daycare,49.225944,-122.954095,260.0,"7429 Imperial St, Burnaby, BC",Burnaby,Daycare
C.M. Finch Elementary,56.2545336,-120.8582245,270.0,"10904 106 St, Fort St John, BC",Fort St John,Elementary Public School
CHEK-ABC,49.5058353,-117.268061,,"570 Johnstone Rd, Nelson, BC",Nelson,Elementary-Secondary Independent School
Cabe Secondary,49.2567128,-122.8547773,200.0,"1411 Foster Ave, Coquitlam, BC",Coquitlam,Elementary Public School
Cablecar Childcare,54.091572,-128.62404,167.0,"131 Sturgeon St, Kitimat, BC",Kitimat,Daycare
Caboose Club,48.527419,-123.370056,245.0,"5238 Cordova Bay Rd, Victoria, BC",Victoria,Daycare
Cache Creek Elementary,50.8100562,-121.3270365,220.0,"PO Box 128, Cache Creek, BC",Cache Creek,Elementary Public School
Cailey Anne's Child Care,49.102394,-121.934799,263.0,"5471 Alpine Cres, Chilliwack, BC",Chilliwack,Daycare
Caledonia Early Care And Learning Centre,53.903804,-122.783626,171.0,"3330 22Nd Avenue, Prince George, BC",Prince George,Daycare
Caledonia Secondary,54.5251628,-128.6078983,550.0,"3605 Munroe St, Terrace, BC",Terrace,Secondary Public School
Calverhall Child Care,49.314873,-123.049082,176.0,"844 Calverhall St, North Vancouver, BC",North Vancouver,Daycare
Calypso Montessori School Bc Ltd.,49.262773,-123.095934,212.0,"2474 Prince Edward St, Vancouver, BC",Vancouver,Daycare
Cambie Community Centre Out Of School,49.183465,-123.086655,187.0,"12360 Cambie Rd, Richmond, BC",Richmond,Daycare
Cambie Community Centre Out Of School,49.184488,-123.082317,180.0,"12800 Cambie Rd, Richmond, BC",Richmond,Daycare
Cambie Montessori Children Centre,49.253506,-123.115317,143.0,"3535 Cambie St, Vancouver, BC",Vancouver,Daycare
Cambie Secondary,49.1835014,-123.0813314,1125.0,"4151 Jacombs Rd, Richmond, BC",Richmond,Secondary Public School
Cambridge Elementary,49.1137639,-122.8068464,530.0,"6115 150 St, Surrey, BC",Surrey,Elementary Public School
Cambridge Learning Centre,49.032201,-122.845172,115.0,"1650 136Th St, Surrey, BC",Surrey,Daycare
Cambridge Learning Centre @ Hyland Elementary,49.123715,-122.834671,117.0,"6677 140 St, Surrey, BC",Surrey,Daycare
Cambridge Learning Centre Inc,49.113978,-122.742601,287.0,"17285 61A Ave, Surrey, BC",Surrey,Daycare
Cambridge Learning Centre Inc,49.157327,-122.809731,165.0,"14898 Spencer Dr, Surrey, BC",Surrey,Daycare
Cambridge Montessori Children's Centre,49.219161,-122.913372,256.0,"57 7Th Ave, New Westminster, BC",New Westminster,Daycare
Cambridge Montessori Children's House,49.244939,-122.979322,249.0,"4415 Fitzgerald Ave, Burnaby, BC",Burnaby,Daycare
Cambridge Preschool Before & After School Care @ Mj Norris,49.123724,-122.864265,143.0,"12928 66A St, Surrey, BC",Surrey,Daycare
Cambridge ymca Kids Club,49.113764,-122.806846,136.0,"6115 150Th St., Surrey, BC",Surrey,Daycare
Cameron Children's Centre,49.253094,-122.894199,176.0,"9838 Cameron St, Burnaby, BC",Burnaby,Daycare
Cameron Elementary,49.2516348,-122.8996956,345.0,"9540 Erickson Dr, Burnaby, BC",Burnaby,Elementary Public School
Cameron ymca Kids Club,49.251635,-122.899696,205.0,"9540 Erickson Dr, Burnaby, BC",Burnaby,Daycare
Camosun College Child Care Services - Interurban,48.491032,-123.416365,222.0,"4461 Interurban Rd, Victoria, BC",Victoria,Daycare
Camosun College Child Care Services - Lansdowne,48.448484,-123.325345,206.0,"3211 Richmond Rd, Victoria, BC",Victoria,Daycare
Camp Ridgeview,49.33723,-123.150693,235.0,"1250 Mathers Ave, West Vancouver, BC",West Vancouver,Daycare
Campbell River Christian School,50.0024794,-125.2481571,,"250 South Dogwood St, Campbell River, BC",Campbell River,Elementary-Secondary Independent School
Campus Kids Daycare,55.746978,-120.224682,291.0,"11401 8 St, Dawson Creek, BC",Dawson Creek,Daycare
Campus View Child Care Society,48.465909,-123.322099,102.0,"3900 Gordon Head Rd, Victoria, BC",Victoria,Daycare
Campus View Elementary,48.4659061,-123.3221174,440.0,"3900 Gordon Head Rd, Victoria, BC",Victoria,Elementary Public School
Canada Royal Arts High School,49.2640281,-123.1237164,,"896 8th Ave W, Vancouver, BC",Vancouver,Secondary Independent School
Canada Star Secondary School,49.1860958,-123.0986689,,"11295 Mellis Dr, Richmond, BC",Richmond,Secondary Independent School
Canalta Elementary,55.7499322,-120.2582091,220.0,"1901 110 Ave, Dawson Creek, BC",Dawson Creek,Elementary Public School
Candace's Family Child Care,49.304892,-124.429462,263.0,"2400 Alberni Hwy, Coombs, BC",Coombs,Daycare
Candy's Kiddie Korner,53.856339,-122.762399,257.0,"7652 Moncton Cres, Prince George, BC",Prince George,Daycare
Canoe Kids Adventure Club,50.746833,-119.229129,187.0,"6451 50Th St Ne, Canoe, BC",Canoe,Daycare
Canstone Ackroyd Daycare,49.171051,-123.128222,152.0,"8600 Ackroyd Rd, Richmond, BC",Richmond,Daycare
Canyon Falls Middle School,49.8043874,-119.4675803,750.0,"1211 Frost Rd, Kelowna, BC",Kelowna,Middle School Public School
Canyon Heights Elementary,49.3527804,-123.0964137,390.0,"4501 Highland Blvd, North Vancouver, BC",North Vancouver,Elementary Public School
Canyon Springs Daycare,49.289667,-122.800981,247.0,"1277 Johnson St, Coquitlam, BC",Coquitlam,Daycare
Canyon Springs Montessori,49.2899278,-122.8009578,,,,Elementary Independent School
Canyon Springs Montessori Academy,49.245582,-122.709469,227.0,"18477 Old Dewdney Trunk Rd, Pitt Meadows, BC",Pitt Meadows,Daycare
Canyon Springs Montessori School & Childcare Centre,49.289928,-122.800965,172.0,"2910 Walton Ave, Coquitlam, BC",Coquitlam,Daycare
Canyon/Lister Elementary,49.0815901,-116.4505618,195.0,"4575 Canyon-Lister Road, Canyon, BC",Canyon,Elementary Public School
Capable Kids Preschool,49.860973,-119.351163,184.0,"2151 Verde Vista Rd, Kelowna, BC",Kelowna,Daycare
Cape Horn Elementary,49.2347327,-122.8354497,220.0,"155 Finnigan St, Coquitlam, BC",Coquitlam,Elementary Public School
Capilano Elementary,49.328179,-123.1090028,515.0,"1230 20th St W, North Vancouver, BC",North Vancouver,Elementary Public School
Capitol Hill Children's Centre,49.282516,-122.980228,238.0,"5750 Pandora St, Burnaby, BC",Burnaby,Daycare
Capitol Hill Elementary,49.2814645,-122.9795362,490.0,"350s Holdom Ave, Burnaby, BC",Burnaby,Elementary Public School
Capitol Hill ymca Kids Club,49.281465,-122.979536,199.0,"350 Holdom Ave, Burnaby, BC",Burnaby,Daycare
Captain Alpha Childcare,49.234835,-123.082154,202.0,"5490 Ross St, Vancouver, BC",Vancouver,Daycare
Captain Alpha Childcare,49.275358,-123.008023,224.0,"4304 Parker St, Burnaby, BC",Burnaby,Daycare
Captain James Cook Elementary,49.2193505,-123.0362693,495.0,"3340 54th Ave E, Vancouver, BC",Vancouver,Elementary Public School
Captain Meares Elem-Secondary,49.9260872,-126.6530697,470.0,"PO Box 70, Tahsis, BC",Tahsis,Elementary-Secondary Public School
Care & Love Family Child Care,49.227815,-124.012079,322.0,"5485 Altavista Dr, Nanaimo, BC",Nanaimo,Daycare
Care And Fun Childcare,49.063413,-122.341144,90.0,"31883 Mayne Ave, Abbotsford, BC",Abbotsford,Daycare
Care And Fun Childcare Centre 1,49.047202,-122.325507,156.0,"2485 Sugarpine St, Abbotsford, BC",Abbotsford,Daycare
Care Bear's Family Child Care,48.436321,-123.496285,25.0,"646 B Kelly Rd, Victoria, BC",Victoria,Daycare
Care Kiddie Family Child Care,48.797713,-123.722911,301.0,"6296 Fairview Way, Duncan, BC",Duncan,Daycare
Carebears Child Care,49.195677,-124.005597,219.0,"2325A Rosstown Rd, Nanaimo, BC",Nanaimo,Daycare
Career Technical Centre,49.1844741,-123.9651027,,"C/O Woodlands Secondary Room 109, Nanaimo, BC",Nanaimo,Senior Secondary Public School
Cariboo Adventist Academy,52.1121099,-122.1139006,,"1405 South Lakeside Dr, Williams Lake, BC",Williams Lake,Elementary-Secondary Independent School
Cariboo Chilcotin Child Development Centre,52.139327,-122.150434,268.0,"690 Second Ave N, Williams Lake, BC",Williams Lake,Daycare
Cariboo Child Care,50.671036,-120.373103,82.0,"1274 mcgill Rd, Kamloops, BC",Kamloops,Daycare
Cariboo Clubhouse After School Care & Activity Centre,52.966714,-122.449591,213.0,"2075 Balsam Ave, Quesnel, BC",Quesnel,Daycare
Cariboo Family Enrichment Centre Child Care,51.641914,-121.294264,147.0,"429 Cedar Ave, 100 Mile House, BC",100 Mile House,Daycare
Cariboo Hill Secondary,49.2326263,-122.9144622,1025.0,"8580 16th Ave, Burnaby, BC",Burnaby,Secondary Public School
Cariboo Memorial Recreation Complex,52.131397,-122.138374,227.0,"525 Proctor St, Williams Lake, BC",Williams Lake,Daycare
Caribou Kids Ltd.,50.985452,-118.179113,149.0,"1559 Illecillewaet Rd, Revelstoke, BC",Revelstoke,Daycare
Carihi Secondary,50.0136963,-125.2502465,900.0,"350 Dogwood St, Campbell River, BC",Campbell River,Elementary Public School
Caring Daycare,49.218311,-122.938879,194.0,"7544 14Th Ave, Burnaby, BC",Burnaby,Daycare
Caring Family Child Care,49.23076,-123.069207,128.0,"5889 Commercial St, Vancouver, BC",Vancouver,Daycare
Caring Hearts Child Care,49.249377,-122.778666,230.0,"1805 Aire Cres, Port Coquitlam, BC",Port Coquitlam,Daycare
Caring Hearts Child Care,49.250595,-122.778527,195.0,"1854 Western Dr, Port Coquitlam, BC",Port Coquitlam,Daycare
Caring Hearts Child Care,49.250625,-122.776205,211.0,"1890 Humber Cres, Port Coquitlam, BC",Port Coquitlam,Daycare
Carisbrooke Elementary,49.3420578,-123.062889,395.0,"510 Carisbrooke Rd E, North Vancouver, BC",North Vancouver,Elementary Public School
Carla's Daycare,49.893227,-119.457724,189.0,"1755 Highland Dr N, Kelowna, BC",Kelowna,Daycare
Carlin Elementary Middle,50.821368,-119.3195305,395.0,"4005 Myers Frontage Rd, Tappen, BC",Tappen,Elementary Jr. Secondary Public School
Carnarvon Community Elementary,49.2560332,-123.173618,390.0,"3400 Balaclava St, Vancouver, BC",Vancouver,Elementary Public School
Carnarvon Community Group Child Care,49.256071,-123.173671,294.0,"3350 Balaclava St, Vancouver, BC",Vancouver,Daycare
Carnarvon Community Preschool,49.256071,-123.173671,149.0,"3350 Balaclava St, Vancouver, BC",Vancouver,Daycare
Carnarvon Kids Childcare,48.439166,-123.321338,205.0,"2023 Carnarvon St, Victoria, BC",Victoria,Daycare
Carney Hill Neighbourhood Centre,53.898233,-122.755565,166.0,"2579 Victoria St, Prince George, BC",Prince George,Daycare
Carol's Busy Bee Daycare,49.818212,-124.519925,65.0,"3784 Joyce Ave, Powell River, BC",Powell River,Daycare
Carousel Child Care Centre,48.413397,-123.330135,259.0,"301 Richmond Ave, Victoria, BC",Victoria,Daycare
Carr Group Childcare (School Age Care),49.249871,-123.126073,265.0,"4070 Oak St, Vancouver, BC",Vancouver,Daycare
Carrot Seed Preschool Ltd.,48.517412,-123.377286,126.0,"813 Claremont Ave, Victoria, BC",Victoria,Daycare
Carson Elementary School,52.976171,-122.4771829,170.0,"1255 Graham Ave, Quesnel, BC",Quesnel,Elementary Public School
Carson Graham Secondary,49.3290974,-123.0828477,1100.0,"2145 Jones Ave, North Vancouver, BC",North Vancouver,Secondary Public School
Cartwheels & Crayons Childcare,49.204145,-122.93638,263.0,"1530 Sixth Ave, New Westminster, BC",New Westminster,Daycare
Casa Bambini Family Child Care,49.198341,-124.013594,64.0,"2354 Pheasant Terr, Nanaimo, BC",Nanaimo,Daycare
Casa Mia Childcare,50.672982,-120.326219,229.0,"629 Battle St, Kamloops, BC",Kamloops,Daycare
Cascade Christian School,49.156148,-121.9615374,,"45657 Yale Road, Chilliwack, BC",Chilliwack,Elementary Jr. Secondary Independent School
Cascade Heights Elementary,49.2459117,-123.0214028,515.0,"4343 Smith Ave, Burnaby, BC",Burnaby,Elementary Public School
Casorso Elementary,49.852691,-119.4809706,460.0,"3675 Casorso Rd, Kelowna, BC",Kelowna,Elementary Public School
Cassie Hall Elementary,54.5078702,-128.5973321,300.0,"2620 Eby St, Terrace, BC",Terrace,Elementary Public School
Cassie Hall Elementary Seamless Day K / Just B4 Preschool,54.50787,-128.597332,193.0,"2620 Eby St, Terrace, BC",Terrace,Daycare
Castle Care Daycare,48.694241,-123.56981,272.0,"1032 Braithwaite Dr, Cobble Hill, BC",Cobble Hill,Daycare
Castle Care School Age,48.687355,-123.600951,177.0,"3515 Watson Ave, Cobble Hill, BC",Cobble Hill,Daycare
Castle Childcare Centre,49.17332,-121.961998,178.0,"45619 Princess Ave, Chilliwack, BC",Chilliwack,Daycare
Castle Court Child Care (C.C.C.C),53.858883,-122.762582,120.0,"6877 Simon Fraser Ave, Prince George, BC",Prince George,Daycare
Castle Park Elementary,49.2331869,-122.7841174,390.0,"1144 Confederation Dr, Port Coquitlam, BC",Port Coquitlam,Elementary Public School
Castlegar & District Kids' Club,49.294636,-117.649772,154.0,"2101 6Th Ave, Castlegar, BC",Castlegar,Daycare
Castleview Child Care Centre,48.423331,-123.343216,121.0,"1075 Joan Cres, Victoria, BC",Victoria,Daycare
Cat & Mouse Playhouse,49.902538,-119.381399,232.0,"395 Phipps Cres, Kelowna, BC",Kelowna,Daycare
Cataline Elementary,52.1513672,-122.151738,310.0,"1175 Blair St, Williams Lake, BC",Williams Lake,Elementary Public School
Caterpillar Clubhouse,50.763542,-120.3528,165.0,"889 Serle Rd, Kamloops, BC",Kamloops,Daycare
Caterpillar Fun House # 4,49.133895,-122.802615,227.0,"15151 - 72Nd Ave, Surrey, BC",Surrey,Daycare
Caterpillar Fun House #1,49.182031,-122.889732,203.0,"101-9868 120 St, Surrey, BC",Surrey,Daycare
Caterpillar Fun House #2,49.152604,-122.900665,118.0,"11601 82 Ave, Delta, BC",Delta,Daycare
Caterpillar Fun House #3,49.170196,-122.885694,250.0,"137 12150 92Nd Ave, Surrey, BC",Surrey,Daycare
Caterpillar Fun House #5,49.152599,-122.817404,254.0,"8226 146 St, Surrey, BC",Surrey,Daycare
Caterpillar Montessori Daycare,49.270127,-122.88803,132.0,"599 Chapman Ave, Coquitlam, BC",Coquitlam,Daycare
Caterpillars Childcare Center,54.518833,-128.592341,258.0,"3302 Sparks St, Terrace, BC",Terrace,Daycare
Cathedral School Childcare & Junior Kindergarten,48.483222,-123.320757,303.0,"1806 San Juan Ave, Victoria, BC",Victoria,Daycare
Catherine Family Day Care,49.255252,-123.170345,228.0,"2908 19Th Ave W, Vancouver, BC",Vancouver,Daycare
Cathy's Early Years Center,51.788346,-122.241893,163.0,"977 Esket Dr, Alkali Lake, BC",Alkali Lake,Daycare
Cats Kids,49.258799,-122.78013,130.0,"2236 Kelly Ave, Port Coquitlam, BC",Port Coquitlam,Daycare
Caulfeild Elementary,49.3446928,-123.2511037,470.0,"4685 Keith Rd, West Vancouver, BC",West Vancouver,Elementary Public School
Cavell Group Childcare (School Age),49.252882,-123.117142,232.0,"500 20Th Ave W, Vancouver, BC",Vancouver,Daycare
Cawston Primary School,49.1802175,-119.7617718,195.0,"517 School Rd, Cawston, BC",Cawston,Elementary Public School
Cayoosh Elementary,50.6925348,-121.9393885,325.0,"PO Box 649, Lillooet, BC",Lillooet,Elementary Public School
Cayoosh Elementary School,50.692535,-121.939389,69.0,"351 6 Ave, Lillooet, BC",Lillooet,Daycare
Ccaa Child Care Centre,49.238402,-123.01619,205.0,"5069 Inman Ave, Burnaby, BC",Burnaby,Daycare
Cedar Day Care Centre,48.465013,-123.39666,162.0,"3950 Columbine Way, Victoria, BC",Victoria,Daycare
Cedar Drive Elementary,49.2691945,-122.7398848,290.0,"3150 Cedar Dr, Port Coquitlam, BC",Port Coquitlam,Elementary Public School
Cedar Drive Preschool Society,49.270626,-122.739969,304.0,"3170 Cedar Dr, Port Coquitlam, BC",Port Coquitlam,Daycare
Cedar Early Learning Centre,49.320878,-123.00529,283.0,"1491 Berkley Rd, North Vancouver, BC",North Vancouver,Daycare
Cedar Elementary,49.0951006,-123.8532511,290.0,"2215 Gould Rd W, Nanaimo, BC",Nanaimo,Elementary Public School
Cedar Elementary,50.0122066,-125.2457322,245.0,"261 Cedar St, Campbell River, BC",Campbell River,Elementary Public School
Cedar Elementary,50.012225,-125.245733,172.0,"261 Cedar St, Campbell River, BC",Campbell River,Daycare
Cedar Grove Childcare Centre,49.190475,-122.822825,127.0,"10330 144 St, Surrey, BC",Surrey,Daycare
Cedar Grove Elementary,49.3920649,-123.535832,320.0,"PO Box 1130, Gibsons, BC",Gibsons,Elementary Public School
Cedar Grove Seamless Day Before & After School Care,49.392065,-123.535832,244.0,"1196 Chaster Rd, Gibsons, BC",Gibsons,Daycare
Cedar Hill Middle,48.4663922,-123.3374714,575.0,"3910 Cedar Hill Rd, Victoria, BC",Victoria,Elementary Public School
Cedar Hills Elementary,49.1804976,-122.8797131,540.0,"12370 98 Ave, Surrey, BC",Surrey,Elementary Public School
Cedar Hills Preschool,49.18049,-122.87971,144.0,"Rm 17 12370 98Th Ave, Surrey, BC",Surrey,Daycare
Cedar Hills ymca Kids Club,49.180498,-122.879713,184.0,"12370 98Th Ave., Surrey, BC",Surrey,Daycare
Cedar Mill Childcare,49.335774,-123.048365,288.0,"890 29Th St E, North Vancouver, BC",North Vancouver,Daycare
Cedar Secondary,49.1142994,-123.8644393,425.0,"1640 Macmillan Rd, Nanaimo, BC",Nanaimo,Secondary Public School
Cedar Tree Child Care,49.232759,-124.030764,243.0,"5996 Tweedsmuir Cres, Nanaimo, BC",Nanaimo,Daycare
Cedar Tree Early Learning Center,49.238412,-123.015796,188.0,"5086 Inman Ave, Burnaby, BC",Burnaby,Daycare
Cedarlings,49.110155,-123.850805,237.0,"1745 Woobank Rd, Nanaimo, BC",Nanaimo,Daycare
Cedars Child Care,53.92999,-122.78405,198.0,"600 Preston Rd, Prince George, BC",Prince George,Daycare
Cedars Christian School,53.9300654,-122.783331,,"600 Preston Road, Prince George, BC",Prince George,Elementary-Secondary Independent School
Cedars Christian School Pre-School,53.920905,-122.815619,240.0,"4590 5Th Ave, Prince George, BC",Prince George,Daycare
Cefa (Core Education And Fine Arts),49.182931,-123.981702,221.0,"1815 Bowen Rd, Nanaimo, BC",Nanaimo,Daycare
Cefa - Fleetwood,49.156589,-122.777406,211.0,"1-16050 Fraser Hwy, Surrey, BC",Surrey,Daycare
Cefa - Junior Kindergarten (Surrey Guildford),49.187318,-122.799254,160.0,"101-10172 152A St, Surrey, BC",Surrey,Daycare
Cefa - Langley City Centre,49.116365,-122.665131,194.0,"20121 Willowbrook Dr, Langley, BC",Langley,Daycare
Cefa Captain's Cove,49.112744,-123.071075,260.0,"106-5519 Admiral Way, Delta, BC",Delta,Daycare
Cefa Cloverdale,49.105949,-122.741064,273.0,"201-17392 57 Ave, Surrey, BC",Surrey,Daycare
Cefa Crestwood Junior Kindergarten,49.173261,-123.07047,256.0,"120-13700 International Pl, Richmond, BC",Richmond,Daycare
Cefa Crestwood Junior Kindergarten,49.173265,-123.07048,237.0,"120 13700 International Place, Richmond, BC",Richmond,Daycare
Cefa Crestwood Junior Kindergarten (Commerce Campus),49.176392,-123.072645,164.0,"100-13775 Commerce Pky, Richmond, BC",Richmond,Daycare
Cefa Crestwood Junior Kindergarten (Commerce Campus),49.176392,-123.072645,191.0,"100-13775 Commerce Pky, Richmond, BC",Richmond,Daycare
Cefa Early Learning,48.438312,-123.511383,166.0,"103-3030 Merchant Way, Victoria, BC",Victoria,Daycare
Cefa Early Learning,49.213484,-122.921773,151.0,"243-610 Sixth St, New Westminster, BC",New Westminster,Daycare
Cefa Early Learning - Willowbrook,49.113117,-122.655088,230.0,"20510 Langley Bypass, Langley, BC",Langley,Daycare
Cefa Early Learning Abbotsford – Highstreet,49.057946,-122.378506,273.0,"3122 Mt Lehman Rd, Abbotsford, BC",Abbotsford,Daycare
Cefa Early Learning Brentwood,49.265369,-122.998205,261.0,"Lm100-4664 Lougheed Hwy, Burnaby, BC",Burnaby,Daycare
Cefa Early Learning Jacombs - Group (30 Months To Schoolage),49.189854,-123.081042,195.0,"3351 Jacombs Rd, Richmond, BC",Richmond,Daycare
Cefa Early Learning Jacombs - Group (Under 36 Months),49.189854,-123.081042,244.0,"3351 Jacombs Rd, Richmond, BC",Richmond,Daycare
Cefa Early Learning Spall Road,49.883461,-119.453255,190.0,"3-1745 Spall Rd, Kelowna, BC",Kelowna,Daycare
Cefa Early Learning Surrey - Nordel,49.163507,-122.890053,254.0,"200-8820 120 St, Surrey, BC",Surrey,Daycare
Cefa Early Learning Victoria Douglas,48.448538,-123.372184,216.0,"3233 Douglas St, Victoria, BC",Victoria,Daycare
Cefa Early Learning mckay Ave,49.8668,-119.490197,332.0,"100-590 mckay Ave, Kelowna, BC",Kelowna,Daycare
Cefa Junior Kindergarten - Cambie,49.207373,-123.115766,196.0,"8685 Yukon St, Vancouver, BC",Vancouver,Daycare
Cefa Junior Kindergarten - Cambie,49.207373,-123.115766,266.0,"8685 Yukon St, Vancouver, BC",Vancouver,Daycare
Cefa Lions Gate,49.32645,-123.121835,170.0,"1721 Lions Gate Lane, North Vancouver, BC",North Vancouver,Daycare
Cefa Meadowtown,49.221454,-122.671706,166.0,"115-19800 Lougheed Hwy, Pitt Meadows, BC",Pitt Meadows,Daycare
Cefa Morgan Crossing,49.059797,-122.797274,146.0,"104-15350 Croydon Dr, Surrey, BC",Surrey,Daycare
Cefa Morgan Crossing East Campus,49.059759,-122.796894,201.0,"108-15400 Croydon Dr, Surrey, BC",Surrey,Daycare
Cefa Panorama,49.10123,-122.800527,228.0,"5446 152 St, Surrey, BC",Surrey,Daycare
Cefa Park Royal,49.327534,-123.135815,149.0,"727 Park Royal North, West Vancouver, BC",West Vancouver,Daycare
Cefa Park Royal,49.327534,-123.135815,255.0,"727 Park Royal North, West Vancouver, BC",West Vancouver,Daycare
Cefa South Delta,49.039637,-123.089052,195.0,"202 4890 Canoe Pass Way, Tsawwassen, BC",Tsawwassen,Daycare
Cefa Sullivan Heights,49.107875,-122.835036,111.0,"5790 King George Blvd, Surrey, BC",Surrey,Daycare
Cefa Walnut Grove,49.165438,-122.669962,225.0,"100-19950 88 Ave, Langley, BC",Langley,Daycare
Centennial Christian School,54.5247527,-128.5909181,,"3608 Sparks St, Terrace, BC",Terrace,Elementary-Secondary Independent School
Centennial Christian School - Preschool And Afterschool Care,54.524809,-128.590734,211.0,"3608 Sparks St, Terrace, BC",Terrace,Daycare
Centennial Day Care Centre,48.439029,-123.365614,319.0,"106-740 Hillside Ave, Victoria, BC",Victoria,Daycare
Centennial Park Elementary,49.0479479,-122.3167465,365.0,"2527 Gladwin Rd, Abbotsford, BC",Abbotsford,Elementary Public School
Centennial Secondary,49.2526595,-122.848321,1250.0,"570 Poirier St, Coquitlam, BC",Coquitlam,Secondary Public School
Central City Junior Kindergarten,49.192036,-122.825001,238.0,"101-14333 104 Ave, Surrey, BC",Surrey,Daycare
Central Elementary,49.2555599,-122.7808767,565.0,"2260 Central Ave, Port Coquitlam, BC",Port Coquitlam,Elementary Public School
Central Elementary Seamless Day,49.173614,-121.952952,243.0,"9435 Young Rd, Chilliwack, BC",Chilliwack,Daycare
Central Interior Distance Education,53.8863535,-122.7791727,,"3400 Westwood Dr, Prince George, BC",Prince George,Elementary-Secondary Public School
Central Middle School,48.4239269,-123.3475661,575.0,"1280 Fort St, Victoria, BC",Victoria,Elementary Public School
Central Montessori Child Care - Site B,49.153818,-123.131418,131.0,"8191 St. Albans Rd, Richmond, BC",Richmond,Daycare
Central Montessori Child Care - Site C,49.153818,-123.131418,243.0,"8191 St. Albans Rd, Richmond, BC",Richmond,Daycare
Central School Programs,49.8813048,-119.4868157,,"1825 Richter St, Kelowna, BC",Kelowna,Elementary-Secondary Public School
Central Secondary,49.8813048,-119.4868157,,"1825 Richter St, Kelowna, BC",Kelowna,Senior Secondary Public School
Central Sockeye Preschool,49.173623,-121.952952,218.0,"9435 Young Rd, Chilliwack, BC",Chilliwack,Daycare
Central Station Daycare,50.01679,-125.249121,287.0,"699 Victoria Cres, Campbell River, BC",Campbell River,Daycare
Central Village Childcare Society,49.1727,-121.955488,150.0,"101-9391 College St, Chilliwack, BC",Chilliwack,Daycare
Chaffey-Burke Elementary,49.2341077,-123.0050253,545.0,"4404 Sardis St, Burnaby, BC",Burnaby,Elementary Public School
Chalmers Elementary,49.1403198,-122.9093076,540.0,"11315 75 Ave, Delta, BC",Delta,Elementary Public School
Chalo Child Care Centre,49.049144,-122.32482,310.0,"32462 Hillcrest Ave, Abbotsford, BC",Abbotsford,Daycare
Chalo School,58.7469959,-122.6617954,,"295 Alaska Highway, Fort Nelson, BC",Fort Nelson,Elementary-Secondary Independent School
Champion Kids Learning Centre #2,49.104278,-122.654574,258.0,"20478 Fraser Hwy, Langley, BC",Langley,Daycare
Champion Kids Learning Centre Inc,49.104448,-122.653714,260.0,"20525 Fraser Hwy, Langley, BC",Langley,Daycare
Champions Child Care,49.132243,-122.811976,243.0,"7114 148Th St, Surrey, BC",Surrey,Daycare
Champlain Heights Annex,49.2141139,-123.0306062,120.0,"7835 Champlain Cres, Vancouver, BC",Vancouver,Elementary Public School
Champlain Heights Community Centre Out Of School Care,49.214448,-123.032066,196.0,"3350 Maquinna Dr, Vancouver, BC",Vancouver,Daycare
Champlain Heights Community Centre Preschool,49.214448,-123.032066,113.0,"3350 Maquinna Dr, Vancouver, BC",Vancouver,Daycare
Champlain Heights Community Elementary,49.2203823,-123.0276111,495.0,"6955 Frontenac St, Vancouver, BC",Vancouver,Elementary Public School
Champlain ymca Kids Club,49.220357,-123.027791,228.0,"6955 Frontenac St, Vancouver, BC",Vancouver,Daycare
Chantal's Daycare,49.699414,-124.970684,262.0,"1225 Hobson Ave, Courtenay, BC",Courtenay,Daycare
Chantrell Creek Elementary,49.048737,-122.8425255,390.0,"2575 137 St, Surrey, BC",Surrey,Elementary Public School
Chantrell Creek Out Of School Care Program,49.048737,-122.842526,240.0,"2575 137Th St, Surrey, BC",Surrey,Daycare
Chaoyin Bilingual Academy,49.190178,-123.111458,143.0,"10111 Bird Rd, Richmond, BC",Richmond,Daycare
Chaoyin Bilingual School,49.190178,-123.1114582,,"10111 Bird Rd, Richmond, BC",Richmond,Elementary Independent School
Charito's Family Daycare,49.329243,-123.050106,247.0,"2220 William Ave, North Vancouver, BC",North Vancouver,Daycare
Charlene's Family Child Care,49.112244,-121.974433,223.0,"45173 Oliver Cres, Chilliwack, BC",Chilliwack,Daycare
Charles Bloom Secondary,50.2496767,-118.9644102,525.0,"PO Box 220, Lumby, BC",Lumby,Elementary-Secondary Public School
Charles Dickens Annex,49.2502036,-123.0828633,145.0,"3877 Glen Dr, Vancouver, BC",Vancouver,Elementary Public School
Charles Dickens Elementary,49.2549639,-123.0826876,490.0,"1010 East 17th Ave, Vancouver, BC",Vancouver,Elementary Public School
Charles Hays Secondary,54.3111547,-130.3042523,625.0,"PO Box 520, Prince Rupert, BC",Prince Rupert,Elementary Public School
Charlie Lake Elementary,56.272872,-120.9516078,285.0,"12655 Charlie Lake Frontage Rd, Charlie Lake, BC",Charlie Lake,Elementary Public School
Charlie Lake Elementary Little Lakers Clubhouse,56.272872,-120.951608,186.0,"12655 Charlie Lake Frontage Rd, Charlie Lake, BC",Charlie Lake,Daycare
Charming Child Daycare Center,49.185252,-122.789493,225.0,"10046 156 St, Surrey, BC",Surrey,Daycare
Chartwell Childcare,49.407205,-123.513987,167.0,"659 North Rd, Gibsons, BC",Gibsons,Daycare
Chartwell Childcare,49.407205,-123.513987,214.0,"659 North Rd, Gibsons, BC",Gibsons,Daycare
Chartwell Elementary,49.3468332,-123.1524664,270.0,"1300 Chartwell Dr, West Vancouver, BC",West Vancouver,Elementary Public School
Chartwell Elementary Just B4 Early Childhood Education Progr,49.346833,-123.152466,166.0,"1300 Chartwell Dr, West Vancouver, BC",West Vancouver,Daycare
Chase Elementary-Secondary,50.8155465,-119.6902459,375.0,"PO Box 319, Chase, BC",Chase,Elementary Public School
Chase River Elementary,49.1228738,-123.920097,170.0,"1503 Cranberry Ave, Nanaimo, BC",Nanaimo,Elementary Public School
Chatelech Secondary,49.4724316,-123.7689461,800.0,"PO Box 1430, Sechelt, BC",Sechelt,Elementary Public School
Chatterbugs Daycare,51.002798,-118.204254,173.0,"815 2 St W, Revelstoke, BC",Revelstoke,Daycare
Cheam Elementary,49.1818719,-121.8935178,120.0,"9895 Banford Rd, Chilliwack, BC",Chilliwack,Elementary Public School
Chee In A Tree,49.22357,-123.127266,97.0,"6821 Fremlin St, Vancouver, BC",Vancouver,Daycare
Chee In A Tree Childcare,49.223723,-123.127256,278.0,"938 52Nd Ave W, Vancouver, BC",Vancouver,Daycare
Cheeky Monkey Childcare,49.052295,-122.868781,341.0,"12743 27A Ave, Surrey, BC",Surrey,Daycare
Cheeky Monkey Family Child Care,48.45009,-123.394858,311.0,"3054 Orillia St, Victoria, BC",Victoria,Daycare
Cheeky Monkey's Daycare,52.957078,-122.44219,257.0,"2411 Wong St, Quesnel, BC",Quesnel,Daycare
Cheeky Monkeys,49.241438,-124.044574,271.0,"6425 Dover Rd, Nanaimo, BC",Nanaimo,Daycare
Cheerful Minds Childcare,49.216557,-124.036951,129.0,"5373 Somerset Dr, Nanaimo, BC",Nanaimo,Daycare
Cheerful Tots Daycare,49.230103,-122.593339,297.0,"22713 125A Ave, Maple Ridge, BC",Maple Ridge,Daycare
Cheery Star Daycare Center,49.189847,-122.783153,285.0,"10307 158A St, Surrey, BC",Surrey,Daycare
Chelle's Cove Childcare,49.109858,-122.698112,197.0,"18967 59 Ave, Surrey, BC",Surrey,Daycare
Chemainus Elementary Community School,48.9302698,-123.732499,365.0,"3172 Garner St, Chemainus, BC",Chemainus,Elementary Public School
Chemainus Secondary,48.9282665,-123.7247014,550.0,"9947 Daniel St, Chemainus, BC",Chemainus,Elementary-Secondary Public School
Cherish The Moments Childcare,49.225177,-124.798818,254.0,"2517 9Th Ave, Port Alberni, BC",Port Alberni,Daycare
Cherished Treasures,53.891176,-122.781163,210.0,"143 Fern Cres, Prince George, BC",Prince George,Daycare
Cherry Blossom Childcare,48.416926,-123.379701,239.0,"140 Oswego St, Victoria, BC",Victoria,Daycare
Cherry Blossom Childcare Downtown,48.429202,-123.357984,78.0,"932 Balmoral Road, Victoria, BC",Victoria,Daycare
Cherry Blossom Family Child Care,49.237042,-122.780458,141.0,"1263 Kensington Pl, Port Coquitlam, BC",Port Coquitlam,Daycare
Cherry Blossom Montessori,49.15495,-123.174742,265.0,"4440 Blundell Rd, Richmond, BC",Richmond,Daycare
Cherry Hill Elementary,49.1522696,-122.3224964,390.0,"32557 Best Ave, Mission, BC",Mission,Elementary Public School
Cherry Lane Childcare,48.482076,-123.406643,206.0,"4260 Ponderosa Cres, Victoria, BC",Victoria,Daycare
Cherry Tree Child Care Centre,48.934062,-123.737765,83.0,"10114 View St, Chemainus, BC",Chemainus,Daycare
Cherry's Montessori Daycare,49.256561,-123.086183,131.0,"849 16Th Ave E, Vancouver, BC",Vancouver,Daycare
Cherryville Elementary,50.2438739,-118.6150031,145.0,"108 North Fork Rd, Cherryville, BC",Cherryville,Elementary Public School
Cherryville Kids Zone,50.243865,-118.614737,180.0,"108 North Fork Rd, Cherryville, BC",Cherryville,Daycare
Cherryville Pre-School,50.243029,-118.607669,211.0,"158 North Fork Rd, Cherryville, BC",Cherryville,Daycare
Cherub Montessori Preschool & Kinder Academy,49.180277,-123.09234,165.0,"11960 Montego St, Richmond, BC",Richmond,Daycare
Cherub's Inn Daycare,49.155596,-122.316981,237.0,"8469 Cedar St, Mission, BC",Mission,Daycare
Cheryl's Early Learning,48.361978,-123.74283,167.0,"7204 Wright Rd, Sooke, BC",Sooke,Daycare
Cheryl's Family Daycare,51.320285,-116.980632,228.0,"1429 11 Ave N, Golden, BC",Golden,Daycare
Chetwynd Secondary,55.6955083,-121.6133515,625.0,"5000-46 Street, Chetwynd, BC",Chetwynd,Elementary Public School
Chez Les Petits Loups Childcare,50.147599,-122.963211,281.0,"8212 Rainbow Dr, Whistler, BC",Whistler,Daycare
Chez Naty,53.908872,-122.774647,299.0,"1658 Gillett St, Prince George, BC",Prince George,Daycare
Chibi And Friends Daycare,48.452965,-123.328548,234.0,"3361 Veteran St, Victoria, BC",Victoria,Daycare
Chiddlers Daycare,53.925816,-122.791498,242.0,"210 Quinn St N, Prince George, BC",Prince George,Daycare
Chief Dan George Middle,49.0667347,-122.3143715,600.0,"32877 Old Riverside Rd, Abbotsford, BC",Abbotsford,Middle School Public School
Chief Maquinna Elementary,49.268032,-123.0508007,270.0,"2684 2nd Ave E, Vancouver, BC",Vancouver,Elementary Public School
Chief Tomat Elementary,49.841816,-119.588686,295.0,"3365 East Boundary Rd, West Kelowna, BC",West Kelowna,Elementary Public School
Chilcotin Road Elementary,52.1147374,-122.1723169,195.0,"709 Lyne Rd, Williams Lake, BC",Williams Lake,Elementary Public School
Child Connect Early Learning,49.336754,-123.135753,170.0,"1305 Taylor Way, West Vancouver, BC",West Vancouver,Daycare
Child Development Centre,55.773693,-120.230549,229.0,"9001 10 St, Dawson Creek, BC",Dawson Creek,Daycare
Child Development Centre Society Of Fort St. John & District,56.251786,-120.855148,300.0,"10417 106 Ave, Fort St. John, BC",Fort St. John,Daycare
Child's Play Family Child Care,48.439927,-123.501695,272.0,"2825 Pickford Rd, Victoria, BC",Victoria,Daycare
Child's View Childrens' Centre,49.030784,-122.867721,122.0,"1577 128 St, Surrey, BC",Surrey,Daycare
Child's World Preschool,49.138998,-123.123843,213.0,"9020 Williams Rd, Richmond, BC",Richmond,Daycare
Childfirst Childcare,49.185589,-123.089224,259.0,"3800 No. 5 Rd, Richmond, BC",Richmond,Daycare
Children & Friends,49.108898,-122.701494,280.0,"5860 188 St, Surrey, BC",Surrey,Daycare
Children Of Integrity Montessori Childcare Academy,49.274036,-122.821054,120.0,"2541 Quay Pl, Coquitlam, BC",Coquitlam,Daycare
Children Of The Island Early Learning Centre Inc.,48.459012,-123.517226,199.0,"2620 Mica Pl, Victoria, BC",Victoria,Daycare
Children of Integrity Montessori,49.2733028,-122.8210742,,"2541 Quay Pl, Coquitlam, BC",Coquitlam,Elementary Independent School
Children's Casa Early Learning Center,50.66189,-120.262448,255.0,"101-2049 Highland Pl, Kamloops, BC",Kamloops,Daycare
Children's Choice,49.267965,-122.889408,203.0,"578 Thompson Ave, Coquitlam, BC",Coquitlam,Daycare
Children's Choice Day Care Ltd,49.163028,-122.889084,241.0,"1-12044 88 Ave, Surrey, BC",Surrey,Daycare
Children's Choice Daycare,53.912065,-122.741323,166.0,"933 Patricia Blvd., Prince George, BC",Prince George,Daycare
Children's Choice Early Learning Childcare,48.645622,-123.581012,140.0,"1043 Briarwood Cres, Mill Bay, BC",Mill Bay,Daycare
Children's Community Preschool,50.025849,-125.246222,263.0,"401 11Th Ave, Campbell River, BC",Campbell River,Daycare
Children's Discovery Centre,49.351677,-124.472169,260.0,"699 Claymore Rd, Nanaimo, BC",Nanaimo,Daycare
Children's Garden,49.316428,-123.059026,163.0,"523 10Th St E, North Vancouver, BC",North Vancouver,Daycare
Children's House Montessori Preschool,49.26163,-122.849377,245.0,"1563 Regan Ave, Coquitlam, BC",Coquitlam,Daycare
Children's Reef Learning Center Ltd.,49.279072,-123.022777,220.0,"3722 Frances St, Burnaby, BC",Burnaby,Daycare
Children's Universe Montessori Ltd,49.495112,-119.60098,145.0,"645 Wade Ave W, Penticton, BC",Penticton,Daycare
Childspace Learning Centre,49.865547,-124.524446,227.0,"5515 Park Ave, Powell River, BC",Powell River,Daycare
Chilliwack Adventist Christian School,49.179859,-121.9514338,,"46018 Riverside Dr, Chilliwack, BC",Chilliwack,Elementary Independent School
Chilliwack Central Elementary Community,49.173623,-121.9529515,315.0,"9435 Young Rd, Chilliwack, BC",Chilliwack,Elementary Public School
Chilliwack Child Care,49.095274,-121.951134,118.0,"45983 Bridle Ridge Cres, Chilliwack, BC",Chilliwack,Daycare
Chilliwack Childrens Academy,49.105094,-121.961926,168.0,"101-5658 Vedder Rd, Chilliwack, BC",Chilliwack,Daycare
Chilliwack Landing Preschool,49.176774,-121.970334,275.0,"620 Wellington Ave, Chilliwack, BC",Chilliwack,Daycare
Chilliwack Middle School,49.1735117,-121.9437672,525.0,"46354 Yale Rd, Chilliwack, BC",Chilliwack,Middle School Public School
Chilliwack Secondary,49.1750668,-121.9416583,1200.0,"46363 Yale Rd, Chilliwack, BC",Chilliwack,Secondary Public School
Chimney Hill Elementary,49.1375666,-122.8139963,655.0,"14755 74 Ave, Surrey, BC",Surrey,Elementary Public School
Chinook - ubc Child Care Services,49.26195,-123.231466,252.0,"5488 Ortona Rd, Vancouver, BC",Vancouver,Daycare
Chinook 2,49.261186,-123.234091,177.0,"2881 Acadia Rd, Vancouver, BC",Vancouver,Daycare
Chipmunk Achievers Preschool,49.169642,-122.667206,192.0,"20025 91A Ave, Langley, BC",Langley,Daycare
Chipmunks Daycare,49.141985,-122.650918,258.0,"7658 206 St, Langley, BC",Langley,Daycare
Choice School For Gifted Children,49.1703089,-122.994739,,"20451 Westminster Hwy, Richmond, BC",Richmond,Elementary Jr. Secondary Independent School
Choices DL,49.2331654,-124.7992011,,"2941 8th Ave, Port Alberni, BC",Port Alberni,Elementary-Secondary Public School
Choices Program,49.1044394,-122.6289542,,"21405a 56 Ave, Langley, BC",Langley,Secondary Public School
Choo Choo Let's Go! Childcare Centre / Centre De Garde Inc.,48.393396,-123.712461,335.0,"2340 Sunriver Way, Sooke, BC",Sooke,Daycare
Choo Choo Train Montessori Learning Centre,49.143071,-123.170661,164.0,"9555 Geal Rd, Richmond, BC",Richmond,Daycare
Chris' Child Care,50.707663,-120.409219,209.0,"2241 Parkcrest Ave, Kamloops, BC",Kamloops,Daycare
Chris' Home Daycare,49.279226,-122.955947,116.0,"7110 Maureen Cres, Burnaby, BC",Burnaby,Daycare
Christ Church Cathedral Childcare,48.41734,-123.333515,177.0,"1670 Richardson St, Victoria, BC",Victoria,Daycare
Christ Church Cathedral School,48.4220428,-123.3587753,,"912 Vancouver St, Victoria, BC",Victoria,Elementary Jr. Secondary Independent School
Christian Homelearners eStreams,53.8608799,-123.1509484,,"3775 Schubert Rd, Armstrong, BC",Armstrong,Elementary-Secondary Independent School
Christian Life School,56.256908,-120.82829,,"8923 112 Ave, Fort St John, BC",Fort St John,Elementary Jr. Secondary Independent School
Christina Lake Elementary,49.0431,-118.2083,145.0,"PO Box 240, Christina Lake, BC",Christina Lake,Elementary Public School
Christina's Creative Castle,49.128305,-122.892899,232.0,"6889 Nicholson Rd, Delta, BC",Delta,Daycare
Christine Morrison Elementary,49.1447654,-122.3218286,390.0,"32611 Mcrae Ave, Mission, BC",Mission,Elementary Public School
Christine Sinclair Child Care Centre,49.251363,-122.967774,138.0,"3713 Kensington Ave, Burnaby, BC",Burnaby,Daycare
Chuchuwayha Early Learning Centre,49.356678,-120.07884,170.0,"161 B Snaza'ist Rd, Hedley, BC",Hedley,Daycare
Chuck Bailey Preschool And Pre-K,49.197186,-122.849782,131.0,"13458 107A St, Surrey, BC",Surrey,Daycare
Chute Lake Elementary,49.7960002,-119.5102641,430.0,"5240 Lark St, Kelowna, BC",Kelowna,Elementary Public School
Cilaire Elementary,49.1931849,-123.9657496,245.0,"25 Cilaire Dr, Nanaimo, BC",Nanaimo,Elementary Public School
Cindrich Elementary,49.1665215,-122.8499517,540.0,"13455 90 Ave, Surrey, BC",Surrey,Elementary Public School
Cindrich ymca Kids Club,49.166522,-122.849952,80.0,"13455 90 Ave, Surrey, BC",Surrey,Daycare
Cindy Bear's Daycare,48.939467,-125.543445,131.0,"1419 Peninsula Rd, Ucluelet, BC",Ucluelet,Daycare
Cindy's Cherished Teddies,49.178224,-122.871843,155.0,"12661 96A Ave, Surrey, BC",Surrey,Daycare
Cinnabar Kids Childcare,49.111159,-123.927992,208.0,"1818 Richardson Rd, Nanaimo, BC",Nanaimo,Daycare
Cinnabar Valley Elementary,49.1111977,-123.9273253,245.0,"100 Ohio Way, Nanaimo, BC",Nanaimo,Elementary Public School
Cinzia's Day Care,49.475869,-119.558205,219.0,"170 Rogers Pl, Penticton, BC",Penticton,Daycare
Circle Of Friends,49.169216,-123.13238,267.0,"140-8279 Saba Rd, Richmond, BC",Richmond,Daycare
Circle Of Friends,49.739482,-123.115779,254.0,"40375 Kintyre Dr, Garibaldi Highlands, BC",Garibaldi Highlands,Daycare
Circle Of Friends - City Centre Community Centre,49.171596,-123.13913,172.0,"5900 Minoru Blvd, Richmond, BC",Richmond,Daycare
Circle Of Friends Daycare Centre,49.476232,-119.587965,200.0,"187 Wyles Cres, Penticton, BC",Penticton,Daycare
Circle Of Love Daycare,49.766982,-124.397295,183.0,"9907 View Rd, Powell River, BC",Powell River,Daycare
Circle Time Family Daycare,49.220732,-122.57651,243.0,"12030 232B St, Maple Ridge, BC",Maple Ridge,Daycare
Circle Z Childcare,54.009906,-122.934533,222.0,"12785 Chief Lake Rd, Prince George, BC",Prince George,Daycare
Circles Squares & Bears Family Child Care,49.153409,-122.288032,151.0,"33809 Blueberry Dr, Mission, BC",Mission,Daycare
Citadel Childcare Centre,49.228883,-122.788727,284.0,"779 Citadel Dr, Port Coquitlam, BC",Port Coquitlam,Daycare
Citadel Sun Child Care,49.230726,-122.787089,138.0,"827 Citadel Dr, Port Coquitlam, BC",Port Coquitlam,Daycare
City Of Art Childcare,49.291976,-122.829447,249.0,"1 Creekstone Pl, Port Moody, BC",Port Moody,Daycare
City Of Terrace School-Age Program,54.519517,-128.586412,203.0,"3320 Kalum St, Terrace, BC",Terrace,Daycare
City Vancouver Academy,49.1831042,-123.1258587,,"5900 No. 3 Rd Unit 300, Richmond, BC",Richmond,Secondary Independent School
Cityreach Out Of School Care,49.261159,-123.048892,230.0,"2650 Slocan St, Vancouver, BC",Vancouver,Daycare
Claremont Secondary,48.5161035,-123.3757631,1100.0,"4980 Wesley Rd, Victoria, BC",Victoria,Secondary Public School
Claren Academy,49.2766737,-123.1216679,,"201-1085 Homer St, Vancouver, BC",Vancouver,Elementary Independent School
Clarence Fulton Secondary,50.2492838,-119.3093114,950.0,"2301 Fulton Rd, Vernon, BC",Vernon,Elementary Public School
Clarke's Candyland,53.92179,-122.804689,294.0,"4231 Carrier Ave, Prince George, BC",Prince George,Daycare
Class Of West K - Unit 1,49.850614,-119.599618,217.0,"201-1979 Old Okanagan Hwy, Westbank, BC",Westbank,Daycare
Class Of West K - Unit 202,49.850614,-119.599618,275.0,"202-1979 Old Okanagan Hiwy, Westbank, BC",Westbank,Daycare
Clayburn Middle School,49.0712393,-122.2525531,600.0,"35139 Laburnum Ave, Abbotsford, BC",Abbotsford,Middle School Public School
Claydon Family Daycare,49.291111,-122.778111,203.0,"3200 Harwood Ave, Coquitlam, BC",Coquitlam,Daycare
Clayton Community Centre Preschool,49.132487,-122.704001,200.0,"7155 187A St, Surrey, BC",Surrey,Daycare
Clayton Heights Secondary,49.1292146,-122.7019172,1000.0,"7003 188 St, Surrey, BC",Surrey,Elementary Public School
Clearbrook Elementary,49.0679343,-122.3365184,515.0,"3614 Clearbrook Rd, Abbotsford, BC",Abbotsford,Elementary Public School
Clearview Elem-Jr Secondary,56.3321491,-120.1097127,270.0,"10716 97 Ave, Fort St John, BC",Fort St John,Elementary Jr. Secondary Public School
Clearwater Secondary,51.6492808,-120.0341072,725.0,"440 Murtle Cres, Clearwater, BC",Clearwater,Elementary Public School
Cleveland Elementary,49.3462463,-123.1083426,520.0,"1255 Eldon Rd, North Vancouver, BC",North Vancouver,Elementary Public School
Cleveland Out Of School Care,49.339806,-123.102702,172.0,"1058 Ridgewood Dr, North Vancouver, BC",North Vancouver,Daycare
Clever Cub Childcare,49.335896,-123.071481,177.0,"2900 Lonsdale Ave, North Vancouver, BC",North Vancouver,Daycare
Clever Cub Childcare,49.335896,-123.071481,229.0,"2900 Lonsdale Ave, North Vancouver, BC",North Vancouver,Daycare
Clever Cub Childcare,49.471603,-123.765855,236.0,"5850 Barnacle Street, Sechelt, BC",Sechelt,Daycare
Cliff Drive Elementary,49.0257133,-123.0843172,465.0,"5025 12 Ave, Delta, BC",Delta,Elementary Public School
Clinton Elementary,49.2125214,-122.9791346,445.0,"5858 Clinton St, Burnaby, BC",Burnaby,Elementary Public School
Clinton Neighbourhood Care,49.212525,-122.979134,251.0,"5858 Clinton St, Burnaby, BC",Burnaby,Daycare
Close To Home Daycare,49.970016,-125.215209,340.0,"203-2266 Island Hwy S, Campbell River, BC",Campbell River,Daycare
Cloud Nine Kids Childcare Centre,49.8499,-119.477935,271.0,"3714 Gordon Dr, Kelowna, BC",Kelowna,Daycare
Cloudberries,49.128334,-122.891705,234.0,"6897 120Th St, Delta, BC",Delta,Daycare
Clover Early Learning Centre,49.113593,-122.75762,93.0,"16787 61 Ave, Surrey, BC",Surrey,Daycare
Clover Learning Ladder Childcare Inc,49.118142,-122.762193,216.0,"6370 166 St, Surrey, BC",Surrey,Daycare
Clover Sprouts Learning,49.123361,-122.702346,157.0,"6648 187A St, Surrey, BC",Surrey,Daycare
Cloverdale Ball Park Children's Centre,49.113824,-122.741142,103.0,"17333 61A Ave, Surrey, BC",Surrey,Daycare
Cloverdale Catholic School,49.109751,-122.7374125,,"17511 59 Ave, Surrey, BC",Surrey,Elementary Independent School
Cloverdale Child Care,48.454019,-123.358863,189.0,"3427 Quadra St, Victoria, BC",Victoria,Daycare
Cloverdale Child Care Scout Hall,48.450942,-123.363796,264.0,"3266 Glasgow Ave, Victoria, BC",Victoria,Daycare
Cloverdale Discovery Centre,49.107934,-122.732947,165.0,"17673 58 Ave, Surrey, BC",Surrey,Daycare
Cloverdale Learning Centre,49.1052427,-122.734661,,"5658 176 St, Surrey, BC",Surrey,Secondary Public School
Cloverdale Mini-Rec Early Years Centre,49.107901,-122.734155,245.0,"17635 58 Ave, Surrey, BC",Surrey,Daycare
Cloverdale Montessori School,49.126047,-122.713073,193.0,"18389 68 Ave, Surrey, BC",Surrey,Daycare
Cloverdale Recreation Centre Preschool,49.115196,-122.733208,111.0,"6188 176Th St, Surrey, BC",Surrey,Daycare
Cloverdale Traditional,49.1042916,-122.7282778,315.0,"17857 56 Ave, Surrey, BC",Surrey,Elementary Public School
Cloverdale Traditional Elementary,48.4536049,-123.3587262,390.0,"3427 Quadra St, Victoria, BC",Victoria,Elementary Public School
Club K.I.D.S Morrison,49.144765,-122.321829,288.0,"32611 mcrae Ave, Mission, BC",Mission,Daycare
Club K.I.D.S. Albert mcmahon,49.155602,-122.314526,242.0,"32865 Cherry Ave, Mission, BC",Mission,Daycare
Club K.I.D.S. Central - Room 129,49.181141,-122.423561,213.0,"7644 Welton St, Mission, BC",Mission,Daycare
Club K.I.D.S. Cherry Hill - Room 35,49.152271,-122.322499,148.0,"32557 Best Ave, Mission, BC",Mission,Daycare
Club K.I.D.S. Esr,49.155474,-122.298451,212.0,"33419 Cherry Ave, Mission, BC",Mission,Daycare
Club K.I.D.S. Hatzic,49.15567,-122.255923,176.0,"8465 Draper St, Mission, BC",Mission,Daycare
Club K.I.D.S. West Heights Room 217,49.142299,-122.335911,216.0,"32065 Van Velzen Ave, Mission, BC",Mission,Daycare
Club K.I.D.S. Windebank,49.143864,-122.293973,216.0,"33570 11Th Ave, Mission, BC",Mission,Daycare
Club Kids Hillside,49.15175,-122.292919,137.0,"33621 Best Ave, Mission, BC",Mission,Daycare
Club Kidz,49.855493,-125.118373,178.0,"8763 Paulsen Rd, Black Creek, BC",Black Creek,Daycare
Club West,49.339729,-123.136489,155.0,"760 Westcot Rd, West Vancouver, BC",West Vancouver,Daycare
Cm Finch Elementary Little Falcon's Clubhouse,56.254534,-120.858225,271.0,"10904 106 St, Fort St. John, BC",Fort St. John,Daycare
Coal Harbour Kids Care,49.290164,-123.125971,317.0,"480 Broughton St, Vancouver, BC",Vancouver,Daycare
Coast Meridian Elementary,49.152419,-122.7549812,330.0,"8222 168a St, Surrey, BC",Surrey,Elementary Public School
Coast Meridian Montessori Pre-School Ltd,49.267341,-122.762592,103.0,"1730 Coquitlam Ave, Port Coquitlam, BC",Port Coquitlam,Daycare
Coast Mountain Academy,49.7371741,-123.0952982,,"3295 Mamquam Rd, Squamish, BC",Squamish,Elementary-Secondary Independent School
Coast Salish ymca Kids Club,49.29729,-122.73863,224.0,"3538 Sheffeild Ave, Coquitlam, BC",Coquitlam,Daycare
Coast To Coast Educare - Klo Campus,49.861754,-119.489996,186.0,"205-595 K.L.O. Rd, Kelowna, BC",Kelowna,Daycare
Coast To Coast Educare Springfield Ltd.,49.876774,-119.442047,173.0,"2139 Springfield Rd, Kelowna, BC",Kelowna,Daycare
Coastal Kids Childcare,49.617206,-125.03592,311.0,"2613 Derwent Ave, Cumberland, BC",Cumberland,Daycare
Coastal Preschool,49.286384,-123.124844,230.0,"1160 W Georgia St, Vancouver, BC",Vancouver,Daycare
Coastline Early Learning Centre,48.430402,-123.359833,160.0,"845 Caledonia Ave, Victoria, BC",Victoria,Daycare
Coastline Montessori Childcare,48.414977,-123.517863,314.0,"1105 Monica Terr, Victoria, BC",Victoria,Daycare
Cobble Hill Kids,48.666889,-123.647108,96.0,"3045 Miner Rd, Cobble Hill, BC",Cobble Hill,Daycare
Cobble Hill Montessori Group Care,48.667529,-123.565265,183.0,"3060 Cobble Hill Rd, Mill Bay, BC",Mill Bay,Daycare
Cocomelon Learning Center,50.264837,-119.267494,241.0,"3011 28 St, Vernon, BC",Vernon,Daycare
Cocomelon Learning Centre 27Th Ave,50.261123,-119.299119,288.0,"4405 27 Ave, Vernon, BC",Vernon,Daycare
Cocoon Early Learning,49.264125,-122.765731,240.0,"2827 Commonwealth St, Port Coquitlam, BC",Port Coquitlam,Daycare
Coghlan Fundamental Elementary,49.0827218,-122.5137847,145.0,"4452 256th St, Aldergrove, BC",Aldergrove,Elementary Public School
Coldstream Appletree,50.223345,-119.230506,187.0,"9904 Kalamalka Rd, Coldstream, BC",Coldstream,Daycare
Coldstream Elementary,50.2226734,-119.2328781,395.0,"10104 Kalamalka Rd, Coldstream, BC",Coldstream,Elementary Public School
Colebrook Elementary,49.1018321,-122.8742645,320.0,"5404 125a St, Surrey, BC",Surrey,Elementary Public School
Colebrook ymca Kids Club,49.101831,-122.874266,219.0,"5404 125A St, Surrey, BC",Surrey,Daycare
Collaborative Education Alternative Prg.,49.3477086,-124.4344747,,"140 Renz Rd, Parksville, BC",Parksville,Elementary-Secondary Public School
Colleen And Gordie Howe Middle School,49.0594288,-122.3324249,600.0,"3174 Clearbrook Rd, Abbotsford, BC",Abbotsford,Middle School Public School
College Heights Elementary,53.8731462,-122.7666446,415.0,"5410 Cowart Rd, Prince George, BC",Prince George,Elementary Public School
College Heights Secondary,53.8618799,-122.7659643,850.0,"6180 Domano Blvd, Prince George, BC",Prince George,Secondary Public School
Collettville Elementary,50.1052458,-120.8066945,195.0,"615 Lindley Creek Rd, Merritt, BC",Merritt,Elementary Public School
Collines-d'or,50.7456436,-120.3550583,90.0,"2450 Partridge Dr, Kamloops, BC",Kamloops,Elementary Public School
Collingwood Neighbourhood School,49.2363748,-123.0322852,240.0,"3417 Euclid Ave, Vancouver, BC",Vancouver,Elementary Public School
Collingwood School,49.3478586,-123.1847893,,"70 Morven Dr, West Vancouver, BC",West Vancouver,Elementary-Secondary Independent School
Collingwood School Age Child Care Centre,49.236397,-123.032241,283.0,"107 3417 Euclid Ave, Vancouver, BC",Vancouver,Daycare
Color Wheel Daycare Ltd The,49.158453,-122.281592,171.0,"34034 Cleven Dr, Mission, BC",Mission,Daycare
Colorful Cornerstone Mandarin Academic Learning Centre,49.299122,-122.757788,289.0,"3374 Watkins Ave, Coquitlam, BC",Coquitlam,Daycare
Colorful World Montessori,49.18422,-123.114695,286.0,"106-9780 Cambie Rd, Richmond, BC",Richmond,Daycare
Colorful World Montessori - < 36 Months,49.184328,-123.114698,178.0,"106-9780 Cambie Rd, Richmond, BC",Richmond,Daycare
Colour My World Childcare,50.712971,-120.363967,114.0,"1579 Collingwood Dr, Kamloops, BC",Kamloops,Daycare
Colquitz Middle School,48.4600492,-123.3931748,550.0,"505 Dumeresq St, Victoria, BC",Victoria,Elementary Public School
Columbia Academy,49.2826734,-123.1152896,,"602 West Hastings St, Vancouver, BC",Vancouver,Secondary Independent School
Columbia College,49.2724469,-123.0956859,,"438 Terminal Ave, Vancouver, BC",Vancouver,Secondary Independent School
Columbia Elementary,49.4858714,-119.5575392,340.0,"1437 Allison St, Penticton, BC",Penticton,Elementary Public School
Columbia Park Elementary,51.0145631,-118.2185754,295.0,"Bag 7200, Revelstoke, BC",Revelstoke,Elementary Public School
Columneetza Junior Secondary,52.1457897,-122.1512218,,"1045 Western Ave, Williams Lake, BC",Williams Lake,Middle School Public School
Colwood Elementary,48.4355824,-123.4859781,240.0,"3000 Wishart Rd, Victoria, BC",Victoria,Elementary Public School
Colwood Kids Early Childhood Center,48.439839,-123.475765,161.0,"1949 Sooke Rd, Victoria, BC",Victoria,Daycare
Cometas Childcare Centre,49.204459,-123.990244,121.0,"2707 Neyland Rd, Nanaimo, BC",Nanaimo,Daycare
Comfort First Early Learning,48.93973,-125.544269,259.0,"1450 Peninsula Rd, Ucluelet, BC",Ucluelet,Daycare
Communication Stars Specialized Childcare,49.169929,-122.800794,184.0,"15220 92Nd Ave, Surrey, BC",Surrey,Daycare
Community Children's Centre,49.149603,-125.907661,203.0,"265 First St, Tofino, BC",Tofino,Daycare
Community Kids School Aged Care Inc,49.097607,-122.667337,280.0,"20050 53Rd Ave, Langley, BC",Langley,Daycare
Community Kids School Aged Care Inc.,49.094322,-122.667476,216.0,"5029 200B St, Langley, BC",Langley,Daycare
Community Montessori Children's Centre,49.253428,-123.073827,275.0,"1461 19 Ave E, Vancouver, BC",Vancouver,Daycare
Community Prekindergarten - White Rock,49.029536,-122.804575,172.0,"1493 Foster St, White Rock, BC",White Rock,Daycare
Como Lake Kids Village Daycare,49.264709,-122.841593,146.0,"825 St. Laurence St, Coquitlam, BC",Coquitlam,Daycare
Como Lake Middle School,49.2526544,-122.861124,525.0,"1121 King Albert Ave, Coquitlam, BC",Coquitlam,Middle School Public School
Comox Valley Aboriginal Head Start,49.686824,-124.999984,187.0,"956 Grieve Ave, Courtenay, BC",Courtenay,Daycare
Compass Childcare Ltd,48.437099,-123.357529,124.0,"2570 Fifth St, Victoria, BC",Victoria,Daycare
Compass School Program,50.0255398,-125.2448791,,"740 Robron Rd, Campbell River, BC",Campbell River,Elementary Public School
Confederation Park Elementary,49.2830117,-122.9962451,195.0,"4715 Pandora St, Burnaby, BC",Burnaby,Elementary Public School
Conin's Family Daycare,50.992956,-118.194017,144.0,"502 6Th St E, Revelstoke, BC",Revelstoke,Daycare
Connaught Heights Elementary,49.2026355,-122.955656,145.0,"2201 London St, New Westminster, BC",New Westminster,Elementary Public School
ConnectEd - Alternative Programs,49.4933573,-119.5860791,,"255 Kinney Avenue, Penticton, BC",Penticton,Secondary Public School
ConnectEd - Continuing Education,49.4935389,-119.5857907,,"255 Kinney Avenue, Penticton, BC",Penticton,Elementary Public School
ConnectEd - Online Learning,49.4935389,-119.5857907,,"255 Kinney Avenue, Penticton, BC",Penticton,Elementary-Secondary Public School
Connections Kids Club - Blundell,49.153719,-123.15195,230.0,"6480 Blundell Rd, Richmond, BC",Richmond,Daycare
Connections Kids Club - Caulfeild,49.344693,-123.251104,320.0,"4685 Keith Rd, West Vancouver, BC",West Vancouver,Daycare
Connections Kids Club - Cook,49.165492,-123.128048,226.0,"8600 Cook Rd, Richmond, BC",Richmond,Daycare
Connections Kids Club - Tait,49.196371,-123.111265,246.0,"10071 Finlayson Dr, Richmond, BC",Richmond,Daycare
Conrad Elementary,54.3209013,-130.3002244,370.0,"PO Box 520, Prince Rupert, BC",Prince Rupert,Elementary Public School
Conrad Elementary School Seamless Day Kindergarten,54.320901,-130.300224,182.0,"825 Conrad St, Prince Rupert, BC",Prince Rupert,Daycare
Conscious Kids Care,49.219718,-122.655648,221.0,"202-20395 Lougheed Hwy, Maple Ridge, BC",Maple Ridge,Daycare
Constable Neil Bruce Middle School,49.8573584,-119.5973516,750.0,"2010 Daimler Dr, West Kelowna, BC",West Kelowna,Elementary Public School
Constellation Montessori Daycare,49.275842,-122.850145,286.0,"122 Moody St, Port Moody, BC",Port Moody,Daycare
Contemporary Kids Learning Centre Inc.,49.049548,-122.290369,71.0,"2621 Montrose Ave, Abbotsford, BC",Abbotsford,Daycare
Continuing ED SD 42,49.2154378,-122.6521541,,"20575 Thorne Ave, Maple Ridge, BC",Maple Ridge,Senior Secondary Public School
Continuing ED SD 43,49.243061,-122.8408012,,"380 Montgomery St, Coquitlam, BC",Coquitlam,Elementary Public School
Continuing ED SD 47,49.8629404,-124.5420271,,"5400 Marine Ave, Powell River, BC",Powell River,Senior Secondary Public School
Continuing ED SD 57,53.8863535,-122.7791727,,"3400 Westwood Dr, Prince George, BC",Prince George,Senior Secondary Public School
Continuing Ed SD 06,50.5022144,-116.0411422,,"Box 2613, Invermere, BC",Invermere,Elementary Public School
Continuing Ed SD 22,50.2644408,-119.2706671,,"3602 30 Ave, Vernon, BC",Vernon,Senior Secondary Public School
Continuing Ed SD 33,49.1765166,-121.9426403,,"46361 Yale Rd, Chilliwack, BC",Chilliwack,Senior Secondary Public School
Continuing Ed SD 38,49.1630635,-123.1395169,,"7811 Granville Ave, Richmond, BC",Richmond,Elementary Public School
Continuing Ed SD 44,49.3405154,-123.0814266,,"3365 Mahon Ave, North Vancouver, BC",North Vancouver,Elementary Public School
Continuing Ed SD 46,49.4067728,-123.5143414,,"805 Gibsons Way, Gibsons, BC",Gibsons,Senior Secondary Public School
Continuing Ed SD 63,48.4873698,-123.3832096,,"104a-4420 Chatterton Way, Victoria, BC",Victoria,Senior Secondary Public School
Continuing Ed SD 68,49.1476812,-123.9509319,,"1270 Strathmore St, Nanaimo, BC",Nanaimo,Senior Secondary Public School
Continuing Ed SD 69,49.3214839,-124.3433419,,"140 Renz Rd, Parksville, BC",Parksville,Elementary Public School
Continuing Ed SD 73,50.6989563,-120.3885512,,"655 Holt St, Kamloops, BC",Kamloops,Senior Secondary Public School
Continuing Ed SD 75,49.1591046,-122.2858323,,"33919 Dewdney Trunk Rd, Mission, BC",Mission,Senior Secondary Public School
Continuing Ed SD 84,49.7753265,-126.0526866,,"PO Box 700, Gold River, BC",Gold River,Elementary Public School
Continuing Ed SD36 (Invergarry),49.1702677,-122.8323789,,"12772 88 Ave, Surrey, BC",Surrey,Secondary Public School
Cookie Monster Preschool-Timms,49.104244,-122.657591,207.0,"20399 Douglas Cres, Langley, BC",Langley,Daycare
Coquihalla Elementary,49.3867714,-121.43777,395.0,"PO Box 969, Hope, BC",Hope,Elementary Public School
Coquitlam Open Learning,49.2396589,-122.8532414,,"1432 Brunette Ave, Coquitlam, BC",Coquitlam,Elementary Public School
Coquitlam River Out Of School Care,49.288452,-122.766073,135.0,"4250 Shaughnessy St, Port Coquitlam, BC",Port Coquitlam,Daycare
Cora Early Learning,49.371823,-123.276273,219.0,"6388 Argyle Ave, West Vancouver, BC",West Vancouver,Daycare
Cordova Bay Elementary,48.5273796,-123.3697815,295.0,"5238 Cordova Bay Rd, Victoria, BC",Victoria,Elementary Public School
Cordova Bay Preschool,48.524931,-123.368897,103.0,"5182 Cordova Bay Rd, Victoria, BC",Victoria,Daycare
Core Education & Fine Arts,49.243949,-122.971155,153.0,"4970 Canada Way, Burnaby, BC",Burnaby,Daycare
Core Education & Fine Arts (0-3 Gdc),49.258109,-123.069454,239.0,"2946 Commercial Dr, Vancouver, BC",Vancouver,Daycare
Core Education & Fine Arts (3-5 Gdc),49.258109,-123.069456,171.0,"2946 Commercial Dr, Vancouver, BC",Vancouver,Daycare
Core Education & Fine Arts (New Westminster),49.20292,-122.911746,169.0,"725 Carnarvon St, New Westminster, BC",New Westminster,Daycare
Core Education & Fine Arts - Kingsway,49.233263,-123.015456,227.0,"4021 Kingsway, Burnaby, BC",Burnaby,Daycare
Core Education And Fine Arts,49.292518,-122.755198,168.0,"3380 David Ave, Coquitlam, BC",Coquitlam,Daycare
Core Education And Fine Arts,49.321485,-123.100312,163.0,"402 935 Marine Dr, North Vancouver, BC",North Vancouver,Daycare
Core Education And Fine Arts,49.321485,-123.100312,227.0,"402 935 Marine Dr, North Vancouver, BC",North Vancouver,Daycare
Core Education And Fine Arts - Kitsilano,49.264091,-123.151202,159.0,"500-2025 Broadway W, Vancouver, BC",Vancouver,Daycare
Core Education And Fine Arts - Kitsilano,49.264091,-123.151202,295.0,"500-2025 Broadway W, Vancouver, BC",Vancouver,Daycare
Cormorant Crew Daycare,54.310013,-130.302265,220.0,"212 Cormorant Rd, Prince Rupert, BC",Prince Rupert,Daycare
Cornerstone Children's Centre,49.500562,-117.278976,209.0,"310 Nelson Ave, Nelson, BC",Nelson,Daycare
Cornerstone Christian Academy,49.1564429,-123.0894716,,"7890 No. 5 Rd, Richmond, BC",Richmond,Elementary Independent School
Cornerstone Christian Academy Preschool,49.156554,-123.08963,227.0,"7890 No. 5 Rd, Richmond, BC",Richmond,Daycare
Cornerstone Christian School,49.0740724,-122.3133117,,"PO Box 520 Stn Main, Abbotsford, BC",Abbotsford,Elementary Jr. Secondary Independent School
Cornerstone Early Learning Center,49.879823,-119.463375,160.0,"1920 Dunn St, Kelowna, BC",Kelowna,Daycare
Cornerstone Junior Kindergarten,49.074573,-122.31304,236.0,"32860 Downes Rd, Abbotsford, BC",Abbotsford,Daycare
Cornerstone Montessori School,49.1553569,-122.8144087,,"14724 84 Ave, Surrey, BC",Surrey,Elementary Independent School
Coronation Kids Care (Mountain Meadows Elementary),49.290215,-122.824582,231.0,"999 Noons Creek Dr, Port Moody, BC",Port Moody,Daycare
Coronation Montessori Preschool,49.915723,-119.44763,200.0,"422 Ballou Pl, Kelowna, BC",Kelowna,Daycare
Corpus Christi Child Care Centre,49.226982,-123.058117,270.0,"2362 Waverley Ave, Vancouver, BC",Vancouver,Daycare
Corpus Christi School,49.2267023,-123.0590555,,"2360 Waverley Avenue, Vancouver, BC",Vancouver,Elementary Independent School
Correlieu Secondary School,52.9667552,-122.5154571,800.0,"850 Anderson Dr, Quesnel, BC",Quesnel,Secondary Public School
Cortes Island Playschool,50.059002,-124.979212,161.0,"983 Beasley Rd, Mansons Landing, BC",Mansons Landing,Daycare
Cortes Island School,50.0607139,-124.9834478,95.0,"PO Box 179, Mansons Landing, BC",Mansons Landing,Elementary Public School
Cosmic Educare,49.315345,-122.950135,193.0,"969 Beachview Dr, North Vancouver, BC",North Vancouver,Daycare
Costumes & Crayons Daycare Center,53.909752,-122.779405,318.0,"1600 Johnson St, Prince George, BC",Prince George,Daycare
Costumes & Crayons It Centre Urquhart,53.919748,-122.813294,180.0,"4480 Urquhart Crescent, Prince George, BC",Prince George,Daycare
Cote-du-Soleil,49.8339638,-124.5234614,195.0,"4368 Michigan Ave, Powell River, BC",Powell River,Elementary Jr. Secondary Public School
Cottontail Cottage Childcare,56.245156,-120.829388,162.0,"9003 99 Ave, Fort St. John, BC",Fort St. John,Daycare
Cottonwoods Child Care Centre,49.193119,-122.568326,255.0,"23588 Jim Robson Way, Maple Ridge, BC",Maple Ridge,Daycare
Cougar Canyon Elementary,49.1266238,-122.9001581,510.0,"11664 Lyon Rd, Delta, BC",Delta,Elementary Public School
Cougar Creek Elementary,49.1308281,-122.8835648,590.0,"12236 70a Ave, Surrey, BC",Surrey,Elementary Public School
Cougar Creek Preschool,49.130832,-122.883567,154.0,"12236 70A Ave, Surrey, BC",Surrey,Daycare
Country Bears Child Care Centre Inc,49.030774,-122.359556,98.0,"31216 King Rd, Abbotsford, BC",Abbotsford,Daycare
Country Bumkins Children's Centre - Richard Bulpitt,49.143786,-122.641588,122.0,"20965 77A St, Langley, BC",Langley,Daycare
Country Bumkins Children's Centre - Willoughby,49.147097,-122.646797,123.0,"20766 80 Ave, Langley, BC",Langley,Daycare
Country Bumpkins Daycare,52.969074,-122.516462,197.0,"610 Wade Ave, Quesnel, BC",Quesnel,Daycare
Country Care Child Care Centre (School Age),49.187904,-123.118258,237.0,"9500 Kilby Dr, Richmond, BC",Richmond,Daycare
Country Critters Daycare,52.977272,-122.51856,267.0,"299 Blair St, Quesnel, BC",Quesnel,Daycare
Country Estate Childcare,50.240322,-119.273354,291.0,"246 Country Estate Pl, Vernon, BC",Vernon,Daycare
Country Kids Childcare Centre,49.173427,-121.818041,210.0,"50850 Yale Rd, Rosedale, BC",Rosedale,Daycare
Country Lane Learning Centre,49.189544,-122.54815,273.0,"10291 243A St, Maple Ridge, BC",Maple Ridge,Daycare
Countryside Preschool,48.596963,-123.455102,175.0,"7921 St Stephens Rd, Saanichton, BC",Saanichton,Daycare
Courtenay Elementary,49.6817978,-124.9983128,415.0,"1540 Mcphee Ave, Courtenay, BC",Courtenay,Elementary Public School
Cousteau L'ecole Francaise Interna'le,49.3426789,-123.0450282,,"3657 Fromme Rd, North Vancouver, BC",North Vancouver,Elementary Jr. Secondary Independent School
Cousteau L'ecole Francaise Internationale De Vancouver,49.342892,-123.045235,216.0,"3657 Fromme Rd, North Vancouver, BC",North Vancouver,Daycare
Cousteau L'ecole Francaise Internationale De Vancouver,49.342892,-123.045235,227.0,"3657 Fromme Rd, North Vancouver, BC",North Vancouver,Daycare
Cove Cliff Elementary,49.3228636,-122.9481269,270.0,"1818 Banbury Rd, North Vancouver, BC",North Vancouver,Elementary Public School
Covenant Kids Christian Daycare,49.13468,-122.65344,292.0,"20525 72 Ave, Langley, BC",Langley,Daycare
Cowbay Daycare,48.72446,-123.57193,237.0,"4367 Kingscote Rd, Cowichan Bay, BC",Cowichan Bay,Daycare
Cowichan Intercultural Society Child Care,48.777416,-123.701165,163.0,"321 St Julien St, Duncan, BC",Duncan,Daycare
Cowichan Open School,48.7858758,-123.7166145,,"1033 Nagle St, Duncan, BC",Duncan,Secondary Public School
Cowichan Valley Distributed Learning,48.7858758,-123.7166145,,"1033 Nagle St, Duncan, BC",Duncan,Elementary-Secondary Public School
Cowichan Valley Open Learning Co-Op,48.7858758,-123.7166145,,"1033 Nagle St, Duncan, BC",Duncan,Secondary Public School
Cowlicks & Pigtails Family Daycare,49.023543,-118.44107,259.0,"6550 Como St, Grand Forks, BC",Grand Forks,Daycare
Cownden Family Daycare,48.449075,-123.356043,155.0,"3181 Stevenson Pl, Victoria, BC",Victoria,Daycare
Coyote Creek Elementary,49.1503347,-122.7903406,740.0,"8131 156 St, Surrey, BC",Surrey,Elementary Public School
Coyote Creek ymca Kids Club,49.150335,-122.790341,257.0,"8131 156Th St, Surrey, BC",Surrey,Daycare
Cozy Bear Childcare,49.17926,-121.93746,233.0,"46527 Portage Ave, Chilliwack, BC",Chilliwack,Daycare
Cozy Camp Childcare,49.711957,-124.978762,277.0,"4682A Muir Rd, Courtenay, BC",Courtenay,Daycare
Cozy Childcare Inc.,49.260341,-123.176817,226.0,"3236 13Th Ave W, Vancouver, BC",Vancouver,Daycare
Cozy Corner Child Care Centre,49.148359,-122.767381,193.0,"16411 80 Ave, Surrey, BC",Surrey,Daycare
Cozy Corner Childcare,48.465471,-123.512569,172.0,"971 Gade Rd, Langford, BC",Langford,Daycare
Cozy Corner Preschool,49.691429,-124.996473,271.0,"489 Old Island Hwy, Courtenay, BC",Courtenay,Daycare
Cozy Days Childcare,50.69611,-120.353258,132.0,"282 Holly Ave, Kamloops, BC",Kamloops,Daycare
Cozy House Family Daycare,49.813443,-119.474768,172.0,"853 Hammer Ave, Kelowna, BC",Kelowna,Daycare
Cr Generations Children's Centre,50.029709,-125.253781,172.0,"850 14Th Ave, Campbell River, BC",Campbell River,Daycare
Cr Generations Too,50.028033,-125.253305,245.0,"871B 13Th Ave, Campbell River, BC",Campbell River,Daycare
Cr Next Generations,50.025635,-125.254028,205.0,"1048 Hemlock St, Campbell River, BC",Campbell River,Daycare
Cradle To Crayons,48.452004,-123.500116,146.0,"2727 Scafe Rd, Langford, BC",Langford,Daycare
Cradles To Crayons,52.94644,-122.441826,132.0,"1912 Crystal St, Quesnel, BC",Quesnel,Daycare
Crafty Crayons,54.786572,-127.161297,180.0,"4069 10Th Ave, Smithers, BC",Smithers,Daycare
Craigflower Elementary,48.4535555,-123.4215053,245.0,"2766 Admirals Rd, Victoria, BC",Victoria,Elementary Public School
Cranberry Eco Preschool,49.865766,-124.528365,270.0,"6831 Artaban St, Powell River, BC",Powell River,Daycare
Cranbrook Montessori School,49.503004,-115.756691,263.0,"1701 5Th St S, Cranbrook, BC",Cranbrook,Daycare
Cranbrook's Huddles And Cuddles Playcentre Inc.,49.505731,-115.767513,193.0,"308 10Th Ave S, Cranbrook, BC",Cranbrook,Daycare
Cranbrook's Stay 'N Play Program Association,49.497177,-115.772785,204.0,"1200 5Th Ave S, Cranbrook, BC",Cranbrook,Daycare
Crawford Bay Elem-Secondary,49.6794947,-116.8277944,190.0,"PO Box 100, Crawford Bay, BC",Crawford Bay,Elementary-Secondary Public School
Crawl To Walk Day Care Centre Ltd,49.126479,-122.871451,126.0,"12678 68 Ave, Surrey, BC",Surrey,Daycare
Crawling Critters Family Child Care,49.243895,-123.060762,204.0,"2228 Galt St, Vancouver, BC",Vancouver,Daycare
Crayon Box Learning Center,49.133904,-123.114952,179.0,"160-10811 No. 4 Rd, Richmond, BC",Richmond,Daycare
Crayon Box Learning Center Inc.,49.133904,-123.114952,205.0,"100-10811 No. 4 Rd, Richmond, BC",Richmond,Daycare
Crayon Box Learning Center Inc.,49.133904,-123.114952,223.0,"100-10811 No. 4 Rd, Richmond, BC",Richmond,Daycare
Crayon Box Learning Center Inc.,49.133904,-123.114952,240.0,"160-10811 No. 4 Rd, Richmond, BC",Richmond,Daycare
Cream Of The Crop Enriched Learning & Childcare Centre Ltd.,49.179065,-121.933703,231.0,"1-9718 Menzies St, Chilliwack, BC",Chilliwack,Daycare
Creating Smiles - Blakeburn,49.26335,-122.740859,178.0,"1040 Riverside Dr, Port Coquitlam, BC",Port Coquitlam,Daycare
Creating Smiles - Bonaccord,49.180353,-122.806839,167.0,"14986 98Th Ave, Surrey, BC",Surrey,Daycare
Creating Smiles - Glen,49.282241,-122.787987,159.0,"3064 Glen Dr, Coquitlam, BC",Coquitlam,Daycare
Creating Smiles - Kilmer,49.243645,-122.770496,225.0,"1575 Knappen St, Port Coquitlam, BC",Port Coquitlam,Daycare
Creation Station Day Care,49.090931,-123.069493,168.0,"5545 Ladner Trunk Rd, Delta, BC",Delta,Daycare
Creative Advantage Klo,49.861276,-119.457066,173.0,"7-1790 K.L.O. Rd, Kelowna, BC",Kelowna,Daycare
Creative Adventures Day Care,49.145414,-123.095396,213.0,"11511 King Rd, Richmond, BC",Richmond,Daycare
Creative Adventures Out Of School Care,49.145414,-123.095396,191.0,"11511 King Rd, Richmond, BC",Richmond,Daycare
Creative All Stars Childcare,49.176855,-122.849014,202.0,"13474 96Th Ave, Surrey, BC",Surrey,Daycare
Creative Angels Daycare,48.824495,-124.057676,156.0,"82 South Shore Rd, Lake Cowichan, BC",Lake Cowichan,Daycare
Creative Angels Daycare Centre,49.154503,-122.635359,152.0,"21179 83B Ave, Langley, BC",Langley,Daycare
Creative Art Montessori School,49.178379,-123.086968,160.0,"12551 Jensen Dr, Richmond, BC",Richmond,Daycare
Creative Beginnings Child Care Center,49.127662,-122.82858,103.0,"6878 142 St, Surrey, BC",Surrey,Daycare
Creative Beginnings Preschool,50.651853,-120.377866,173.0,"C - 1440 Hugh Allan Drive, Kamloops, BC",Kamloops,Daycare
Creative Childcare Centre,49.191375,-123.149718,191.0,"1891 Wellington Cres, Richmond, BC",Richmond,Daycare
Creative Clubhouse Childcare Inc,49.184318,-122.872177,263.0,"12642 100 Ave, Surrey, BC",Surrey,Daycare
Creative Corner,49.683275,-125.019213,231.0,"1953 Embleton Cres, Courtenay, BC",Courtenay,Daycare
Creative Corner Daycare,56.258599,-120.839871,218.0,"9536 113 Ave, Fort St. John, BC",Fort St. John,Daycare
Creative Corner Early Childhood Learning Centre,50.772778,-120.342139,236.0,"810 Sicamore Dr, Kamloops, BC",Kamloops,Daycare
Creative Daycare,49.148591,-123.144094,162.0,"7271 Francis Rd, Richmond, BC",Richmond,Daycare
Creative Discovery Early Learning,49.190879,-122.551471,189.0,"24189 103A Ave, Maple Ridge, BC",Maple Ridge,Daycare
Creative Edge School Of Arts Ltd.,49.057177,-122.273425,148.0,"300-3033 Immel St, Abbotsford, BC",Abbotsford,Daycare
Creative Explorer's Daycare,49.144339,-122.846633,268.0,"4  13570  78Th Ave, Surrey, BC",Surrey,Daycare
Creative Gigglers Family Child Care,49.32398,-124.335749,95.0,"213 Cameron St, Parksville, BC",Parksville,Daycare
Creative Island Child Care,49.290108,-122.75373,128.0,"3392 Creston Close, Coquitlam, BC",Coquitlam,Daycare
Creative Kids Childcare Learning Centre Inc,49.232885,-122.785182,175.0,"1144 Confederation Dr, Port Coquitlam, BC",Port Coquitlam,Daycare
Creative Kids Family Child Care,49.184834,-122.945808,198.0,"232 Howes St, New Westminster, BC",New Westminster,Daycare
Creative Kids Learning Centers - Chilliwack,49.123831,-121.959052,143.0,"200 6640 Vedder Rd, Chilliwack, BC",Chilliwack,Daycare
Creative Kids Learning Centers - Hazelmere,49.106866,-122.738101,287.0,"388 175 A St, Surrey, BC",Surrey,Daycare
Creative Kids Learning Centers - Langley Meadows,49.11817,-122.670454,209.0,"101-19916 64 Ave, Langley, BC",Langley,Daycare
Creative Kids Learning Centers - Morgan Crossing,49.045396,-122.783699,190.0,"101-15850 24 Ave, Surrey, BC",Surrey,Daycare
Creative Kids Learning Centers - Newton,49.137885,-122.856975,205.0,"1010-7445 132 St, Surrey, BC",Surrey,Daycare
Creative Kids Learning Centers - Rosemary,49.06361,-122.796989,283.0,"15350 34 Ave, Surrey, BC",Surrey,Daycare
Creative Kids Learning Centers - Sullivan,49.118078,-122.801109,173.0,"206 6355 152Nd St, Surrey, BC",Surrey,Daycare
Creative Kids Learning Centers - Willowbrook,49.114916,-122.681494,222.0,"19543 Fraser Hwy, Surrey, BC",Surrey,Daycare
Creative Kids Montessori & Fine Arts Academy (Multi-Age),49.248444,-123.164317,219.0,"2663 West King Edward, Vancouver, BC",Vancouver,Daycare
Creative Little Learners,48.465683,-123.49819,233.0,"2323 Belair Rd, Victoria, BC",Victoria,Daycare
Creative Minds Child Care,49.061682,-122.488539,204.0,"26538 33 Ave, Aldergrove, BC",Aldergrove,Daycare
Creative Minds Early Learning Centre,49.237542,-123.19781,233.0,"5351 Camosun St, Vancouver, BC",Vancouver,Daycare
Creative Moments Childcare Centre,49.129685,-122.868064,92.0,"105 6977 128 St, Surrey, BC",Surrey,Daycare
Creative Moments Childcare Centre,49.130011,-122.868152,214.0,"102-7015 128 St, Surrey, BC",Surrey,Daycare
Creative Moments Childcare Centre,49.133194,-122.663226,228.0,"20178 72Nd Ave, Langley, BC",Langley,Daycare
Creative Nest Academy,49.168196,-122.580569,113.0,"103-9103 Glover Rd, Fort Langley, BC",Fort Langley,Daycare
Creative Orchids Early Childhood Centre,48.992597,-123.820964,154.0,"232 High St, Ladysmith, BC",Ladysmith,Daycare
Creative Path Daycare,49.122373,-122.854666,250.0,"6579 133 St, Surrey, BC",Surrey,Daycare
Creative Path Daycare 02,49.160721,-122.8072,267.0,"8681 150 St, Surrey, BC",Surrey,Daycare
Creative Play And Pre K Hall Rd,49.860231,-119.436812,178.0,"3466 Hall Rd, Kelowna, BC",Kelowna,Daycare
Creative Play And Pre K Raymer,49.864546,-119.475046,178.0,"1195 Raymer Ave, Kelowna, BC",Kelowna,Daycare
Creative Playspace Childcare,49.212345,-123.977174,186.0,"3342 Smugglers Hill Dr, Nanaimo, BC",Nanaimo,Daycare
Creative Stage,49.027151,-122.799805,215.0,"1-1381 George St, White Rock, BC",White Rock,Daycare
Creative Steps Multi-Age Daycare Ltd,49.11416,-122.828131,146.0,"14218 61A Ave, Surrey, BC",Surrey,Daycare
Creative Tots Montessori & Daycare,49.236738,-123.021607,143.0,"3756 Burke St, Burnaby, BC",Burnaby,Daycare
Creative Trails Preschool,49.222226,-122.658653,217.0,"20285 Dewdney Trunk Rd, Maple Ridge, BC",Maple Ridge,Daycare
Creative Wonders Family Daycare,49.109051,-122.796176,252.0,"5878 Kettle Cres E, Surrey, BC",Surrey,Daycare
Creatively Crafted Childcare - The Chill Zone,49.158638,-123.185534,251.0,"3760 Moresby Dr, Richmond, BC",Richmond,Daycare
Creator Childcare Learning Center Inc,49.154979,-121.949157,245.0,"8408 Piper Cres, Chilliwack, BC",Chilliwack,Daycare
Credo Christian Schools,49.0957585,-122.6179714,,"21846 52 Ave, Langley, BC",Langley,Elementary-Secondary Independent School
Creek Angels Daycare Inc.,49.169954,-122.834279,161.0,"14006 92Nd Ave, Surrey, BC",Surrey,Daycare
Creekside Child Care,49.156022,-121.817938,284.0,"8416 Bradshaw Pl, Chilliwack, BC",Chilliwack,Daycare
Creekside Elementary,49.1680232,-122.8397032,490.0,"13838 91 Ave, Surrey, BC",Surrey,Elementary Public School
Creekview Tiny Tots (18Mths - 3Yrs Gdc),49.269319,-123.137045,264.0,"1483 Lamey's Mill Rd, Vancouver, BC",Vancouver,Daycare
Creo Kids,49.025265,-122.801356,201.0,"1253 Johnston Rd, White Rock, BC",White Rock,Daycare
Crescendo Childcare Centre,49.281261,-122.99809,174.0,"4663 Hastings St, Burnaby, BC",Burnaby,Daycare
Crescent Park Elementary,49.0467635,-122.8671394,490.0,"2440 128 St, Surrey, BC",Surrey,Elementary Public School
Crescent Park Elementary,55.7700494,-120.2495406,175.0,"9300 17 St, Dawson Creek, BC",Dawson Creek,Elementary Public School
Cribs And Crayons,49.331075,-123.085021,99.0,"509 24Th St W, North Vancouver, BC",North Vancouver,Daycare
Cribs To Crayons Daycare Ltd,49.27232,-122.803475,124.0,"2860 Dewdney Trunk Rd, Coquitlam, BC",Coquitlam,Daycare
Crofton Elementary Community School,48.8606617,-123.644577,195.0,"PO Box 80, Crofton, BC",Crofton,Elementary Public School
Crofton House,49.2346833,-123.1758452,,"3200 West 41st Ave, Vancouver, BC",Vancouver,Elementary-Secondary Independent School
Crofton Kidz Out Of School,48.860662,-123.644577,129.0,"8017 York Ave, Crofton, BC",Crofton,Daycare
Cromie Home Daycare,49.083153,-123.086908,180.0,"4929 44 Ave, Delta, BC",Delta,Daycare
Crossroads Learning Centre,50.2483917,-118.9638067,,"3602 30 Ave, Vernon, BC",Vernon,Secondary Public School
Crown Parent Participation Preschool,49.248114,-123.187481,156.0,"3741 27Th Ave W, Vancouver, BC",Vancouver,Daycare
Crystal Star Day Care,49.196274,-123.104683,172.0,"10631 Gilmore Cres, Richmond, BC",Richmond,Daycare
Crystal View Elementary,48.4529107,-123.4778747,310.0,"2662 Silverstone Way, Victoria, BC",Victoria,Elementary Public School
Ctots Childhood Education Centre,48.443636,-123.361387,285.0,"2955 Glasgow St, Victoria, BC",Victoria,Daycare
Ctots Childhood Education Centre Expansion,48.443426,-123.361333,213.0,"2951 Glasgow St, Victoria, BC",Victoria,Daycare
Cub Club Childcare,49.235699,-124.016792,209.0,"5861 Parkway Dr, Nanaimo, BC",Nanaimo,Daycare
Cubby Campus Childcare Centre,49.336212,-123.09554,237.0,"2968 Thorncliffe Dr, North Vancouver, BC",North Vancouver,Daycare
Cubby Cottage Family Childcare,49.164925,-122.789873,208.0,"8912 156Th St, Surrey, BC",Surrey,Daycare
Cubs On Kent Daycare Ltd,49.184195,-121.935395,244.0,"10033 Kent Rd, Chilliwack, BC",Chilliwack,Daycare
Cuckoo's Nest,48.735298,-123.683415,102.0,"4627 Russell Rd, Duncan, BC",Duncan,Daycare
Cuddle Bear Family Daycare,50.706935,-120.394039,165.0,"1055 Oxford St, Kamloops, BC",Kamloops,Daycare
Cuddle Bugz Childcare,48.793634,-123.738194,166.0,"3337 Limerick Rd, Duncan, BC",Duncan,Daycare
Cuddly Cubs Childcare,49.212422,-122.562665,213.0,"11564 Creekside St, Maple Ridge, BC",Maple Ridge,Daycare
Cultus Lake Swílhcha Community School,49.0730107,-121.9763288,195.0,"71 Sunnyside Blvd, Cultus Lake, BC",Cultus Lake,Elementary Public School
Cumberland Community School,49.6212176,-125.0327783,565.0,"2674 Windermere Ave, Cumberland, BC",Cumberland,Elementary Jr. Secondary Public School
Cumberland Family Daycare,49.626046,-125.024472,239.0,"3402 Bevan Rd, Cumberland, BC",Cumberland,Daycare
Curiosity Corner Preschool Society,49.250148,-123.18115,208.0,"3455 King Edward Ave W, Vancouver, BC",Vancouver,Daycare
Curiosity Grove - Walnut Grove,49.163342,-122.641827,245.0,"8889 Walnut Grove Dr, Langley, BC",Langley,Daycare
Curious Cubs,50.990033,-118.184934,239.0,"417 Moss St, Revelstoke, BC",Revelstoke,Daycare
Curious Cubs Childcare Centre,49.17197,-122.64552,191.0,"9306 208 St, Langley, BC",Langley,Daycare
Curious Cubs Early Learning Centre,50.005627,-114.926666,206.0,"2-2200 Balmer Dr, Elkford, BC",Elkford,Daycare
Curious Kids Children's Center,49.056493,-122.469925,215.0,"27233 29A Ave, Aldergrove, BC",Aldergrove,Daycare
Curious Minds Learning Centre - Eric Langton,49.223658,-122.595858,219.0,"12138 Edge St, Maple Ridge, BC",Maple Ridge,Daycare
Curious Minds Learning Centre Ltd,49.211976,-122.644278,294.0,"20820 River Rd, Maple Ridge, BC",Maple Ridge,Daycare
Curious Minds Learning Centre Ltd,49.222029,-122.626402,185.0,"21410 Glenwood Ave, Maple Ridge, BC",Maple Ridge,Daycare
Curious Minds Learning Centre Ltd - Mrss,49.225722,-122.614463,245.0,"21911 122 Ave, Maple Ridge, BC",Maple Ridge,Daycare
Curious Minds Montessori Daycare,50.757956,-120.34863,295.0,"2955 Westsyde Rd, Kamloops, BC",Kamloops,Daycare
Customized Learning Centre (CLC),49.243061,-122.8408012,,"1600 King Albert Ave, Coquitlam, BC",Coquitlam,Secondary Public School
Cute Flowers Child Care Centre,49.342866,-123.16503,162.0,"1890 Rosebery Ave, West Vancouver, BC",West Vancouver,Daycare
Cutefeet Childcare,49.059823,-122.276559,248.0,"3185 Lukiv Terrace, Abbotsford, BC",Abbotsford,Daycare
Cuties Child Care Centre,49.122959,-122.830156,153.0,"6619 141B St, Surrey, BC",Surrey,Daycare
Cvca Kidz Care,52.836043,-119.262909,184.0,"1100 Main St, Valemount, BC",Valemount,Daycare
Cypress Park Kids Club,49.341196,-123.237761,303.0,"4355 Marine Dr, West Vancouver, BC",West Vancouver,Daycare
Cypress Park Playschool,49.34123,-123.237838,217.0,"4355 Marine Dr, West Vancouver, BC",West Vancouver,Daycare
Cypress Park Primary,49.3412297,-123.2378384,95.0,"4355 Marine Dr, West Vancouver, BC",West Vancouver,Elementary Public School
Cyrus Childcare Centre,49.19948,-122.815637,154.0,"14672 108A Ave, Surrey, BC",Surrey,Daycare
D'ace Little Angels Family Child Care,49.213904,-123.117548,204.0,"506 62Nd Ave W, Vancouver, BC",Vancouver,Daycare
D's Daycare,49.245862,-122.772972,245.0,"1639 Pitt River Rd, Port Coquitlam, BC",Port Coquitlam,Daycare
D. P. Todd Secondary,53.9230418,-122.8120023,600.0,"4444 Hill Ave, Prince George, BC",Prince George,Secondary Public School
D.W. Poppy Secondary,49.0953643,-122.5660362,1125.0,"23752 52 Ave, Langley, BC",Langley,Secondary Public School
Dad Does It Childcare,53.912243,-122.792058,35.0,"1341 Kellogg Ave, Prince George, BC",Prince George,Daycare
Daddy Daycare,49.36013,-124.492156,226.0,"1080 Troy Pl, Qualicum Beach, BC",Qualicum Beach,Daycare
Daisy Academy Montessori Preschool,49.204449,-123.134387,278.0,"8886 Hudson St, Vancouver, BC",Vancouver,Daycare
Dakii Yadze Out Of School Care Centre,55.817853,-121.786849,163.0,"Moberly Lake First Nations, Moberly Lake, BC",Moberly Lake,Daycare
Dallas Elementary,50.6673263,-120.1729595,340.0,"296 Harper Rd, Kamloops, BC",Kamloops,Elementary Public School
Dancing Bears Family Day Care,48.435897,-123.317015,168.0,"2482 Eastdowne Rd, Victoria, BC",Victoria,Daycare
Dancing Dinos Daycare,50.67183,-121.911158,183.0,"2987 Likely Rd, 150 Mile House, BC",150 Mile House,Daycare
Dandelion Daycare Centre,49.214518,-122.97803,223.0,"5870 Rumble St, Burnaby, BC",Burnaby,Daycare
Dandelion Fields Outdoor Preschool,49.101197,-121.944412,225.0,"46200 Stoneview Dr, Chilliwack, BC",Chilliwack,Daycare
Dandilions & Daisies Family Day Care,53.955812,-122.763427,276.0,"3473 Clearwood Cres, Prince George, BC",Prince George,Daycare
Daniel Woodward Elementary,49.1376887,-123.0965774,320.0,"10300 Seacote Rd, Richmond, BC",Richmond,Elementary Public School
Danu Child Care,53.256241,-132.08374,231.0,"302 1St Ave, Queen Charlotte, BC",Queen Charlotte,Daycare
Dasmesh Punjabi School,49.1101876,-122.292956,,"5930 Riverside St, Abbotsford, BC",Abbotsford,Elementary-Secondary Independent School
Dave Kandal Elementary,49.0669336,-122.3798468,265.0,"3551 Crestview Ave, Abbotsford, BC",Abbotsford,Elementary Public School
David Brankin Elementary,49.1695538,-122.8677229,665.0,"9160 128 St, Surrey, BC",Surrey,Elementary Public School
David Brankin Preschool,49.169553,-122.867719,153.0,"9160 128Th St, Surrey, BC",Surrey,Daycare
David Cameron Elementary,48.4427183,-123.4975295,575.0,"675 Meaford Ave, Victoria, BC",Victoria,Elementary Public School
David Hoy Elementary,54.4479499,-124.2577481,320.0,"PO Box 880, Fort St. James, BC",Fort St. James,Elementary Public School
David Livingstone Elementary,49.2506753,-123.0976803,365.0,"315 23rd Ave E, Vancouver, BC",Vancouver,Elementary Public School
David Lloyd George Elementary,49.2102371,-123.1363511,440.0,"8370 Cartier St, Vancouver, BC",Vancouver,Elementary Public School
David Oppenheimer Elementary,49.2135456,-123.058172,415.0,"2421 Scarboro Ave, Vancouver, BC",Vancouver,Elementary Public School
David Stoddart School,51.0857097,-121.5895074,325.0,"PO Box 129, Clinton, BC",Clinton,Elementary-Secondary Public School
David Thompson Elementary,50.76733128,-120.3530798,315.0,"1051 Pinesprings Rd, Kamloops, BC",Kamloops,Elementary Public School
David Thompson Secondary,49.2208643,-123.0705555,1550.0,"1755 55th Ave E, Vancouver, BC",Vancouver,Elementary Public School
David Thompson Secondary,50.5022144,-116.0411422,675.0,"1535 14th St Unit 1 Rr 4, Invermere, BC",Invermere,Secondary Public School
Davidson Road Elementary,50.0495838,-119.4278834,415.0,"2115 Davidson Rd, Lake Country, BC",Lake Country,Elementary Public School
Davidson ymca Kids Club,49.183217,-122.791334,175.0,"15550 99A Ave, Surrey, BC",Surrey,Daycare
Davie Jones Elementary,49.2213599,-122.6828236,370.0,"12030 Blakely Rd, Pitt Meadows, BC",Pitt Meadows,Elementary Public School
Davis Bay Elementary,49.4434437,-123.7225331,170.0,"PO Box 512, Sechelt, BC",Sechelt,Elementary Public School
Dawson Creek Secondary,55.7546578,-120.2353378,750.0,"10808 15 St, Dawson Creek, BC",Dawson Creek,Secondary Public School
Dawson Creek Veterinary Clinic Daycare Ltd.,55.745555,-120.207608,172.0,"233 115 Ave, Dawson Creek, BC",Dawson Creek,Daycare
Day Dreamers Day Care Ltd,48.667456,-123.641385,230.0,"2051 Ingot Dr, Cobble Hill, BC",Cobble Hill,Daycare
Daybwaywin Nature School,48.405667,-123.761288,143.0,"3202 Young Lake Rd, Sooke, BC",Sooke,Daycare
Daycare Connection,49.886922,-119.481529,122.0,"934 Bernard Ave, Kelowna, BC",Kelowna,Daycare
Daycare For Multiple Intelligences,49.116608,-122.745712,128.0,"17209 62A Ave, Surrey, BC",Surrey,Daycare
Daycare Plus Child Development Centre,49.330433,-123.167249,341.0,"2062 Esquimalt Ave, West Vancouver, BC",West Vancouver,Daycare
Dayhome Friends Care,50.699443,-119.273197,180.0,"60 10 St Se, Salmon Arm, BC",Salmon Arm,Daycare
Dd's Playhouse,49.204382,-122.931725,157.0,"440 14Th St, New Westminster, BC",New Westminster,Daycare
Dease Lake School,58.438371,-130.0134231,170.0,"PO Box 280, Dease Lake, BC",Dease Lake,Elementary-Secondary Public School
Debbie's Daycare On Main,49.157415,-122.937767,224.0,"10309 Main St, Delta, BC",Delta,Daycare
Decker Lake Before & After School Care,54.284717,-125.825946,242.0,"6710 Decker Lake Frontage Rd, Burns Lake, BC",Burns Lake,Daycare
Decker Lake Elementary,54.2847174,-125.8259457,195.0,"6710 Decker Lake Frtg Rd, Burns Lake, BC",Burns Lake,Elementary Public School
Dedic Family Day Care,49.21225,-122.931561,218.0,"1015 8Th Ave, New Westminster, BC",New Westminster,Daycare
Deep Cove Elementary,48.6802816,-123.4565387,345.0,"10975 West Saanich Rd, North Saanich, BC",North Saanich,Elementary Public School
Deep Cove Kid Club,48.680282,-123.456539,261.0,"10975 West Saanich Rd, North Saanich, BC",North Saanich,Daycare
Deep Cove Out Of School Care,49.318,-122.951336,191.0,"1204 Caledonia Ave, North Vancouver, BC",North Vancouver,Daycare
Deep Cove Parent Participation Preschool,49.318366,-122.950569,174.0,"1204 Caledonia Ave, North Vancouver, BC",North Vancouver,Daycare
Deer Lake Child Care,49.238338,-122.965195,186.0,"5135 Sperling Ave, Burnaby, BC",Burnaby,Daycare
Deer Lake SDA School,49.2417972,-122.982951,,"5550 Gilpin St, Burnaby, BC",Burnaby,Elementary-Secondary Independent School
Deer Lake Seventh-Day Adventist School,49.241798,-122.983027,311.0,"5550 Gilpin St, Burnaby, BC",Burnaby,Daycare
Delbrook Preschool,49.33613,-123.093165,253.0,"851 Queens Rd W, North Vancouver, BC",North Vancouver,Daycare
Delbrook Wonderland Academy,49.343255,-123.086497,186.0,"120-3721 Delbrook Ave, North Vancouver, BC",North Vancouver,Daycare
Delbrook Wonderland Academy,49.343297,-123.086546,202.0,"#120 - 3721 Delbrook Ave, North Vancouver, BC",North Vancouver,Daycare
Delta Access,49.1264214,-122.9022579,,"4750 57 St, Delta, BC",Delta,Secondary Public School
Delta Christian Family Child Care,49.160922,-122.914301,199.0,"11138 87 Ave, Delta, BC",Delta,Daycare
Delta Christian School,49.0895478,-123.07653,,"4789 53 St, Delta, BC",Delta,Elementary Independent School
Delta Continuing Education,49.1531673,-122.9023816,,"4750 57 St, Delta, BC",Delta,Secondary Public School
Delta Daycare Inc,49.142632,-122.900425,168.0,"7675 116A St, Delta, BC",Delta,Daycare
Delta Funtime Out Of School Care,49.172354,-122.901181,288.0,"9316 116 St, Delta, BC",Delta,Daycare
Delta Secondary,49.0857765,-123.0826688,1300.0,"4615 51 St, Delta, BC",Delta,Secondary Public School
Delview Secondary,49.1683635,-122.903508,700.0,"9111 116 St, Delta, BC",Delta,Secondary Public School
Denetia Elementary,59.924296,-128.496522,25.0,"PO Box 40, Lower Post, BC",Lower Post,Elementary Public School
Denman Island Community School,49.5354264,-124.8164661,95.0,"1100 Northwest Rd, Denman Island, BC",Denman Island,Elementary Public School
Departure Bay Children's Centre,49.203399,-123.971276,288.0,"2725 Departure Bay Rd, Nanaimo, BC",Nanaimo,Daycare
Departure Bay Elementary,49.2073796,-123.9735906,295.0,"3004 Departure Bay Rd, Nanaimo, BC",Nanaimo,Elementary Public School
Deroche Elementary,49.190393,-122.0747274,170.0,"10340 N Deroche Rd, Deroche, BC",Deroche,Elementary Public School
Des Cascades,48.7739624,-123.6927181,70.0,"3039 Sprott St, Duncan, BC",Duncan,Elementary Public School
Desert Palms,50.634041,-120.356279,277.0,"2623 Willowbrae Dr, Kamloops, BC",Kamloops,Daycare
Desert Sands Community School,50.7343244,-121.2682204,540.0,"PO Box 669, Ashcroft, BC",Ashcroft,Elementary-Secondary Public School
Desiree's Family Daycare,49.307015,-117.660869,247.0,"1480 Selkirk Ave, Castlegar, BC",Castlegar,Daycare
Devereaux Elementary,55.7526233,-120.5074449,145.0,"11600 7th St, Dawson Creek, BC",Dawson Creek,Elementary Public School
Devon Gardens Elementary,49.164477,-122.9137479,420.0,"8884 Russell Dr, Delta, BC",Delta,Elementary Public School
Dewdney Elementary,49.1657698,-122.1966474,195.0,"37151 Hawkins-Pickle Rd B107, Dewdney, BC",Dewdney,Elementary Public School
Dharma Kids Centre,49.03168,-119.466087,205.0,"8507 74 Ave, Osoyoos, BC",Osoyoos,Daycare
Dharma Kids Centre,49.249888,-122.935675,212.0,"3821 Piper Ave, Burnaby, BC",Burnaby,Daycare
Di's Daycare,49.018127,-119.465857,77.0,"14 Heather Pl, Osoyoos, BC",Osoyoos,Daycare
Diamond Vale Elementary,50.1035703,-120.7755288,290.0,"2675 Coldwater Ave, Merritt, BC",Merritt,Elementary Public School
Diamond Vale Elementary School,50.10357,-120.775529,172.0,"2675 Coldwater Ave, Merritt, BC",Merritt,Daycare
Dicken's Out Of School Care,49.254857,-123.082392,179.0,"1010 17Th Ave E, Vancouver, BC",Vancouver,Daycare
Dino Discovery Daycare,49.06397,-122.373234,214.0,"3398 Nightingale Dr, Abbotsford, BC",Abbotsford,Daycare
Dino Multi-Age Daycare,49.295663,-122.783124,238.0,"3106 Fisher Crt, Coquitlam, BC",Coquitlam,Daycare
Dino-Mites Preschool,49.148745,-123.180357,313.0,"4071 Francis Rd, Richmond, BC",Richmond,Daycare
Dino-Roo Daycare,49.267878,-124.829016,137.0,"5517 Swallow Dr, Port Alberni, BC",Port Alberni,Daycare
Dinosaur Daycare Ltd.,49.311692,-123.035383,116.0,"625 Mountain Hwy, North Vancouver, BC",North Vancouver,Daycare
Dinosaur Daycare Ltd.,49.311692,-123.035383,224.0,"625 Mountain Hwy, North Vancouver, BC",North Vancouver,Daycare
Discover Montessori Preschool,49.110572,-121.976237,159.0,"202-5960 Tyson Rd, Chilliwack, BC",Chilliwack,Daycare
Discover Montessori School,49.1844741,-123.9651027,,"3460 Jingle Pot Rd, Nanaimo, BC",Nanaimo,Elementary Jr. Secondary Independent School
Discover Montessori School,49.187763,-124.0435,171.0,"3460 Jingle Pot Rd, Nanaimo, BC",Nanaimo,Daycare
Discover Possibilities,49.242417,-123.03941,128.0,"3192 Queens Ave, Vancouver, BC",Vancouver,Daycare
Discovery Before & After School Care,49.168888,-123.178104,170.0,"6211 Forsyth Cres, Richmond, BC",Richmond,Daycare
Discovery Childcare Centre,49.215768,-122.938322,248.0,"49 7411 12 Ave, Burnaby, BC",Burnaby,Daycare
Discovery Elementary,48.6526517,-123.6518057,365.0,"2204 Mckean Rd, Shawnigan Lake, BC",Shawnigan Lake,Elementary Public School
Discovery Elementary School Out Of School Care,48.652652,-123.651806,146.0,"2204 Mckean Rd, Shawnigan Lake, BC",Shawnigan Lake,Daycare
Discovery Family Child Care,49.274604,-123.064243,198.0,"1958 Napier St, Vancouver, BC",Vancouver,Daycare
Discovery Kids Club,50.694431,-119.256788,285.0,"2460 Auto Road Se, Salmon Arm, BC",Salmon Arm,Daycare
Discovery Montessori Day Care,49.168888,-123.178104,236.0,"6211 Forsythe Cres, Richmond, BC",Richmond,Daycare
Discovery School,48.4754426,-123.4130713,,"4052 Wilkinson Rd, Victoria, BC",Victoria,Elementary-Secondary Independent School
Discovery Station Preschool,49.134265,-122.666307,194.0,"20097 72 Ave, Langley, BC",Langley,Daycare
Discovery Time Day Care Centre,49.026043,-122.803516,145.0,"15115 Roper Ave, White Rock, BC",White Rock,Daycare
Discovery Time School Age Care,49.030806,-122.799692,302.0,"1568 George St, White Rock, BC",White Rock,Daycare
Discovery World Daycare,49.870191,-119.483527,205.0,"870 Francis Ave, Kelowna, BC",Kelowna,Daycare
Discovery Years Childcare,49.904319,-119.375892,253.0,"585 Patrick Rd, Kelowna, BC",Kelowna,Daycare
District 42 Alternative Secondary,49.2131255,-122.5815464,,"23125 116 Ave, Maple Ridge, BC",Maple Ridge,Secondary Public School
Diversity Childcare Centre,49.050193,-122.348161,174.0,"31606 Clearview Cres, Abbotsford, BC",Abbotsford,Daycare
Dj's Daycare,49.490317,-119.538911,201.0,"1084 Holden Rd, Penticton, BC",Penticton,Daycare
Do-Re-Mi Kids In Learning,49.302825,-122.752702,200.0,"1483 Cadena Crt, Coquitlam, BC",Coquitlam,Daycare
Dogwood Elementary,49.198073,-122.7867541,490.0,"10752 157 St, Surrey, BC",Surrey,Elementary Public School
Dolly's Child Care,49.194087,-122.815905,262.0,"14661 105A Ave, Surrey, BC",Surrey,Daycare
Don Christian Elementary,49.116511,-122.7123101,390.0,"6256 184 St, Surrey, BC",Surrey,Elementary Public School
Don Christian Recreation Centre,49.115366,-122.712288,197.0,"6220 184Th St, Surrey, BC",Surrey,Daycare
Don Moore Childcare,49.290767,-122.753175,236.0,"3392 Don Moore Dr, Coquitlam, BC",Coquitlam,Daycare
Don Ross Middle School,49.7731249,-123.153031,600.0,"PO Box 299, Brackendale, BC",Brackendale,Middle School Public School
Don Titus Montessori,55.6987909,-121.6375419,220.0,"PO Box 538, Chetwynd, BC",Chetwynd,Elementary Public School
Donald E McKay Elementary,49.1595535,-123.1648437,290.0,"7360 Lombard Rd, Richmond, BC",Richmond,Elementary Public School
Doncaster Elementary,48.4564562,-123.3378961,455.0,"1525 Rowan St, Victoria, BC",Victoria,Elementary Public School
Doncaster-Oakcrest Child Care,48.456447,-123.337874,137.0,"1525 Rowan St, Victoria, BC",Victoria,Daycare
Donguri Preschool,49.263054,-123.176515,284.0,"3214 10Th Ave W, Vancouver, BC",Vancouver,Daycare
Donna Gabriel Robins Elementary,49.1454276,-122.6540963,555.0,"7844 204b St, Langley, BC",Langley,Elementary Public School
Donna Gabriel Robins Jb4,49.145437,-122.654096,191.0,"7844 204B St, Langley, BC",Langley,Daycare
Doodle Bug Learning Center,48.658975,-123.651192,229.0,"2200 Mcintosh Rd, Shawnigan Lake, BC",Shawnigan Lake,Daycare
Doodle Dapple Daycare,49.287842,-124.341365,112.0,"1380 Terrace Rd, Errington, BC",Errington,Daycare
Doodle's Daycare,49.218018,-122.567677,271.0,"11870 236Th St, Maple Ridge, BC",Maple Ridge,Daycare
Doodlebugs Daycare,53.903596,-122.760885,64.0,"30A-2131 Upland St, Prince George, BC",Prince George,Daycare
Doran Family Child Care,49.344445,-123.037751,258.0,"3780 Mountain Hwy, North Vancouver, BC",North Vancouver,Daycare
Dormick Park Elementary,49.0445775,-122.3325812,240.0,"32161 Dormick Avenue, Abbotsford, BC",Abbotsford,Elementary Public School
Dorothea Walker Elementary,49.8262626,-119.483765,385.0,"4346 Gordon Dr, Kelowna, BC",Kelowna,Elementary Public School
Dorothy Lynas Elementary,49.3205256,-122.9607301,640.0,"4000 Inlet Cres, North Vancouver, BC",North Vancouver,Elementary Public School
Dorothy Peacock Elementary,49.167824,-122.6602872,390.0,"20292 91a Ave, Langley, BC",Langley,Elementary Public School
Dougall Road Daycare,49.88594,-119.393087,150.0,"320 Dougall Rd S, Kelowna, BC",Kelowna,Daycare
Douglas College Early Childhood Education Center (Coquitlam),49.288088,-122.792533,141.0,"1250 Pinetree Way, Coquitlam, BC",Coquitlam,Daycare
Douglas College Ece Center (New Westminster),49.203116,-122.914494,285.0,"Room 2814 - 700 Royal Ave, New Westminster, BC",New Westminster,Daycare
Douglas Elementary,49.0056839,-122.7429954,650.0,"17325 2 Ave, Surrey, BC",Surrey,Elementary Public School
Douglas Out Of School Care Program,49.005684,-122.742995,255.0,"17325 2Nd Ave, Surrey, BC",Surrey,Daycare
Douglas Park Community,49.1009538,-122.6529381,345.0,"5409 206 St, Langley, BC",Langley,Elementary Public School
Douglas Park Preschool,49.25292,-123.121274,290.0,"801 22Nd Ave W, Vancouver, BC",Vancouver,Daycare
Douglas Park School Age Care,49.25292,-123.121274,174.0,"801 22Nd Ave W, Vancouver, BC",Vancouver,Daycare
Douglas Park Summer Preschool,49.25292,-123.121274,230.0,"801 22Nd Ave W, Vancouver, BC",Vancouver,Daycare
Douglas Road Elementary,49.2489859,-122.9819525,270.0,"4861 Canada Way, Burnaby, BC",Burnaby,Elementary Public School
Douglas Road Neighbourhood Care,49.248941,-122.981936,187.0,"4861 Canada Way, Burnaby, BC",Burnaby,Daycare
Douglas ymca Kids Club,49.216047,-123.064656,327.0,"2150 Brigadoon Ave, Vancouver, BC",Vancouver,Daycare
Doulgas Park Early Learning Care,49.100954,-122.652938,259.0,"5409 206 St, Langley, BC",Langley,Daycare
Dover Bay Secondary,49.2359071,-124.0320712,1325.0,"6135 Mcgirr Rd, Nanaimo, BC",Nanaimo,Elementary Public School
Dover Learning Center,49.218114,-122.616102,191.0,"21816 Dover Rd, Maple Ridge, BC",Maple Ridge,Daycare
Dover Learning Center - Ridge,49.217457,-122.608957,258.0,"22155 Lougheed Hwy, Maple Ridge, BC",Maple Ridge,Daycare
Down By The Bay Childcare Centre,48.576814,-123.455837,143.0,"1055 Damelart Way, Brentwood Bay, BC",Brentwood Bay,Daycare
Dr A R Lord Elementary,49.2795613,-123.0389001,365.0,"555 Lillooet St, Vancouver, BC",Vancouver,Elementary Public School
Dr Annie B Jamieson Elementary,49.2273837,-123.1209625,515.0,"6350 Tisdall Street, Vancouver, BC",Vancouver,Elementary Public School
Dr F D Sinclair Elementary,49.1387807,-122.8676162,585.0,"7480 128 St, Surrey, BC",Surrey,Elementary Public School
Dr George M Weir Elementary,49.2297571,-123.0445422,465.0,"2900 44th Ave E, Vancouver, BC",Vancouver,Elementary Public School
Dr H N Maccorkindale Elementary,49.2278819,-123.0294098,495.0,"6100 Battison St, Vancouver, BC",Vancouver,Elementary Public School
Dr Kearney Middle School,56.2535158,-120.8314941,525.0,"10723 92 St, Fort St John, BC",Fort St John,Middle School Public School
Dr Knox Middle School,49.9228948,-119.4347122,800.0,"121 Drysdale Blvd, Kelowna, BC",Kelowna,Middle School Public School
Dr R E McKechnie Elementary,49.2176287,-123.1535444,270.0,"7455 Maple St, Vancouver, BC",Vancouver,Elementary Public School
Dr Roberta Bondar Elementary,49.0718187,-122.3198826,365.0,"32717 Chilcotin Dr, Abbotsford, BC",Abbotsford,Elementary Public School
Dr Thomas A Swift Elementary,49.0664424,-122.259509,415.0,"34800 Mierau St, Abbotsford, BC",Abbotsford,Elementary Public School
Dr. D.A. Perley Elementary,49.0304596,-118.4504414,390.0,"PO Box 908, Grand Forks, BC",Grand Forks,Elementary Public School
Dragon Lake Elementary,52.97308524,-122.4329561,195.0,"2671 Hydraulic Rd, Quesnel, BC",Quesnel,Elementary Public School
Dragon's Grove,49.202631,-122.955653,203.0,"2201 London St, New Westminster, BC",New Westminster,Daycare
Dragonflies Childcare,49.805512,-124.518002,225.0,"7062 Tofino St, Powell River, BC",Powell River,Daycare
Dragonfly Discovery Children's Centre,50.50464,-116.030617,281.0,"818 12Th St, Invermere, BC",Invermere,Daycare
Dragonfly Lane Childcare,48.480505,-123.396287,224.0,"4160 Springridge Cres, Victoria, BC",Victoria,Daycare
Dream Builders Early Learning Centre,49.270907,-122.754538,224.0,"1116-1470 Prairie Ave, Port Coquitlam, BC",Port Coquitlam,Daycare
Dream Castle Childcare Centre Ltd,49.299701,-122.743515,234.0,"3542 Highland Dr, Coquitlam, BC",Coquitlam,Daycare
Dream Catchers Family Childcare,49.245334,-122.566739,269.0,"23686 Rock Ridge Dr, Maple Ridge, BC",Maple Ridge,Daycare
Dream Tree Day Care,49.251221,-122.826934,157.0,"2405 King Albert Ave, Coquitlam, BC",Coquitlam,Daycare
Dreamisland Daycare,50.260382,-119.274964,251.0,"104-3210 25 Ave, Vernon, BC",Vernon,Daycare
Dreamkids Childcare,49.283498,-122.810031,133.0,"207-1194 Lansdowne Dr, Coquitlam, BC",Coquitlam,Daycare
Dreamkids Childcare Ltd (Poco Location),49.271484,-122.75546,234.0,"B110 - 1475 Prairie Ave, Coquitlam, BC",Coquitlam,Daycare
Dreamkids Childcare Ltd. (Dream Location),49.283928,-122.809356,180.0,"201A-1194 Lansdowne Dr, Coquitlam, BC",Coquitlam,Daycare
Dreamland Family Childcare,49.316357,-123.041591,335.0,"1237 Adderley St, North Vancouver, BC",North Vancouver,Daycare
Dreamland Infant And Toddler Daycare Center,49.276666,-122.985914,187.0,"5365 Venables St, Burnaby, BC",Burnaby,Daycare
Dreamworks Daycare,49.352343,-123.106957,248.0,"4474 Capilano Rd, North Vancouver, BC",North Vancouver,Daycare
Dreamy Days Childcare And Learning Centre Ltd,49.12208,-121.954708,261.0,"45877 Verbena Dr, Chilliwack, BC",Chilliwack,Daycare
Dreamy Eyes Childcare Inc.,49.20281,-123.994553,155.0,"2742 Country Club Dr, Nanaimo, BC",Nanaimo,Daycare
Drinkwater Elementary,48.7966884,-123.7258642,415.0,"6236 Lane Rd, North Cowichan, BC",North Cowichan,Elementary Public School
Drinkwater Elementary Out Of School Care,48.796688,-123.725864,178.0,"6236 Lane Rd, Duncan, BC",Duncan,Daycare
Duchess Early Learning Centre,53.915011,-122.757765,190.0,"810 Winnipeg St, Prince George, BC",Prince George,Daycare
Duchess Park Secondary,53.9161314,-122.757402,900.0,"747 Winnipeg St, Prince George, BC",Prince George,Elementary Public School
Duckie View Daycare,49.135926,-122.667059,269.0,"7361 200A St, Langley, BC",Langley,Daycare
Dudes & Dolls Daycare Ltd,49.165346,-122.906054,150.0,"11419 89 Ave, Delta, BC",Delta,Daycare
Dufferin Elementary,50.6619608,-120.396674,190.0,"1880 Hillside Dr, Kamloops, BC",Kamloops,Elementary Public School
Dunbar Kids Club,49.247105,-123.188003,202.0,"3776 28Th Ave W, Vancouver, BC",Vancouver,Daycare
Dunbar Memorial Preschool,49.242816,-123.188252,277.0,"4747 Dunbar St, Vancouver, BC",Vancouver,Daycare
Dunbar-Queen Elizabeth Group Child Care,49.257169,-123.200937,269.0,"4102 16Th Ave W, Vancouver, BC",Vancouver,Daycare
Duncan Christian School,48.7811691,-123.6896859,,"495 Beech Ave, Duncan, BC",Duncan,Elementary-Secondary Independent School
Duncan Christian School Early Learning Program,48.781169,-123.689682,44.0,"495 Beech Ave, Duncan, BC",Duncan,Daycare
Duncan Cran Elementary,56.2357631,-120.8140492,365.0,"8130 89 Ave, Fort St John, BC",Fort St John,Elementary Public School
Duncan Cran Elementary (Little Kodiaks Clubhouse),56.235763,-120.814049,220.0,"8130 89 Ave, Fort St. John, BC",Fort St. John,Daycare
Dundarave Preschool By The Sea,49.333334,-123.181594,234.0,"2478 Bellevue Ave, West Vancouver, BC",West Vancouver,Daycare
Dunsmuir Middle School,48.4180159,-123.4848343,600.0,"3341 Painter Rd, Victoria, BC",Victoria,Middle School Public School
Durant Kids Center,49.287166,-122.805693,167.0,"1210 Durant Dr, Coquitlam, BC",Coquitlam,Daycare
Dynamic After School Care,49.884659,-119.424481,222.0,"1880A Baron Rd, Kelowna, BC",Kelowna,Daycare
Dynamic Kids Centre School Age,50.662083,-120.191449,109.0,"715 Uplands Crt, Kamloops, BC",Kamloops,Daycare
E2 Childcare,49.21548,-122.99861,243.0,"4642 Irmin St, Burnaby, BC",Burnaby,Daycare
E?cole Willow Point Elementary,49.9665346,-125.2151277,310.0,"250 Larwood Rd, Campbell River, BC",Campbell River,Elementary Public School
EBUS Academy,54.0193321,-124.0037148,,"187 E Victoria St, Vanderhoof, BC",Vanderhoof,Elementary-Secondary Public School
Eagle Harbour Montessori,49.353729,-123.260119,70.0,"5575 Marine Dr, West Vancouver, BC",West Vancouver,Elementary Public School
Eagle Harbour Montessori Childcare,49.353729,-123.260119,252.0,"5575 Marine Dr, West Vancouver, BC",West Vancouver,Daycare
Eagle Mountain Middle School,49.3005846,-122.8405792,500.0,"110 Dogwood Dr, Anmore, BC",Anmore,Middle School Public School
Eagle Ridge Elementary,49.2850575,-122.817086,405.0,"1215 Falcon Dr, Coquitlam, BC",Coquitlam,Elementary Public School
Eagle River Secondary,50.8381461,-118.9802031,375.0,"PO Box 9, Sicamous, BC",Sicamous,Elementary-Secondary Public School
Eagle Tree Family Centre,48.930287,-123.732551,204.0,"3172 Garner St, Chemainus, BC",Chemainus,Daycare
Eagle View Child Development Inc. Infant / Toddler Care,49.700137,-123.154117,231.0,"38073 Second Ave, Squamish, BC",Squamish,Daycare
Eagle View Child Development Preschool Age Care,49.700137,-123.154117,249.0,"38073 Second Ave, Squamish, BC",Squamish,Daycare
Eagle View Elementary,48.4662568,-123.4425396,270.0,"97 Talcott Rd, Victoria, BC",Victoria,Elementary Public School
Eagle View Elementary,50.7267084,-127.5005644,375.0,"PO Box 369, Port Hardy, BC",Port Hardy,Elementary Public School
Eagle View Out Of School Care,48.466271,-123.442684,155.0,"97 Talcott Rd, Victoria, BC",Victoria,Daycare
Eagle's Nest Aboriginal Head Start Preschool,49.280859,-123.09102,228.0,"618 Hastings St E, Vancouver, BC",Vancouver,Daycare
Eaglecrest Daycare,49.116599,-122.704197,281.0,"6280 187 St, Surrey, BC",Surrey,Daycare
Eaglekids Learning Centre - Squamish Ltd.,49.704019,-123.150048,212.0,"38380 Buckley Ave, Squamish, BC",Squamish,Daycare
Eaglekids Learning Centre - Squamish Ltd.,49.704019,-123.150048,290.0,"38380 Buckley Ave, Squamish, BC",Squamish,Daycare
Earl Marriott Secondary,49.0312624,-122.785439,1500.0,"15751 16 Ave, Surrey, BC",Surrey,Elementary Public School
Earles Montessori Learning,49.243142,-123.043923,202.0,"4686 Earles St, Vancouver, BC",Vancouver,Daycare
Early Beginnings Multi-Age Child Care,49.288773,-123.050711,132.0,"2643 mcgill St, Vancouver, BC",Vancouver,Daycare
Early Bird Daycare,48.385752,-123.719259,212.0,"6573 Steeple Chase, Sooke, BC",Sooke,Daycare
Early Days Childcare Centre,49.180619,-122.809645,284.0,"14891 98 Ave, Surrey, BC",Surrey,Daycare
Early Discoveries Inc.,49.340588,-124.444425,247.0,"886 Primrose St, Qualicum Beach, BC",Qualicum Beach,Daycare
Early Exployers Daycare,56.243192,-120.843683,185.0,"9621 98 St, Fort St. John, BC",Fort St. John,Daycare
Early Inquirers Preschool Ltd.,49.343974,-123.203286,227.0,"3175 Thompson Pl, West Vancouver, BC",West Vancouver,Daycare
Early Learning And Care,58.808703,-122.68929,209.0,"5246 45Th St, Fort Nelson, BC",Fort Nelson,Daycare
Early Learning Centre,49.51165,-115.052848,202.0,"1602 2Nd Ave, Fernie, BC",Fernie,Daycare
Early Learning Childcare Centre,49.223953,-122.968219,262.0,"6619 Brantford Ave, Burnaby, BC",Burnaby,Daycare
Early Learning Childcare Centre,49.269871,-122.79008,250.0,"101 3200 Westwood St, Port Coquitlam, BC",Port Coquitlam,Daycare
Early Learning Childcare Centre,49.276944,-122.756568,187.0,"3635 Coast Meridian Rd, Port Coquitlam, BC",Port Coquitlam,Daycare
Early Learning Childcare Centre,49.277395,-122.806534,185.0,"103-2764 Barnet Hwy, Coquitlam, BC",Coquitlam,Daycare
Early Learning Preschool Of The North,53.897018,-122.741261,210.0,"2588 Queensway, Prince George, BC",Prince George,Daycare
Early Learning Society Of Kamloops - Main Campus,50.663337,-120.320354,255.0,"1500 9 Ave, Kamloops, BC",Kamloops,Daycare
Early Steps,49.280271,-122.992918,192.0,"4890 Hastings St, Burnaby, BC",Burnaby,Daycare
Early Steps Academy Queens Park,49.207258,-122.913252,215.0,"601 Queens Ave, New Westminster, BC",New Westminster,Daycare
Early Steps Highgate,49.219153,-122.951032,197.0,"7327 Edmonds St, Burnaby, BC",Burnaby,Daycare
Early World Family Childcare,49.285032,-123.045637,133.0,"2845 Dundas St, Vancouver, BC",Vancouver,Daycare
Early Years Preschool,54.017015,-123.997932,311.0,"448 Connaught St, Vanderhoof, BC",Vanderhoof,Daycare
Earth Child Montessori School Alderbridge Way,49.17601,-123.141055,150.0,"7780 Alderbridge Way, Richmond, BC",Richmond,Daycare
Earth Child Montessori School Alderbridge Way,49.17601,-123.141055,178.0,"7780 Alderbridge Way, Richmond, BC",Richmond,Daycare
Earth Child Montessori School Alderbridge Way,49.17601,-123.141055,334.0,"7780 Alderbridge Way, Richmond, BC",Richmond,Daycare
East Chilliwack Elementary,49.1614174,-121.8636187,245.0,"49190 Chilliwack Central Rd, Chilliwack, BC",Chilliwack,Elementary Public School
East Hill Appletree,50.268544,-119.246816,314.0,"3605 12 St, Vernon, BC",Vernon,Daycare
East Kensington Elementary,49.052741,-122.7137719,100.0,"2795 184 St, Surrey, BC",Surrey,Elementary Public School
East Richmond Community Association Preschool,49.184488,-123.082317,254.0,"12800 Cambie Rd, Richmond, BC",Richmond,Daycare
East Van Child Care Centre,49.285957,-123.048836,192.0,"140 Slocan St N, Vancouver, BC",Vancouver,Daycare
East Village Kids,49.278235,-123.036266,38.0,"3198 Georgia St E, Vancouver, BC",Vancouver,Daycare
East Village Kids,49.278235,-123.036266,99.0,"3198 Georgia St E, Vancouver, BC",Vancouver,Daycare
East Village Kids Group Child Care,49.285163,-123.044155,244.0,"19 N Renfrew St, Vancouver, BC",Vancouver,Daycare
East Village Kids Preschool,49.285163,-123.044155,256.0,"19 N Renfrew St, Vancouver, BC",Vancouver,Daycare
Eastview Elementary,49.3249295,-123.0398737,465.0,"1801 Mountain Hwy, North Vancouver, BC",North Vancouver,Elementary Public School
Eaton Arrowsmith School (Vancouver) Ltd,49.2658743,-123.243407,,"660c Leg-In-Boot Square, Vancouver, BC",Vancouver,Elementary Jr. Secondary Independent School
Ebenezer Canadian Reformed School,54.7870957,-127.1349516,,"PO Box 3700, Smithers, BC",Smithers,Elementary-Secondary Independent School
Ecel (Langley),49.104352,-122.660786,237.0,"20279 56 Ave, Langley, BC",Langley,Daycare
Echelon Day Care,49.264202,-123.116974,216.0,"101 575 8 Ave W, Vancouver, BC",Vancouver,Daycare
Echo Academy,49.881328,-119.46302,192.0,"1605 Sutherland Ave, Kelowna, BC",Kelowna,Daycare
Echo Early Learning Center,49.882781,-119.378934,234.0,"535 Molnar Rd, Kelowna, BC",Kelowna,Daycare
Eco Bear In-Home Multi-Age Child Care,49.25983,-123.183002,112.0,"3545 14Th Ave W, Vancouver, BC",Vancouver,Daycare
Eco Kids Care Inc.,49.115834,-122.381674,296.0,"6256 Mt Lehman Rd, Abbotsford, BC",Abbotsford,Daycare
Eco Kids Care Inc.,49.118153,-122.383644,111.0,"6381 Mt Lehman Rd, Abbotsford, BC",Abbotsford,Daycare
Ecole Banting Middle,49.2656902,-122.876648,550.0,"820 Banting St, Coquitlam, BC",Coquitlam,Middle School Public School
Ecole Beairsto Elementary,50.2664146,-119.2668649,590.0,"3302 27 St, Vernon, BC",Vernon,Elementary Public School
Ecole Bearisto Elementary,50.266415,-119.266865,183.0,"3302 27 St, Vernon, BC",Vernon,Daycare
Ecole Cedardale,49.3335125,-123.1313714,300.0,"595 Burley Dr, West Vancouver, BC",West Vancouver,Elementary Public School
Ecole Central Elem School Of The Arts,56.2451802,-120.85198,365.0,"10215 99 Ave, Fort St John, BC",Fort St John,Elementary Public School
Ecole Citadel Middle,49.237808,-122.7768483,700.0,"1265 Citadel Dr, Port Coquitlam, BC",Port Coquitlam,Middle School Public School
Ecole Cobble Hill Elementary,48.6929195,-123.5899076,390.0,"3642 Learning Way, Cobble Hill, BC",Cobble Hill,Elementary Public School
Ecole Cobble Hill Elementary Out Of School Care,48.69292,-123.589908,144.0,"3642 Learning Way, Cobble Hill, BC",Cobble Hill,Daycare
Ecole Coquitlam River Elementary,49.2883885,-122.7660864,340.0,"4250 Shaughnessy St, Port Coquitlam, BC",Port Coquitlam,Elementary Public School
Ecole Des Deux Mondes Elementary,50.0177208,-125.2523851,220.0,"851 7th Ave, Campbell River, BC",Campbell River,Elementary Public School
Ecole Frank Ross Elementary,55.7717853,-120.2308905,490.0,"1000 92 Ave, Dawson Creek, BC",Dawson Creek,Elementary Public School
Ecole Glenayre Elementary,49.2733439,-122.8880611,475.0,"495 Glencoe Dr, Port Moody, BC",Port Moody,Elementary Public School
Ecole Glenbrook Middle School,49.2207077,-122.9113283,575.0,"701 Park Cres, New Westminster, BC",New Westminster,Middle School Public School
Ecole Heritage Park Middle School,49.1430611,-122.2900476,800.0,"33700 Prentis Ave, Mission, BC",Mission,Middle School Public School
Ecole Irvine Elementary,49.2822864,-122.7611785,390.0,"3862 Wellington St, Port Coquitlam, BC",Port Coquitlam,Elementary Public School
Ecole Jules Quesnel Elementary,49.2590403,-123.1925415,440.0,"3050 Crown St, Vancouver, BC",Vancouver,Elementary Public School
Ecole Kilmer Elementary,49.2436454,-122.7704957,340.0,"1575 Knappen St, Port Coquitlam, BC",Port Coquitlam,Elementary Public School
Ecole Kwayhquitlum Middle,49.2733526,-122.7694027,725.0,"3280 Flint St, Port Coquitlam, BC",Port Coquitlam,Middle School Public School
Ecole Lac Des Bois,53.916652,-122.7976598,635.0,"4131 Rainbow Dr, Prince George, BC",Prince George,Elementary Public School
Ecole Lloyd George Elementary,50.6698111,-120.320244,415.0,"830 Pine St, Kamloops, BC",Kamloops,Elementary Public School
Ecole Macaulay Elementary,48.4265323,-123.4061266,515.0,"1010 Wychbury Ave, Victoria, BC",Victoria,Elementary Public School
Ecole Maillard Middle,49.2441562,-122.8560816,500.0,"1300 Rochester Ave, Coquitlam, BC",Coquitlam,Middle School Public School
Ecole Maple Creek Middle,49.278463,-122.7820572,600.0,"3700 Hastings St, Port Coquitlam, BC",Port Coquitlam,Middle School Public School
Ecole Marigold School,48.4622703,-123.4076217,295.0,"3751 Grange Rd, Victoria, BC",Victoria,Elementary Public School
Ecole Mary Hill Elementary,49.2505557,-122.7762072,315.0,"1890 Humber Cres, Port Coquitlam, BC",Port Coquitlam,Elementary Public School
Ecole Millstream Elementary Seamless Day,48.466097,-123.495873,184.0,"626 Hoylake Ave, Victoria, BC",Victoria,Daycare
Ecole Montgomery Middle,49.2446769,-122.8413208,625.0,"1900 Edgewood Ave, Coquitlam, BC",Coquitlam,Elementary Public School
Ecole Moody Middle,49.2749656,-122.8387789,725.0,"3115 St. Johns St, Port Moody, BC",Port Moody,Elementary Public School
Ecole Mount Prevost Elementary,48.7950102,-123.7342393,460.0,"6177 Somenos Rd, North Cowichan, BC",North Cowichan,Elementary Public School
Ecole Mountainview,54.5233219,-128.6223017,270.0,"3505 Bailey St, Terrace, BC",Terrace,Elementary Public School
Ecole Mountainview Seamless Day Kindergarten,54.523322,-128.622302,221.0,"3505 Bailey St, Terrace, BC",Terrace,Daycare
Ecole Nestor Elementary,49.2902138,-122.7798314,515.0,"1266 Nestor St, Coquitlam, BC",Coquitlam,Elementary Public School
Ecole Panorama Heights Elementary,49.2998075,-122.7988979,480.0,"1455 Johnson St, Coquitlam, BC",Coquitlam,Elementary Public School
Ecole Panorama Ridge Secondary,49.1187872,-122.8549907,1400.0,"13220 64 Ave, Surrey, BC",Surrey,Elementary Public School
Ecole Pauline Johnson Elementary,49.3346346,-123.1694958,395.0,"1150 22nd St, West Vancouver, BC",West Vancouver,Elementary Public School
Ecole Petits Pieds,48.339241,-123.632839,97.0,"476 Becher Bay Rd, Sooke, BC",Sooke,Daycare
Ecole Phoenix Middle,50.0212565,-125.246145,725.0,"400 7th Ave, Campbell River, BC",Campbell River,Elementary Public School
Ecole Pitt River Middle,49.2547077,-122.7734624,450.0,"2070 Tyner St, Port Coquitlam, BC",Port Coquitlam,Middle School Public School
Ecole Poirier Elementary,48.3907233,-123.7189659,430.0,"PO Box 940, Sooke, BC",Sooke,Elementary Public School
Ecole Porter Street Elementary,49.2616119,-122.864626,415.0,"728 Porter St, Coquitlam, BC",Coquitlam,Elementary Public School
Ecole Puntledge Park Elementary,49.6844975,-125.014227,560.0,"401 Willemar Ave, Courtenay, BC",Courtenay,Elementary Public School
Ecole Qayqayt Elementary,49.2082515,-122.904856,650.0,"85 Merivale St, New Westminster, BC",New Westminster,Elementary Public School
Ecole Quadra Elementary,48.4459806,-123.360367,515.0,"3031 Quadra St, Victoria, BC",Victoria,Elementary Public School
Ecole Red Bluff Lhtako Elementary,52.9641483,-122.465946,245.0,"1533 Maple Dr, Quesnel, BC",Quesnel,Elementary Public School
Ecole Riverdale Elementary,49.20004,-122.8114131,580.0,"14835 108a Ave, Surrey, BC",Surrey,Elementary Public School
Ecole Riverside Secondary,49.2560572,-122.789099,1275.0,"2215 Reeve St, Port Coquitlam, BC",Port Coquitlam,Secondary Public School
Ecole Robb Road,49.6797383,-124.9320338,560.0,"1909 Robb Ave, Comox, BC",Comox,Elementary Public School
Ecole Rochester Elementary,49.2459068,-122.8512382,380.0,"411 Schoolhouse St, Coquitlam, BC",Coquitlam,Elementary Public School
Ecole Salish Secondary,49.1351569,-122.7120475,1500.0,"7278 184 St, Surrey, BC",Surrey,Secondary Public School
Ecole Seaforth Elementary,49.2518468,-122.936123,540.0,"7881 Government Rd, Burnaby, BC",Burnaby,Elementary Public School
Ecole Secondaire Ballenas Secondary,49.3219602,-124.3405983,950.0,"135 Pym Street, Parksville, BC",Parksville,Secondary Public School
Ecole Secondaire Mark R Isfeld Secondary,49.7032375,-124.9584299,850.0,"1551 Lerwick Rd, Courtenay, BC",Courtenay,Secondary Public School
Ecole Squamish Elementary,49.7039959,-123.1500039,420.0,"PO Box 1040, Squamish, BC",Squamish,Elementary Public School
Ecole Westwood Elementary,49.2775149,-122.7808645,415.0,"3610 Hastings St, Port Coquitlam, BC",Port Coquitlam,Elementary Public School
Ecole Willows Elementary,48.4358928,-123.3106859,605.0,"2290 Musgrave St, Victoria, BC",Victoria,Elementary Public School
Eddi's House,48.455362,-123.497491,202.0,"2616 Peatt Rd, Victoria, BC",Victoria,Daycare
Edge Meadows Preschool,53.920396,-122.786204,182.0,"3555 5Th Ave, Prince George, BC",Prince George,Daycare
Edgehill Elementary,49.8520632,-124.5070945,170.0,"7312 Abbotsford St, Powell River, BC",Powell River,Elementary Public School
Edgehill Elementary Seamless Day Program,49.852063,-124.507095,228.0,"7312 Abbotsford St, Powell River, BC",Powell River,Daycare
Edgehill ymca Child Care,49.852073,-124.507122,209.0,"7312 Abbotsford St., Powell River, BC",Powell River,Daycare
Edgehill ymca Child Care,49.852073,-124.507122,273.0,"7312 Abbotsford St., Powell River, BC",Powell River,Daycare
Edgemont Village Daycare,49.344425,-123.103868,172.0,"3902 Ruby Ave, North Vancouver, BC",North Vancouver,Daycare
Edgewater Elementary,50.6954222,-116.1374984,145.0,"PO Box 69, Edgewater, BC",Edgewater,Elementary Public School
Edgewood Elementary,49.0436059,-122.7613389,655.0,"16666 23 Ave, Surrey, BC",Surrey,Elementary Public School
Edgewood Elementary,49.7810506,-118.1475356,120.0,"PO Box 129, Edgewood, BC",Edgewood,Elementary Public School
Edgewood Elementary,53.9457448,-122.8022485,220.0,"4440 Craig Dr, Prince George, BC",Prince George,Elementary Public School
Edgewood Elementary School,49.043606,-122.761339,194.0,"16666 23Rd Ave, Surrey, BC",Surrey,Daycare
Edgewood Home After School,49.043048,-122.759559,291.0,"16715 22A Ave, Surrey, BC",Surrey,Daycare
Edgewood Park Child Care Centre,49.042741,-122.759252,250.0,"16736 22A Ave, Surrey, BC",Surrey,Daycare
Edith Cavell Elementary,49.2528816,-123.1171418,290.0,"500 20th Ave W, Vancouver, BC",Vancouver,Elementary Public School
Edith McDermott Elementary,49.2238274,-122.6792698,415.0,"12178 Bonson Rd, Pitt Meadows, BC",Pitt Meadows,Elementary Public School
Edmonds Community Elementary,49.2221284,-122.940592,470.0,"7651 18th Ave, Burnaby, BC",Burnaby,Elementary Public School
Edmonton Ave Childcare Center,49.48992,-119.581726,150.0,"470 Edmonton Ave, Penticton, BC",Penticton,Daycare
Educare Children's  Centre,49.232414,-122.989306,243.0,"5715 Royal Oak Ave, Burnaby, BC",Burnaby,Daycare
Educastle Childcare Learning Centre,49.278632,-122.792627,257.0,"270 3020 Lincoln Ave, Coquitlam, BC",Coquitlam,Daycare
Education Services (Alternate),49.1702677,-122.8323789,,"14033 92 Ave, Surrey, BC",Surrey,Elementary Public School
Edward Milne Community School,48.3882052,-123.6963876,650.0,"PO Box 1010, Sooke, BC",Sooke,Secondary Public School
Edwin S Richards Elementary,49.1554742,-122.2984506,340.0,"33419 Cherry Ave, Mission, BC",Mission,Elementary Public School
Eeyore's Daycare,53.887224,-122.782122,217.0,"106-3308 Underhill Rd, Prince George, BC",Prince George,Daycare
Eighth Avenue Learning Centre,49.2331654,-124.7992011,,"2941 8th Ave, Port Alberni, BC",Port Alberni,Secondary Public School
Eileen Madson Primary School,50.4963742,-116.0413057,170.0,"2001 15th Ave, Invermere, BC",Invermere,Elementary Public School
Eke Me-Xi School,50.7348229,-127.4973287,,"PO Box 90, Port Hardy, BC",Port Hardy,Elementary Public School
Elation Education Child Care Centre,49.23704,-122.86994,250.0,"100 & 200 938 Brunette Ave, Coquitlam, BC",Coquitlam,Daycare
Elderberries Child Care Centre,48.434748,-123.332944,219.0,"1289 Emerson Way, North Vancouver, BC",North Vancouver,Daycare
Elderberries Child Care Centre,49.318786,-122.998382,130.0,"1289 Emerson Way, North Vancouver, BC",North Vancouver,Daycare
Elderberries Child Care Centre 2,49.319272,-122.998365,212.0,"1321 Emerson Way, North Vancouver, BC",North Vancouver,Daycare
Elements Early Learning Centre,50.262946,-119.260012,198.0,"2102 29Th Cres, Vernon, BC",Vernon,Daycare
Elev8 D.E.S.K.,49.4890854,-117.2931844,,"811 Stanley St, Nelson, BC",Nelson,Elementary-Secondary Public School
Elev8 Homelinks,49.089684,-116.5130895,,"PO Box 250, Creston, BC",Creston,Elementary-Secondary Public School
Elfi First School,49.155063,-122.926005,223.0,"10727 Delsom Cres, Delta, BC",Delta,Daycare
Elgin Park Secondary,49.0455539,-122.8485943,1200.0,"13484 24 Ave, Surrey, BC",Surrey,Elementary Public School
Elite Montessori Academy,49.246392,-123.185905,243.0,"101-3641 29Th Ave W, Vancouver, BC",Vancouver,Daycare
Elite Montessori Academy Blenheim Group Care,49.243995,-123.178251,206.0,"4720 Blenheim St, Vancouver, BC",Vancouver,Daycare
Eliza Archie Daycare,51.640854,-121.297739,177.0,"101 Canim Lake Reserve, Canim Lake, BC",Canim Lake,Daycare
Elizabeth's Early Learning Centre,49.715034,-124.910558,172.0,"1440A Ryan Rd E, Comox, BC",Comox,Daycare
Elkford Childcare Centre,50.024759,-114.923445,194.0,"816A Michel Rd, Elkford, BC",Elkford,Daycare
Elkford Elementary Secondary,50.0076731,-114.9316448,425.0,"PO Box 910, Elkford, BC",Elkford,Elementary Public School
Elkford Play School,50.024166,-114.922805,273.0,"750 Fording Dr, Elkford, BC",Elkford,Daycare
Ellendale Elementary,49.2033336,-122.819201,195.0,"14525 110a Ave, Surrey, BC",Surrey,Elementary Public School
Ellendale Elementary School Basc,49.203334,-122.819201,239.0,"14525 110A Ave, Surrey, BC",Surrey,Daycare
Ellison Elementary,49.9385295,-119.3540458,270.0,"3735 Parkdale Rd, Kelowna, BC",Kelowna,Elementary Public School
Ellison Elementary,50.2505991,-119.3144702,440.0,"PO Box 2400, Vernon, BC",Vernon,Elementary Public School
Ellison Elementary School,50.250599,-119.31447,176.0,"2400 Fulton Rd, Vernon, BC",Vernon,Daycare
Elm Alternate,49.9963334,-125.2434744,,"740 Robron Rd, Campbell River, BC",Campbell River,Elementary Public School
Elm Childcare Center,49.159314,-123.938581,269.0,"572 Milton St, Nanaimo, BC",Nanaimo,Daycare
Elowyn,50.026243,-119.40607,319.0,"9966 Pollard Rd, Lake Country, BC",Lake Country,Daycare
Elowyn - Kettle Valley,49.794345,-119.512033,267.0,"103-5309 Main St, Kelowna, BC",Kelowna,Daycare
Elphinstone Secondary,49.4079205,-123.5165388,675.0,"PO Box 770, Gibsons, BC",Gibsons,Secondary Public School
Elsie Roy Elementary,49.2721415,-123.1226225,410.0,"150 Drake St, Vancouver, BC",Vancouver,Elementary Public School
Ema - Kids Club (Coquitlam),49.248932,-122.863916,191.0,"1046F Austin Ave, Coquitlam, BC",Coquitlam,Daycare
Ema - Kids Club (Mission),49.128713,-122.303146,164.0,"6995 Bridge St, Mission, BC",Mission,Daycare
Emerald Hills Montessori,49.297737,-122.811602,202.0,"1501 Bramble Lane, Coquitlam, BC",Coquitlam,Daycare
Emerald Hills Montessori School Age Care,49.298466,-122.813199,119.0,"2875 Panorama Dr, Coquitlam, BC",Coquitlam,Daycare
Emily Carr Elementary,49.2498229,-123.1260664,290.0,"4070 Oak St, Vancouver, BC",Vancouver,Elementary Public School
Eminent Stars Daycare Ltd,49.21456,-123.015454,153.0,"3986 Rumble St, Burnaby, BC",Burnaby,Daycare
Emmanuel Baptist Church Child Care,48.457596,-123.314096,155.0,"2121 Cedar Hill Cross Rd, Victoria, BC",Victoria,Daycare
Emmarisse Daycare,49.285374,-122.95645,236.0,"7057 Sierra Dr, Burnaby, BC",Burnaby,Daycare
Enchanted Forest,49.477507,-117.284241,55.0,"2215 Kootenay St, Nelson, BC",Nelson,Daycare
Enchanted Forest Childcare Center Inc.,49.061203,-122.241139,208.0,"3266 Rathtrevor Crt, Abbotsford, BC",Abbotsford,Daycare
Enchanted Moments,49.233034,-124.009948,89.0,"5581 Norton Rd, Nanaimo, BC",Nanaimo,Daycare
Encompass 10-12,49.2501939,-122.8484198,,"1600 King Albert Ave, Coquitlam, BC",Coquitlam,Secondary Public School
Encompass Bright Beginnings Childcare Centre,49.105448,-122.628922,152.0,"A-21405 56 Ave, Langley, BC",Langley,Daycare
Encompass Language And Learning Centre,49.216624,-124.027305,277.0,"243-4750 Rutherford Rd, Nanaimo, BC",Nanaimo,Daycare
Enderby Preschool Daycare And Kids Club,50.557555,-119.142269,278.0,"102 Meadow Cres, Enderby, BC",Enderby,Daycare
Energetic Learning Campus,56.240527,-120.842219,,"9708 93 Ave, Fort St John, BC",Fort St John,Junior Secondary Public School
English Bluff Elementary,49.0107837,-123.0880238,340.0,"402 English Bluff Rd, Delta, BC",Delta,Elementary Public School
Enjoy Learning Childcare,49.195376,-122.563323,112.0,"10454 Tamarack Cres, Maple Ridge, BC",Maple Ridge,Daycare
Entre-lacs,49.4910914,-119.5695104,420.0,"1213 Debeck Rd, Penticton, BC",Penticton,Elementary Jr. Secondary Public School
Enver Creek Secondary,49.1558268,-122.8202437,1400.0,"14505 84 Ave, Surrey, BC",Surrey,Elementary Public School
Eric Hamber Secondary,49.2402215,-123.1257547,1700.0,"960 W. 33rd Avenue, Vancouver, BC",Vancouver,Secondary Public School
Eric J Dunn Elementary,49.2334534,-124.785529,450.0,"3500 Argyle St, Port Alberni, BC",Port Alberni,Elementary Public School
Eric Langton Elementary,49.2236583,-122.5958578,465.0,"12138 Edge St, Maple Ridge, BC",Maple Ridge,Elementary Public School
Erickson Elementary,49.0908489,-116.467063,220.0,"PO Box 180, Erickson, BC",Erickson,Elementary Public School
Erma Stephenson Elementary,49.2009477,-122.7789258,415.0,"10929 160 St, Surrey, BC",Surrey,Elementary Public School
Errington Cooperative Preschool,49.289104,-124.418178,228.0,"1341 Station Rd, Errington, BC",Errington,Daycare
Errington Elementary,49.2870266,-124.3448703,365.0,"PO Box 80, Errington, BC",Errington,Elementary Public School
Errington Elementary After School Care,49.287027,-124.34487,192.0,"1390 Fairdowne Rd, Errington, BC",Errington,Daycare
Errington Learning Centre,49.1432601,-123.1424885,,"9831 Herbert Rd, Richmond, BC",Richmond,Elementary Public School
Esquimalt High School,48.4381077,-123.3982578,950.0,"847 Colville Rd, Victoria, BC",Victoria,Secondary Public School
Esquimalt Recreation Centre Osc,48.428845,-123.412557,184.0,"527 Fraser St, Victoria, BC",Victoria,Daycare
Essential Learning Center,49.85275,-119.638676,206.0,"2628 Wild Horse Dr, West Kelowna, BC",West Kelowna,Daycare
Eugene Reimer Middle School,49.0649463,-122.3618537,600.0,"3433 Firhill Dr, Abbotsford, BC",Abbotsford,Middle School Public School
Euphoria Child Care,49.620249,-125.03139,148.0,"3292 First St, Cumberland, BC",Cumberland,Daycare
Evans Childcare Center,49.136985,-121.977311,182.0,"7434 Evans Rd, Chilliwack, BC",Chilliwack,Daycare
Evans Elementary,49.1390256,-121.9775705,245.0,"7600 Evans Rd, Chilliwack, BC",Chilliwack,Elementary Public School
Eve's Licensed Flexible 24/7 Family Day Care,49.398596,-123.548267,192.0,"434 Solaz Pl, Gibsons, BC",Gibsons,Daycare
Evelyn Dickson Elementary,54.0093518,-124.0067353,220.0,"PO Box 1970, Vanderhoof, BC",Vanderhoof,Elementary Public School
Everdream Homestead Childcare,49.300359,-124.36142,259.0,"1417 Price Rd, Parksville, BC",Parksville,Daycare
Evergreen Child Care Centre,49.023358,-122.796811,173.0,"1185 Centre St, White Rock, BC",White Rock,Daycare
Evergreen Family Day Care,49.333733,-123.087008,184.0,"703-555 28Th St W, North Vancouver, BC",North Vancouver,Daycare
Evergreen Independent School,48.6873553,-123.6009507,,"3515 Watson Ave, Cobble Hill, BC",Cobble Hill,Elementary Independent School
Evergreen Independent School Junior Kindergarten,48.687355,-123.600951,140.0,"3515 Watson Ave, Cobble Hill, BC",Cobble Hill,Daycare
Evergreen Montessori Preschool,49.252127,-123.164683,196.0,"3860 Trafalgar St, Vancouver, BC",Vancouver,Daycare
Evershine Childcare Centre,49.128949,-122.869443,290.0,"6939 127A St, Surrey, BC",Surrey,Daycare
Everyday Sunshine Childcare Ltd.,49.115708,-122.735653,141.0,"6226 175B St, Surrey, BC",Surrey,Daycare
Everyday Sunshine Family Childcare,49.270468,-123.103174,223.0,"105-95 1St Ave E, Vancouver, BC",Vancouver,Daycare
Ewen Childcare Centre,49.190898,-122.936405,208.0,"527 Ewen Ave, New Westminster, BC",New Westminster,Daycare
Excel Childcare Centre,49.152697,-122.828381,194.0,"14218 82A Ave, Surrey, BC",Surrey,Daycare
Excel Martial Arts Chilliwack,49.133158,-121.959551,221.0,"7174 Vedder Rd, Chilliwack, BC",Chilliwack,Daycare
Excellence Children's Academy,49.060441,-122.677835,203.0,"3209 197 St, Langely, BC",Langely,Daycare
Exploration Station Child Care,49.298411,-117.658357,153.0,"809 Merrycreek Rd, Castlegar, BC",Castlegar,Daycare
Explore & Learn Family Daycare,49.244324,-123.090635,168.0,"4517 Fraser St, Vancouver, BC",Vancouver,Daycare
Explore Daycare,49.113393,-121.971649,132.0,"6124 Arlington Dr, Chilliwack, BC",Chilliwack,Daycare
Explore To The Core Preschool,49.174952,-123.971111,85.0,"116 June Ave, Nanaimo, BC",Nanaimo,Daycare
Explorers Corner Daycare,49.224476,-122.596957,214.0,"22552 122 Ave, Maple Ridge, BC",Maple Ridge,Daycare
Exploring Minds Childcare Center,49.155247,-122.319252,269.0,"32676 Stokes Ave, Mission, BC",Mission,Daycare
Exploring The North Childcare,54.01489,-122.80538,273.0,"4651 Zral Rd, Prince George, BC",Prince George,Daycare
Exploring The Puddle,52.132737,-122.143961,183.0,"279 3 Ave N, Williams Lake, BC",Williams Lake,Daycare
Extra Steps Preschool,49.256963,-123.120651,179.0,"726 16Th Ave W, Vancouver, BC",Vancouver,Daycare
Eysk Childcare Center,49.116592,-122.857892,228.0,"6252 131A St, Surrey, BC",Surrey,Daycare
F W Howay Elementary,49.2260819,-122.912124,190.0,"91 Courtney Cres, New Westminster, BC",New Westminster,Elementary Public School
Fabe's Childcare Two,48.429404,-123.52186,146.0,"940 Walfred Rd, Langford, BC",Langford,Daycare
Fabes Childcare,48.429455,-123.521855,125.0,"938 Walfred Rd, Victoria, BC",Victoria,Daycare
Fable Tree Child Care,49.183153,-123.111525,188.0,"4151 Bryson Crt, Richmond, BC",Richmond,Daycare
Fabulous Kidz Childcare,49.236441,-122.998559,206.0,"4677 Northview Crt, Burnaby, BC",Burnaby,Daycare
Faerie Grove,50.296221,-119.201473,103.0,"5936 Ranchview Rd, Vernon, BC",Vernon,Daycare
Fairfield Children’S House,48.416466,-123.345664,115.0,"436 Durban St, Victoria, BC",Victoria,Daycare
Fairfield Island Childcare,49.190615,-121.938265,153.0,"46491 Gilbert Ave, Chilliwack, BC",Chilliwack,Daycare
Fairfield Island Daycare,49.182296,-121.944798,153.0,"46265 Hope River Rd, Chilliwack, BC",Chilliwack,Daycare
Fairfield Island Little Bear Academy,49.192058,-121.936849,249.0,"46530 Elgin Dr, Chilliwack, BC",Chilliwack,Daycare
Fairview Before And After School Care,49.166314,-123.956209,163.0,"205 Howard Ave, Nanaimo, BC",Nanaimo,Daycare
Fairview Elementary,49.166314,-123.956209,415.0,"205 Howard Ave, Nanaimo, BC",Nanaimo,Elementary Public School
Fairview Elementary,49.2237163,-122.6515022,465.0,"12209 206 St, Maple Ridge, BC",Maple Ridge,Elementary Public School
Fairy & Kids Child Care,49.280503,-122.749495,155.0,"1230 Halifax Ave, Port Coquitlam, BC",Port Coquitlam,Daycare
Fairytale Daycare,53.951421,-122.758865,135.0,"1820 Hegert Rd, Prince George, BC",Prince George,Daycare
Falkland Elementary Junior School,50.5025695,-119.5571408,145.0,"PO Box 10, Falkland, BC",Falkland,Elementary Jr. Secondary Public School
False Bay School,49.4790315,-124.2463457,50.0,"PO Box 160, Lasqueti Island, BC",Lasqueti Island,Elementary-Secondary Public School
False Creek Elementary,49.2671066,-123.1266855,290.0,"900 School Green, Vancouver, BC",Vancouver,Elementary Public School
False Creek Out Of School Care,49.269397,-123.13402,205.0,"1318 Cartwright St, Vancouver, BC",Vancouver,Daycare
Family First Child Care,48.455913,-123.382395,288.0,"83 Battleford Ave, Victoria, BC",Victoria,Daycare
Family Friends,49.47057,-123.792791,136.0,"6335 Picadilly Pl, Sechelt, BC",Sechelt,Daycare
Family Montessori School,49.26662,-123.128982,238.0,"1099 Sitka Sq, Vancouver, BC",Vancouver,Daycare
Family Place,50.108554,-120.785568,171.0,"2199 Coutlee Ave, Merritt, BC",Merritt,Daycare
Family Roots - At Home Daycare,48.411045,-123.514216,166.0,"3599 Kelly Dawn Pl, Victoria, BC",Victoria,Daycare
Fantastic Kidz Childcare,49.218093,-123.003478,194.0,"7233 Dow Ave, Burnaby, BC",Burnaby,Daycare
Fantasy Island At Beth Tikvah,49.141757,-123.171446,217.0,"9711 Geal Rd, Richmond, BC",Richmond,Daycare
Fav's Kangaroos Family Home Daycare,49.28778,-122.77506,312.0,"3250 Samuels Crt, Coquitlam, BC",Coquitlam,Daycare
Fawkes Academy,49.2811033,-123.0121605,,"103-4181 Hastings St, Burnaby, BC",Burnaby,Elementary-Secondary Independent School
Fawkes Academy DL,49.1650754,-122.9892918,,"1110-6900 Graybar Rd, Richmond, BC",Richmond,Elementary-Secondary Independent School
Fb Appletree,50.265123,-119.250128,216.0,"1406 32Nd Ave, Vernon, BC",Vernon,Daycare
Fcc Dragonfly,49.272871,-123.120915,264.0,"403-1267 Marinaside Cres, Vancouver, BC",Vancouver,Daycare
Fe Fi Fo Fun Family Daycare,49.157426,-122.894328,203.0,"8461 118A St, Delta, BC",Delta,Daycare
Featherstone Early Development Centre,49.830247,-119.614825,216.0,"2209 Majoros Rd, West Kelowna, BC",West Kelowna,Daycare
Fela Play And Learn Childcare,49.120381,-122.846966,314.0,"13545 64A Ave, Surrey, BC",Surrey,Daycare
Fern Valley,49.22774,-124.792194,306.0,"3881 Bruce St, Port Alberni, BC",Port Alberni,Daycare
Ferncove Family Daycare,48.461015,-123.489567,211.0,"275 Bellamy Link, Langford, BC",Langford,Daycare
Fernie Forest School Society,49.490262,-115.070768,202.0,"44 Mt Washburn St, Fernie, BC",Fernie,Daycare
Fernie Kids Childcare And Learning,49.49682,-115.062808,244.0,"17 Pine Cres, Fernie, BC",Fernie,Daycare
Fernie School Aged Care Ltd.,49.490622,-115.071003,266.0,"44 Mt Washburn St, Fernie, BC",Fernie,Daycare
Fernie Secondary,49.513593,-115.0531442,700.0,"PO Box 370, Fernie, BC",Fernie,Elementary-Secondary Public School
Fernwood Elementary,48.9078519,-123.5390087,245.0,"112 Rainbow Rd, Salt Spring Island, BC",Salt Spring Island,Elementary Public School
Fernwood Playschool Ltd.,48.429734,-123.352597,206.0,"1811 Cook St, Victoria, BC",Victoria,Daycare
Fg Leary ymca Kids Club,49.171603,-121.920795,116.0,"9320 Walden St, Chilliwack, BC",Chilliwack,Daycare
Figgy's Place Family Childcare,49.973399,-125.229565,191.0,"364 Hilchey Rd, Campbell River, BC",Campbell River,Daycare
Fine Art Montessori Childcare Centre Inc. (Famc),49.165841,-123.124535,137.0,"105-6488 Garden City Rd, Richmond, BC",Richmond,Daycare
Fine Art Montessori Childcare Centre Inc. (Famc),49.165841,-123.124535,246.0,"105-6488 Garden City Rd, Richmond, BC",Richmond,Daycare
Finger Prints Learning Centre Ltd.,53.910547,-122.768924,222.0,"2364 15Th Ave, Prince George, BC",Prince George,Daycare
Firehouse Daycare,49.654357,-124.979445,248.0,"4051 Chancellor Cres, Courtenay, BC",Courtenay,Daycare
Firm Foundations Early Learning Inc.,49.191613,-122.878679,199.0,"12390 104 Ave, Surrey, BC",Surrey,Daycare
First Adventures Child Care Center,49.139072,-122.710126,227.0,"7515 185 St, Surrey, BC",Surrey,Daycare
First Avenue Child Care,49.270641,-123.108605,172.0,"162 Walter Hardwick Ave, Vancouver, BC",Vancouver,Daycare
First Baptist Classical Academy of Kamloops,50.6716059,-120.330526,,"454 Columbia St, Kamloops, BC",Kamloops,Elementary-Secondary Independent School
First Choice  Montessori #2,49.163588,-122.823177,174.0,"101 8824 144 St, Surrey, BC",Surrey,Daycare
First Choice Daycare,49.218721,-122.567183,158.0,"23635 119 Ave, Maple Ridge, BC",Maple Ridge,Daycare
First Choice Montessori Pre-School,49.180764,-122.799459,97.0,"201 15225 98Th Ave, Surrey, BC",Surrey,Daycare
First Step Centre Ltd,49.333568,-123.105075,189.0,"1101 26Th St W, North Vancouver, BC",North Vancouver,Daycare
First Steps Childcare Centre,50.697406,-120.369904,262.0,"480 Kenora Rd, Kamloops, BC",Kamloops,Daycare
First Steps Daycare,49.257945,-122.868476,114.0,"675 Blue Mountain St, Coquitlam, BC",Coquitlam,Daycare
First Steps Daycare,53.919078,-122.791408,210.0,"681 Tay Cres, Prince George, BC",Prince George,Daycare
First Steps Preschool,49.038037,-123.067346,118.0,"1988 56 St, Delta, BC",Delta,Daycare
Fits & Giggles,49.524785,-115.73209,253.0,"1509 Mount Royal Ridge, Cranbrook, BC",Cranbrook,Daycare
Five Talents Childcare Center Ltd.,49.15125,-123.168009,182.0,"8500 Calder Rd, Richmond, BC",Richmond,Daycare
Fleetwood Communtiy Centre Pre-K,49.18049,-122.87971,153.0,"15996 84 Ave, Surrey, BC",Surrey,Daycare
Fleetwood Early Learning Center,49.156135,-122.779083,194.0,"101&102-8431 160 St, Surrey, BC",Surrey,Daycare
Fleetwood Gardens Childcare Centre,49.149777,-122.784241,312.0,"8086 158 St, Surrey, BC",Surrey,Daycare
Fleetwood Park Secondary,49.1471727,-122.7897638,1200.0,"7940 156 St, Surrey, BC",Surrey,Elementary Public School
Fleetwood Place Children's Centre,49.153785,-122.777989,261.0,"16011 83 Ave, Surrey, BC",Surrey,Daycare
Fleming Montessori Family Day Care,49.231353,-123.073358,227.0,"5839 Fleming St, Vancouver, BC",Vancouver,Daycare
Fleming ymca Kids Club,49.226477,-123.076543,172.0,"6363 Lanark St, Vancouver, BC",Vancouver,Daycare
Flex Academy,49.8912721,-119.4047595,,"907 Badke Rd, Kelowna, BC",Kelowna,Elementary-Secondary Independent School
Flex Academy Early Learning Center,49.890536,-119.404531,218.0,"905 Badke Rd, Kelowna, BC",Kelowna,Daycare
Flora's Family Child Care,49.132829,-122.663361,126.0,"20145 71A Ave, Langley, BC",Langley,Daycare
Florence Nightingale Elementary,49.2602052,-123.0939933,415.0,"2740 Guelph St, Vancouver, BC",Vancouver,Elementary Public School
Flourish Child Care Centre,49.035855,-122.758637,252.0,"16742 18B Ave, Surrey, BC",Surrey,Daycare
Flourish Childcare,49.501806,-115.781623,83.0,"36 724 Innes Ave S, Cranbrook, BC",Cranbrook,Daycare
Flower Patch Kids,48.4698,-123.398079,157.0,"795B Gladiola Ave, Victoria, BC",Victoria,Daycare
Flowers Childcare,49.248573,-122.771505,170.0,"1763 Pitt River Rd, Port Coquitlam, BC",Port Coquitlam,Daycare
Flowers Family Child Care,49.26661,-122.756487,213.0,"2977 Coast Meridian Rd, Port Coquitlam, BC",Port Coquitlam,Daycare
Flying Fish Childcare Centre Inc.,49.319432,-123.047336,201.0,"953 13Th St E, North Vancouver, BC",North Vancouver,Daycare
Flying Kites Child Care Center - Wix Brown,49.045772,-122.563726,201.0,"23851 24Th Ave, Langley, BC",Langley,Daycare
Flying Kites Childcare Center (Location #2),49.164548,-122.696051,198.0,"8890 Harvie Rd, Surrey, BC",Surrey,Daycare
Flyoland Children's Centre,49.237172,-124.049172,238.0,"110-6631 Island Hwy N, Nanaimo, BC",Nanaimo,Daycare
Foccus Kids Family Child Care,49.213859,-122.96487,144.0,"47-6670 Rumble St, Burnaby, BC",Burnaby,Daycare
Foothills Daycare,50.812265,-121.322716,133.0,"1259 Stage Rd, Cache Creek, BC",Cache Creek,Daycare
Foothills Elementary,53.9169924,-122.8111681,320.0,"4375 Eaglenest Cres, Prince George, BC",Prince George,Elementary Public School
Footprints,50.696776,-116.134768,258.0,"4805 Riverview Dr, Edgewater, BC",Edgewater,Daycare
For The Kids Daycare (West Kelowna),49.861362,-119.585784,115.0,"101-1680 Ross Rd, West Kelowna, BC",West Kelowna,Daycare
For The Kids Daycare Centre,49.842817,-119.396387,259.0,"3770 Water Rd, Kelowna, BC",Kelowna,Daycare
Forest City Children's Centre,49.222485,-122.978802,170.0,"5855 Imperial St, Burnaby, BC",Burnaby,Daycare
Forest Friends,49.730802,-123.149537,106.0,"39817 No Name Rd., Squamish, BC",Squamish,Daycare
Forest Friends Early Learning Center,49.121236,-122.71684,183.0,"6517 Claytonhill Grove, Surrey, BC",Surrey,Daycare
Forest Grove Childcare Centre,49.264565,-122.914866,211.0,"36-8650 Cinnamon Dr, Burnaby, BC",Burnaby,Daycare
Forest Grove Elementary,49.2653216,-122.9180306,515.0,"8525 Forest Grove Dr, Burnaby, BC",Burnaby,Elementary Public School
Forest Grove Elementary,51.7693098,-121.0965853,120.0,"PO Box 99, Forest Grove, BC",Forest Grove,Elementary Public School
Forest Park Elementary,49.1898541,-123.9878592,345.0,"2050 Latimer Rd, Nanaimo, BC",Nanaimo,Elementary Public School
Forever Friends Daycare,49.341919,-123.041683,171.0,"1170 Frederick Rd, North Vancouver, BC",North Vancouver,Daycare
Forever Growing Multi-Age Child Care,49.224432,-122.685735,271.0,"19331 121B Ave, Pitt Meadows, BC",Pitt Meadows,Daycare
Forever Learning Childcare Inc.,48.743534,-123.67179,199.0,"4800 Wilson Rd, Duncan, BC",Duncan,Daycare
Forget-Me-Not Montessori School,49.228911,-123.117586,242.0,"6184 Ash St, Vancouver, BC",Vancouver,Daycare
Forsyth Road Elementary,49.197632,-122.8367011,365.0,"10730 139 St, Surrey, BC",Surrey,Elementary Public School
Fort Langley Elementary,49.1637325,-122.5821864,365.0,"8877 Bartlett St, Fort Langley, BC",Fort Langley,Elementary Public School
Fort Nelson Playschool,58.803881,-122.706956,200.0,"5319 50 Ave S, Fort Nelson, BC",Fort Nelson,Daycare
Fort Nelson Secondary,58.8102397,-122.7120552,500.0,"PO Box 90, Fort Nelson, BC",Fort Nelson,Secondary Public School
Fort Rupert Elementary,50.6971686,-127.4236824,195.0,"PO Box 674, Port Hardy, BC",Port Hardy,Elementary Public School
Fort St James Alternate Secondary,54.4442984,-124.2499406,,"PO Box 220, Fort St James, BC",Fort St James,Secondary Public School
Fort St. James Secondary,54.4442984,-124.2499406,525.0,"PO Box 220, Fort St. James, BC",Fort St. James,Secondary Public School
Foundation Of Learning Child Care Inc.,49.246624,-122.881489,220.0,"427 Donald St, Coquitlam, BC",Coquitlam,Daycare
Fountainview Academy,50.6368834,-121.8665745,,"PO Box 500, Lillooet, BC",Lillooet,Secondary Independent School
Four Seasons Montessori,49.232285,-123.988999,236.0,"4960 Hammond Bay Rd, Nanaimo, BC",Nanaimo,Daycare
Four Winds Rss After School Program,49.080898,-117.79875,186.0,"2390 Jubilee St, Rossland, BC",Rossland,Daycare
Fox In Soxs Daycare,54.06271,-128.628233,217.0,"15 Wohler St, Kitimat, BC",Kitimat,Daycare
Foxglove School Age Care,49.083093,-122.66804,204.0,"20011 44 Ave, Langley, BC",Langley,Daycare
Franca's Daycare,49.827389,-124.512931,263.0,"7180 Kemano St, Powell River, BC",Powell River,Daycare
Frances Kelsey Secondary,48.660032,-123.5698044,1000.0,"953 Shawnigan-Mill Bay Rd, Mill Bay, BC",Mill Bay,Secondary Public School
Franco-Nord,53.9070791,-122.772694,245.0,"2641 Ellison Dr, Prince George, BC",Prince George,Elementary Public School
Francois Lake Before & After School Care,54.051658,-125.741061,196.0,"860 Francois Lake Rd E, Francois Lake, BC",Francois Lake,Daycare
Francois Lake Elementary,54.0516579,-125.7410606,120.0,"860 Francois Lake Road, Burns Lake, BC",Burns Lake,Elementary Public School
Frank Hobbs Elementary,48.4647637,-123.3001975,370.0,"3875 Haro Rd, Victoria, BC",Victoria,Elementary Public School
Frank Hurt Secondary,49.1425565,-122.8359106,1250.0,"13940 77 Ave, Surrey, BC",Surrey,Elementary Public School
Frank J Mitchell Elementary,49.7361573,-114.8928227,320.0,"PO Box 345, Sparwood, BC",Sparwood,Elementary Public School
Frank J. Ney Elementary,49.2348533,-123.9890932,415.0,"5301 Williamson Rd, Nanaimo, BC",Nanaimo,Elementary Public School
Franklin Community Preschool,49.28254,-123.027022,235.0,"250 Skeena St, Vancouver, BC",Vancouver,Daycare
Franklin School,49.2853354,-123.1171582,,"530 Hornby St - 2nd Floor, Vancouver, BC",Vancouver,Secondary Independent School
Franklin ymca Kids Club,49.282544,-123.027023,158.0,"250 Skeena St, Vancouver, BC",Vancouver,Daycare
Fraser Academy,49.2626743,-123.1572646,,"2294 10th Ave W, Vancouver, BC",Vancouver,Elementary-Secondary Independent School
Fraser Cascade Continuing Education,49.3778761,-121.4294966,,"425 Park Street, Hope, BC",Hope,Senior Secondary Public School
Fraser Glen Preschool,49.19201,-122.77082,200.0,"16293 104 Ave, Surrey, BC",Surrey,Daycare
Fraser Heights Montessori Children's Centre,49.191476,-122.756054,254.0,"103-16814 104 Ave, Surrey, BC",Surrey,Daycare
Fraser Heights Out Of School Care #2 / Smarties,49.195985,-122.788219,116.0,"15678 106A Ave, Surrey, BC",Surrey,Daycare
Fraser Heights Out Of School Care #3/Smarties,49.187791,-122.748574,261.0,"17070 102 Ave, Surrey, BC",Surrey,Daycare
Fraser Heights Out Of School Care/Tiny Tots Day School Prog,49.195365,-122.784787,102.0,"15783 106 Ave, Surrey, BC",Surrey,Daycare
Fraser Heights Recreation Centre,49.194929,-122.777916,203.0,"10588 160Th St, Surrey, BC",Surrey,Daycare
Fraser Heights Secondary,49.1985996,-122.7769343,1200.0,"16060 108 Ave, Surrey, BC",Surrey,Elementary Public School
Fraser Heights Smarties Group Daycare,49.195069,-122.786317,135.0,"15720 106 Ave, Surrey, BC",Surrey,Daycare
Fraser Lake Elem-Secondary,54.0588797,-124.8472386,600.0,"Po Bag Service 1002, Fraser Lake, BC",Fraser Lake,Elementary-Secondary Public School
Fraser Little Thinkers Childcare,49.232217,-122.774573,276.0,"1033 Fraserview St, Port Coquitlam, BC",Port Coquitlam,Daycare
Fraser Montessori Children's House,49.222283,-123.090769,195.0,"6858 Fraser St, Vancouver, BC",Vancouver,Daycare
Fraser Montessori Daycare,49.202534,-122.966665,300.0,"6269  14Th Ave, Burnaby, BC",Burnaby,Daycare
Fraser Montessori Daycare,49.204074,-122.932278,268.0,"1408 Fifth Ave, New Westminster, BC",New Westminster,Daycare
Fraser Montessori Daycare,49.231772,-122.89956,164.0,"835 Surrey St, New Westminster, BC",New Westminster,Daycare
Fraser Montessori Daycare Inc,49.20083,-122.943896,215.0,"1917 Marine Way, New Westminster, BC",New Westminster,Daycare
Fraser Park Secondary School Program,49.1860007,-122.9862765,,"7900 Fraser Park Dr, Burnaby, BC",Burnaby,Secondary Public School
Fraser River Christian School,52.6211598,-122.4540318,,"8250 Hwy 97 S, Quesnel, BC",Quesnel,Elementary Jr. Secondary Independent School
Fraser River Middle,49.2042472,-122.9166492,600.0,"800 Queens Ave, New Westminster, BC",New Westminster,Middle School Public School
Fraser Valley Adventist Academy,49.088337,-122.502685,,"26026 48th Ave, Aldergrove, BC",Aldergrove,Elementary Independent School
Fraser Valley Distance Education,49.1765166,-121.9426403,,"46361 Yale Rd, Chilliwack, BC",Chilliwack,Elementary Public School
Fraser Valley Montessori Preschool & School Age Care,49.071851,-122.319654,233.0,"32717 Chilcotin Dr, Abbotsford, BC",Abbotsford,Daycare
Fraser Valley Montessori Preschool Sandy Hill Campus,49.071933,-122.247573,184.0,"3836 Old Clayburn Rd, Abbotsford, BC",Abbotsford,Daycare
Fraser Valley Montessori School Age Care,49.057618,-122.269171,268.0,"3060 Old Clayburn Rd, Abbotsford, BC",Abbotsford,Daycare
Fraser Wood Elementary,49.1961373,-122.7672262,490.0,"10650 164 St, Surrey, BC",Surrey,Elementary Public School
Fraser-Cascade Open Learning,49.3819814,-121.4404217,,"425 Park Street, Hope, BC",Hope,Elementary-Secondary Public School
Fraserhood Childcare Centre,49.243742,-123.08809,209.0,"4585 Prince Albert St, Vancouver, BC",Vancouver,Daycare
Fraserview Learning Centre,49.1390967,-122.3258136,,"32444 7th Ave, Mission, BC",Mission,Secondary Public School
Fraserview Montessori Preschool And Kindergarten,49.216036,-123.066409,216.0,"1992 Prestwick Dr, Vancouver, BC",Vancouver,Daycare
Freedom Childcare Centre,48.424975,-123.363159,182.0,"A-749 View St, Victoria, BC",Victoria,Daycare
Freedom Thinkers Education,56.2187421,-120.6801588,,"5730 Baldonnel Rd, Baldonnel, BC",Baldonnel,Elementary Jr. Secondary Independent School
Freedom To Grow Childcare Center Inc.,49.623687,-125.029254,195.0,"3354 Crescent St, Cumberland, BC",Cumberland,Daycare
Fresh Ayre Daycare Ltd (30 Months To Sa),49.759943,-123.150419,152.0,"1250 Judd Rd, Squamish, BC",Squamish,Daycare
Fresh Ayre Daycare Ltd (Under 36 Months),49.759952,-123.150419,195.0,"1250 Judd Rd, Squamish, BC",Squamish,Daycare
Friendly Farm Childcare,49.845769,-119.634931,203.0,"3270 Elliott Rd, West Kelowna, BC",West Kelowna,Daycare
Friendly Forest Preschool,49.311818,-122.856916,241.0,"2505 Sunnyside Rd, Anmore, BC",Anmore,Daycare
Friends And Neighbours Together,49.234673,-122.835567,239.0,"155 Finnigan St, Coquitlam, BC",Coquitlam,Daycare
Friends Family Day Care,49.821855,-119.49639,229.0,"476 Barkley Rd, Kelowna, BC",Kelowna,Daycare
Friends Of Tigger's,48.430703,-123.352395,149.0,"1110 Caledonia Ave, Victoria, BC",Victoria,Daycare
Friendship Corner Daycare,49.267394,-122.797472,200.0,"2950 Dewdney Trunk Rd, Coquitlam, BC",Coquitlam,Daycare
Friendship House Preschool,54.309938,-130.327895,173.0,"744 Fraser St, Prince Rupert, BC",Prince Rupert,Daycare
Friendz At Five Corners,49.089823,-122.626124,157.0,"21562 Old Yale Rd, Langley, BC",Langley,Daycare
Frog Hollow  Neighbourhood House's Kids World,49.265435,-123.04477,106.0,"2131 Renfrew St, Vancouver, BC",Vancouver,Daycare
Frog Hollow Montessori House,49.207379,-122.912331,180.0,"529 Queens Ave, New Westminster, BC",New Westminster,Daycare
Frog Hollow Neighbourhood House’S Nootka Group Child Care,49.253792,-123.042942,145.0,"3375 Nootka St, Vancouver, BC",Vancouver,Daycare
Frog Hollow Neighbourhood House’S Preschool,49.265435,-123.04477,209.0,"2131 Renfrew St, Vancouver, BC",Vancouver,Daycare
Froggy Pad Group Day Care,49.349939,-123.031987,142.0,"4367 Ruth Cres, North Vancouver, BC",North Vancouver,Daycare
Froggy Pad Group Day Care,49.349941,-123.031984,171.0,"4367 Ruth Cres, North Vancouver, BC",North Vancouver,Daycare
Frolick Around Daycare,49.121379,-122.720323,128.0,"18131 Claytonwood Cres, Surrey, BC",Surrey,Daycare
Frost Road Elementary,49.1592875,-122.7730377,680.0,"8606 162 St, Surrey, BC",Surrey,Elementary Public School
Frost Road ymca Kids Club,49.159288,-122.773038,259.0,"8606 162 St, Surrey, BC",Surrey,Daycare
Fruitvale Elementary,49.1119035,-117.5454555,465.0,"1867 W Columbia Gdns Rd B580, Fruitvale, BC",Fruitvale,Elementary Public School
Fulford Community Elementary,49.135712,-123.930062,170.0,"112 Rainbow Rd, Salt Spring Island, BC",Salt Spring Island,Elementary Public School
Full O' Beans Preschool,48.454528,-123.399548,198.0,"3100 Tillicum Rd, Victoria, BC",Victoria,Daycare
Full O'beans Child Care/Beansprout It Care,48.454389,-123.400642,138.0,"3120 Tillicum Rd, Victoria, BC",Victoria,Daycare
Full Steam Ahead Family Childcare,49.426188,-123.482588,228.0,"1187 Marine Dr, Gibsons, BC",Gibsons,Daycare
Fun And Learn Day Care Centre,49.145639,-122.81258,269.0,"7811 148 St, Surrey, BC",Surrey,Daycare
Fun And Learn Daycare,49.88609,-119.376876,202.0,"509 Harrop Ave, Kelowna, BC",Kelowna,Daycare
Fun And Learning Out Of School,50.67479,-120.247658,168.0,"2481 Sunset Dr, Kamloops, BC",Kamloops,Daycare
Fun Days,49.320035,-123.050929,125.0,"826 13Th St E, North Vancouver, BC",North Vancouver,Daycare
Fun Planet Childcare And Learning Centre,49.342076,-123.079195,131.0,"3540 Mahon Ave, North Vancouver, BC",North Vancouver,Daycare
Fun Square Childcare Limited,49.069366,-122.374197,234.0,"30675 Crestview Ave, Abbotsford, BC",Abbotsford,Daycare
Fun Times Child Care,49.070348,-122.318274,79.0,"3795 Nanaimo Cres, Abbotsford, BC",Abbotsford,Daycare
Fun Ville Daycare Center,49.135993,-122.685392,233.0,"19399 73A Ave, Surrey, BC",Surrey,Daycare
Fun Zone Childcare,49.154542,-122.852559,150.0,"8358 133A St, Surrey, BC",Surrey,Daycare
Fun Zone Learning And Childcare Ltd The,49.152238,-122.312078,264.0,"8262 Bowyer Dr, Mission, BC",Mission,Daycare
Fun-N-Learn Childcare Centre,49.055493,-122.362732,191.0,"31094 Edgehill Ave, Abbotsford, BC",Abbotsford,Daycare
Fundamentals Childcare Centre Inc,49.192157,-122.554244,243.0,"24093 104 Ave, Maple Ridge, BC",Maple Ridge,Daycare
Fundamentals Childcare Centre Inc,49.211666,-122.65111,280.0,"20601 Westfield Ave, Maple Ridge, BC",Maple Ridge,Daycare
Fundamentals Childcare Centre Inc,49.220604,-122.534242,254.0,"12038 248 St, Maple Ridge, BC",Maple Ridge,Daycare
Fundamentals Childcare Centre Inc,49.22136,-122.682824,244.0,"12030 Blakely Rd, Pitt Meadows, BC",Pitt Meadows,Daycare
Funny Bunny's Family Child Care,49.247634,-123.029313,195.0,"3478 25Th Ave E, Vancouver, BC",Vancouver,Daycare
Funshine After School Care,49.275124,-124.1937,193.0,"2462 Nanoose Rd, Nanoose Bay, BC",Nanoose Bay,Daycare
Funshine Daycare Center,49.281985,-122.803661,194.0,"2864 mccoomb Dr, Coquitlam, BC",Coquitlam,Daycare
Funtime Family Daycare,49.233126,-122.842085,213.0,"1898 Brunette Ave, Coquitlam, BC",Coquitlam,Daycare
Future 4 Nations Aboriginal Headstart Program - Room 146,49.143509,-122.275275,233.0,"34110 Lougheed Hwy, Mission, BC",Mission,Daycare
Future Step Child Care,49.15191,-123.131317,287.0,"8631 St. Albans Rd, Richmond, BC",Richmond,Daycare
Futurekids Daycare Centre,49.253902,-122.88429,178.0,"600 Fairview St, Coquitlam, BC",Coquitlam,Daycare
Fvs Childcare- Clayton,49.119503,-122.681797,139.0,"19533 64 Ave, Surrey, BC",Surrey,Daycare
Fvs Childcare-Cloverdale,49.112304,-122.738973,278.0,"17465 60 Ave, Surrey, BC",Surrey,Daycare
G T Cunningham Elementary,49.2368384,-123.0574235,660.0,"2330 37th Ave E, Vancouver, BC",Vancouver,Elementary Public School
G W Carlson Elementary,58.8129494,-122.6975698,245.0,"PO Box 810, Fort Nelson, BC",Fort Nelson,Elementary Public School
G.A.D. Childcare Centre & Preschool,49.142876,-122.848987,250.0,"13479 77 Ave, Surrey, BC",Surrey,Daycare
G.N. Sikh Preschool,49.13132,-122.889985,109.0,"7050 120 St, Surrey, BC",Surrey,Daycare
G.R. Pearkes Child Care Services,48.469168,-123.298394,218.0,"3970 Haro Rd, Victoria, BC",Victoria,Daycare
GW Graham Secondary,49.1077854,-121.9531831,1400.0,"45955 Thomas Rd, Chilliwack, BC",Chilliwack,Secondary Public School
Gabby's Place,49.976312,-125.228178,175.0,"1861 Snowbird Cres, Campbell River, BC",Campbell River,Daycare
Gabrielle-Roy,49.1283855,-122.8569039,560.0,"6887 132 St, Surrey, BC",Surrey,Elementary-Secondary Public School
Gabriola Before And After School Care,49.174678,-123.839832,285.0,"Box 130 680 North Road, Gabriola, BC",Gabriola,Daycare
Gabriola Elementary,49.174678,-123.8398319,270.0,"PO Box 130, Gabriola Island, BC",Gabriola Island,Elementary Public School
Gabriola Preschool,49.132979,-123.754766,227.0,"2200 South Rd, Gabriola, BC",Gabriola,Daycare
Galactic 1,49.192433,-124.048281,231.0,"3606 Allsop Rd, Nanaimo, BC",Nanaimo,Daycare
Galactic 2,49.211559,-123.953643,225.0,"3255 Stephenson Point Rd, Nanaimo, BC",Nanaimo,Daycare
Galaxy Daycare Centre Ltd,49.250102,-122.92672,177.0,"8187 Woodlake Crt, Burnaby, BC",Burnaby,Daycare
Galiano Community Daycare,48.887613,-123.335438,189.0,"1290 Sturdies Bay Rd, Galiano Island, BC",Galiano Island,Daycare
Galiano Community School,48.8856242,-123.3348153,95.0,"1290 Sturdies Bay Rd, Galiano Island, BC",Galiano Island,Elementary Public School
Gamesters Fundamentals Inc,49.246142,-122.857128,279.0,"1189 Rochester Ave, Coquitlam, BC",Coquitlam,Daycare
Gamesters Gift Of Time,49.238743,-122.846312,143.0,"1704 Sheridan Ave, Coquitlam, BC",Coquitlam,Daycare
Gammie's Daycare,55.339778,-123.095679,120.0,"6-520 Mackenzie Blvd, Mackenzie, BC",Mackenzie,Daycare
Garde Scolaire L'anse-Au-Sable,49.835442,-119.483837,229.0,"675 Lequime Rd, Kelowna, BC",Kelowna,Daycare
Garden Bunny Child Care,49.332602,-123.084749,283.0,"2501 Larson Rd, North Vancouver, BC",North Vancouver,Daycare
Garden City Elementary,49.1534617,-123.1253691,415.0,"8311 Garden City Rd, Richmond, BC",Richmond,Elementary Public School
Garden House Infant And Toddlers Center Ltd.,49.319545,-123.058732,181.0,"529 13Th St E, North Vancouver, BC",North Vancouver,Daycare
Garderie L'ile Aux Enfants,49.236563,-123.123002,175.0,"5445 Baillie St, Vancouver, BC",Vancouver,Daycare
Garderie Le Tournesol,49.220967,-123.08798,252.0,"801 54Th Ave E, Vancouver, BC",Vancouver,Daycare
Garderie Le Zebre Family Child Care,49.245714,-123.079374,323.0,"1235 28 Ave E, Vancouver, BC",Vancouver,Daycare
Garderie Les Aventuriers,49.161383,-122.622793,108.0,"8736 216 St, Langley, BC",Langley,Daycare
Garderie Les Castors,49.122239,-122.005725,155.0,"6610 Lickman Rd, Chilliwack, BC",Chilliwack,Daycare
Garderie Les Etoiles De Mer,49.18882,-123.961595,209.0,"1951 Estevan Rd, Nanaimo, BC",Nanaimo,Daycare
Garderie Les Libellules,49.835442,-119.483837,212.0,"675 Lequime Rd, Kelowna, BC",Kelowna,Daycare
Garderie Les Pagayeurs,51.296343,-116.960995,223.0,"820 11Th Ave S, Golden, BC",Golden,Daycare
Garderie Les Petits Dauphins,49.900169,-119.432071,187.0,"2305 Lillooet Cres, Kelowna, BC",Kelowna,Daycare
Garderie Les Randonneurs,49.078742,-117.79592,314.0,"2160 St Paul St, Rossland, BC",Rossland,Daycare
Garderie Les Rigolos,48.47084,-123.345824,161.0,"1415 Andrews Ave, Victoria, BC",Victoria,Daycare
Garderie Les Riverains,49.141325,-122.291201,180.0,"7674 Stave Lake St, Mission, BC",Mission,Daycare
Garderie Pomme D'api Daycare,48.465473,-123.438464,249.0,"22 Erskine Lane, Victoria, BC",Victoria,Daycare
Garderie Tartine Et Chocolat,49.219264,-123.046392,114.0,"7051 Killarney St, Vancouver, BC",Vancouver,Daycare
Garibaldi Highlands Elementary,49.7416215,-123.1125804,300.0,"2590 Portree Way, Garibaldi Highlands, BC",Garibaldi Highlands,Elementary Public School
Garibaldi Highlands Preschool Program,49.741622,-123.11258,197.0,"2590 Portree Way, Squamish, BC",Squamish,Daycare
Garibaldi Secondary,49.2203023,-122.5350821,1025.0,"24789 Dewdney Trunk Rd, Maple Ridge, BC",Maple Ridge,Secondary Public School
Gatehouse Montessori Group Daycare - Class 1 & 2,49.336752,-123.135759,209.0,"1305 Taylor Way, West Vancouver, BC",West Vancouver,Daycare
Gatehouse Montessori Preschool - Class 1 2 & 3,49.336752,-123.135759,244.0,"1305 Taylor Way, West Vancouver, BC",West Vancouver,Daycare
Gateway Children's Centre,50.678053,-120.27197,189.0,"163 Oriole Rd, Kamloops, BC",Kamloops,Daycare
Gateway Early Learning Centre,49.830955,-119.650306,224.0,"2829 Inverness Rd, West Kelowna, BC",West Kelowna,Daycare
General Brock Elementary,49.241551,-123.1003793,390.0,"4860 Main St, Vancouver, BC",Vancouver,Elementary Public School
General Currie Elementary,49.1587031,-123.1334115,510.0,"8220 General Currie Rd, Richmond, BC",Richmond,Elementary Public School
General Gordon Elementary,49.2659829,-123.1704016,440.0,"2268 Bayswater St, Vancouver, BC",Vancouver,Elementary Public School
General Wolfe Elementary,49.2473127,-123.1062953,390.0,"4251 Ontario St, Vancouver, BC",Vancouver,Elementary Public School
Generation Daycare Inc.,49.123115,-123.177267,155.0,"200-4080 Bayview St, Richmond, BC",Richmond,Daycare
Generation Daycare Inc.,49.123115,-123.177267,290.0,"200-4080 Bayview St, Richmond, BC",Richmond,Daycare
Genius Education Academy,49.169924,-123.141337,157.0,"7420 Westminster Hwy, Richmond, BC",Richmond,Daycare
Genius Education Academy,49.169924,-123.141337,164.0,"7420 Westminster Hwy, Richmond, BC",Richmond,Daycare
Gentle Rain Family Child Care,53.895907,-122.78967,253.0,"3618 Forest Ave, Prince George, BC",Prince George,Daycare
Gentle Touch Daycare,49.064446,-122.233071,304.0,"3429 Blueberry Crt, Abbotsford, BC",Abbotsford,Daycare
George Bonner Elementary,48.6671004,-123.5643541,535.0,"3060 Cobble Hill Rd, Mill Bay, BC",Mill Bay,Elementary Public School
George Bonner Elementary Out Of School Care,48.6671,-123.564354,168.0,"3060 Cobble Hill Rd, Mill Bay, BC",Mill Bay,Daycare
George Elliot Secondary,50.0311996,-119.400963,700.0,"10241 Bottom Wood Lake Rd, Winfield, BC",Winfield,Secondary Public School
George Elliot ymca Child Care,50.031246,-119.40083,216.0,"10241 Bottom Wood Lake Rd, Lake Country, BC",Lake Country,Daycare
George Greenaway Elementary,49.1139813,-122.7425947,510.0,"17285 61a Ave, Surrey, BC",Surrey,Elementary Public School
George Hilliard Elementary,50.7071645,-120.3883613,,"985 Holt St, Kamloops, BC",Kamloops,Elementary Public School
George Jay Elementary,48.4330583,-123.3506435,625.0,"1118 Princess Ave, Victoria, BC",Victoria,Elementary Public School
George M Murray Elementary,50.7146404,-121.9174302,145.0,"PO Box 968, Lillooet, BC",Lillooet,Elementary Public School
Georges P. Vanier Secondary,49.7078587,-125.0034413,1125.0,"4830 Headquarters Rd, Courtenay, BC",Courtenay,Secondary Public School
Georges Vanier Elementary,49.1297299,-122.8290283,665.0,"6985 142 St, Surrey, BC",Surrey,Elementary Public School
Georgia Avenue Before & After School Care,49.1533,-123.953909,170.0,"625 Georgia Ave, Nanaimo, BC",Nanaimo,Daycare
Georgia Avenue Elementary,49.1540628,-123.9526647,415.0,"625 Georgia Ave, Nanaimo, BC",Nanaimo,Elementary Public School
Georgia Park Elementary,49.9638829,-125.2290848,390.0,"678 Hudson Rd, Campbell River, BC",Campbell River,Elementary Public School
Georgia Park Elementary,49.963883,-125.229085,220.0,"678 Hudson Rd, Campbell River, BC",Campbell River,Daycare
Gibson Elementary,49.1669282,-122.9053842,565.0,"11451 90 Ave, Delta, BC",Delta,Elementary Public School
Gibsons Elementary,49.4055217,-123.5144082,315.0,"PO Box 548, Gibsons, BC",Gibsons,Elementary Public School
Gibsons Just B4,49.405513,-123.514409,214.0,"783 School Rd, Gibsons, BC",Gibsons,Daycare
Gibsons Seamless Day Before & After School Care,49.405513,-123.514409,313.0,"783 School Rd, Gibsons, BC",Gibsons,Daycare
Gidgalang Kuuyas Naay,53.2548326,-132.098523,250.0,"PO Box 70, Daajing Giids, BC",Daajing Giids,Secondary Public School
Giggle Wiggle Bugs,49.840028,-119.626585,257.0,"3413 Logan Rd, West Kelowna, BC",West Kelowna,Daycare
Giggleberries Early Education Centre,49.208053,-122.566379,150.0,"23658 113A Ave, Maple Ridge, BC",Maple Ridge,Daycare
Giggles & Bows Licensed Family Daycare,55.779724,-120.25373,159.0,"1731 83 Ave, Dawson Creek, BC",Dawson Creek,Daycare
Giggles & Dimples Daycare Ltd,49.111112,-122.806768,166.0,"5973 150 St, Surrey, BC",Surrey,Daycare
Giggles & Grins Daycare,48.465035,-123.417827,218.0,"1203 Burnside Rd W, Victoria, BC",Victoria,Daycare
Giggles 'N Grins Early Childhood Centre,48.418814,-123.530772,151.0,"3544 Honeycrisp Ave, Victoria, BC",Victoria,Daycare
Giggles And Stickers Daycare,53.991529,-122.783481,147.0,"6824 Glenview Dr, Prince George, BC",Prince George,Daycare
Giggles Day Care,49.134939,-123.164748,212.0,"10861 Hollymount Dr, Richmond, BC",Richmond,Daycare
Gillian's Care,49.288544,-124.418586,161.0,"1341 Station Rd, Coombs, BC",Coombs,Daycare
Gillybird Nature Academy,48.439683,-123.343905,239.0,"2750 Roseberry Ave, Victoria, BC",Victoria,Daycare
Gillybird Nature Academy 2,48.438754,-123.328377,227.0,"1829 Newton St, Victoria, BC",Victoria,Daycare
Gillybird Nature Academy 3,48.447435,-123.338107,159.0,"1661 Burton Ave, Victoria, BC",Victoria,Daycare
Gillybird Nature Academy 4,48.4611,-123.329654,272.0,"3703 St. Aidan's St, Victoria, BC",Victoria,Daycare
Gilmore Community Elementary,49.2842334,-123.0133332,490.0,"50 S Gilmore Ave, Burnaby, BC",Burnaby,Elementary Public School
Gilmore Out Of School Care,49.151185,-123.186472,87.0,"8380 Elsmore Rd, Richmond, BC",Richmond,Daycare
Gilmore Preschool,49.284233,-123.013333,346.0,"50 Gilmore Ave, Burnaby, BC",Burnaby,Daycare
Gilpin Elementary,49.2431169,-122.9843667,245.0,"5490 Eglinton St, Burnaby, BC",Burnaby,Elementary Public School
Gilpin Neighbourhood Care,49.24298,-122.985603,283.0,"5433 Ivar Pl, Burnaby, BC",Burnaby,Daycare
Gingerbread House,50.672974,-120.327839,194.0,"559 Battle St, Kamloops, BC",Kamloops,Daycare
Gingerbread House Day Care,49.21897,-123.035854,206.0,"3350 54Th Ave E, Vancouver, BC",Vancouver,Daycare
Gingerbread House Preschool,49.053734,-122.255995,255.0,"2859 Glenavon Crt, Abbotsford, BC",Abbotsford,Daycare
Gingerbread Preschool And Daycare Ltd.,48.569295,-123.441871,154.0,"6888 West Saanich Rd, Brentwood Bay, BC",Brentwood Bay,Daycare
Gitanmaax Daycare,55.253628,-127.670815,192.0,"1715 John Field Rd, Hazelton, BC",Hazelton,Daycare
Gitanmaax Nursery School,55.255284,-127.675101,152.0,"1715 John Field Rd, Hazelton, BC",Hazelton,Daycare
Gitsegukla Elementary School,55.0873069,-127.8205266,,"305 Park Dr, Gitsegukla, BC",Gitsegukla,Elementary Independent School
Gitwinksihlkw Elementary,55.1935121,-129.2222745,70.0,"PO Box 77, Gitwinksihlkwkw, BC",Gitwinksihlkwkw,Elementary Public School
Glacier View Secondary Centre,49.7031987,-124.9829061,,"241 Beecher Pl, Courtenay, BC",Courtenay,Elementary-Secondary Public School
Glade Abc Childcare Center,49.269456,-122.744979,189.0,"1136 Glade Crt, Port Coquitlam, BC",Port Coquitlam,Daycare
Gladstone Secondary,49.2485455,-123.0615979,1600.0,"4105 Gladstone St, Vancouver, BC",Vancouver,Elementary Public School
Gladwin Child Care Centre,49.058963,-122.316711,157.0,"3145 Gladwin Rd, Abbotsford, BC",Abbotsford,Daycare
Glanford Middle School,48.4768257,-123.3918708,400.0,"4140 Glanford Ave, Victoria, BC",Victoria,Elementary Public School
Glen Childcare,49.283166,-122.794865,181.0,"2977 Glen Dr, Coquitlam, BC",Coquitlam,Daycare
Glen Elementary,49.2823976,-122.7875085,530.0,"3064 Glen Dr, Coquitlam, BC",Coquitlam,Elementary Public School
Glenayre Montessori Daycare,49.273553,-122.887984,283.0,"495 Glencoe St, Port Moody, BC",Port Moody,Daycare
Glenbrooke Daycare,49.217664,-122.920786,139.0,"320 8Th Ave, New Westminster, BC",New Westminster,Daycare
Glenbrooke Daycare (Afterschool),49.214501,-122.921944,259.0,"701 6Th St, New Westminster, BC",New Westminster,Daycare
Gleneagle Secondary,49.2838734,-122.806885,1275.0,"1195 Lansdowne Dr, Coquitlam, BC",Coquitlam,Secondary Public School
Gleneagles - Sahali Daycare,50.651167,-120.35558,143.0,"656 Gleneagles Dr, Kamloops, BC",Kamloops,Daycare
Gleneagles Elementary,49.3685576,-123.2774697,270.0,"6350 Marine Dr, West Vancouver, BC",West Vancouver,Elementary Public School
Gleneagles Saplings,49.364695,-123.277504,155.0,"6262 Marine Dr, West Vancouver, BC",West Vancouver,Daycare
Gleneagles Saplings,49.364695,-123.277504,252.0,"6262 Marine Dr, West Vancouver, BC",West Vancouver,Daycare
Gleneagles Saplings,49.364695,-123.277504,269.0,"6262 Marine Dr, West Vancouver, BC",West Vancouver,Daycare
Glenlyon Norfolk School,48.4202962,-123.3301367,,"781 Richmond Ave, Victoria, BC",Victoria,Elementary-Secondary Independent School
Glenlyon Norfolk School Daycare,48.428695,-123.307321,223.0,"1701 Beach Dr, Victoria, BC",Victoria,Daycare
Glenmerry Elementary,49.0985868,-117.6625841,270.0,"3660 Carnation Dr, Trail, BC",Trail,Elementary Public School
Glenmore Educational Daycare,49.90365,-119.455683,208.0,"1823 Ivans Ave, Kelowna, BC",Kelowna,Daycare
Glenmore Elementary,49.8976293,-119.4559595,515.0,"960 Glenmore Dr, Kelowna, BC",Kelowna,Elementary Public School
Glenmore Little Bears Early Years Centre,49.89998,-119.463254,201.0,"1603 Sonora Dr, Kelowna, BC",Kelowna,Daycare
Glenmore Recreation After School Program,49.923107,-119.441101,284.0,"239 Snowsell St, Kelowna, BC",Kelowna,Daycare
Glenrosa Elementary,49.839497,-119.6559143,360.0,"3430 Webber Rd, West Kelowna, BC",West Kelowna,Elementary Public School
Glenrosa Middle School,49.8339049,-119.6580304,750.0,"2974 Glen Abbey Pl, West Kelowna, BC",West Kelowna,Middle School Public School
Glenview Elementary,53.9955405,-122.7765673,220.0,"7310 Cluff Rd, Prince George, BC",Prince George,Elementary Public School
Glenwood Childcare Centre,49.264831,-122.75925,200.0,"1610 Westminster Ave, Port Coquitlam, BC",Port Coquitlam,Daycare
Glenwood Elementary,49.0463042,-122.6481223,195.0,"20785 24 Ave, Langley, BC",Langley,Elementary Public School
Glenwood Elementary,49.2062004,-122.9789282,170.0,"5787 Marine Dr, Burnaby, BC",Burnaby,Elementary Public School
Glenwood Elementary,49.222024,-122.6264167,420.0,"21410 Glenwood Ave, Maple Ridge, BC",Maple Ridge,Elementary Public School
Global Montessori Centre,49.204996,-123.134356,151.0,"8860 Hudson St, Vancouver, BC",Vancouver,Daycare
Global Montessori Learning Center,54.053818,-124.846315,281.0,"19785 55 A Ave, Langley, BC",Langley,Daycare
Global Montessori Tsawwassen Childcare,49.010784,-123.088024,137.0,"402 English Bluff Rd, Delta, BC",Delta,Daycare
Global West Montessori,49.068352,-122.35848,56.0,"101-3600 Townline Rd, Abbotsford, BC",Abbotsford,Daycare
Glow And Grow Children's Centre,49.338653,-123.088493,233.0,"705 Blythwood Dr, North Vancouver, BC",North Vancouver,Daycare
Glowing Hearts Daycare,49.241961,-122.88069,205.0,"705 Delestre Ave, Coquitlam, BC",Coquitlam,Daycare
Glowing Kidz Daycare Ltd.,49.111604,-122.805406,140.0,"15050 60 Ave, Surrey, BC",Surrey,Daycare
Gnome Place Like Home,48.398898,-123.552892,176.0,"4116 Happy Valley Rd, Victoria, BC",Victoria,Daycare
Gnome Village,49.416433,-123.615021,245.0,"931 Cheryl-Ann Park Rd, Roberts Creek, BC",Roberts Creek,Daycare
Goat Mountain Kids Centre,49.99261,-117.370266,238.0,"604 7Th Ave, New Denver, BC",New Denver,Daycare
Gobind Sarvar Childcare Center,49.165355,-122.756354,156.0,"8922 168 St, Surrey, BC",Surrey,Daycare
Gobind Sarvar School,49.1634797,-122.7563207,,"8820 168 St, Surrey, BC",Surrey,Elementary-Secondary Independent School
Godson Early Learning Program,49.041056,-122.306649,192.0,"33130 Bevan Ave, Abbotsford, BC",Abbotsford,Daycare
Godson Elementary,49.0410558,-122.3066485,415.0,"33130 Bevan Ave, Abbotsford, BC",Abbotsford,Elementary Public School
Gokidz Child Services,49.042932,-122.790762,147.0,"106 2255 King George Blvd, Surrey, BC",Surrey,Daycare
Gold Bridge Community,50.8532573,-122.8352393,50.0,"C/O Cayoosh Elementary School, Lillooet, BC",Lillooet,Elementary Jr. Secondary Public School
Gold River Secondary,49.7753265,-126.0526866,325.0,"PO Box 700, Gold River, BC",Gold River,Elementary Public School
Golden Alternate School,51.2958808,-116.9661705,,"PO Box 1350, Golden, BC",Golden,Secondary Public School
Golden Apple Bilingual Daycare Ltd.,49.182623,-123.085015,210.0,"12440 Woodhead Rd, Richmond, BC",Richmond,Daycare
Golden Apple Child Care,49.139401,-123.17624,117.0,"4328 Fortune Ave, Richmond, BC",Richmond,Daycare
Golden Apple Children's House,49.151436,-123.174753,160.0,"4620 Coventry Dr, Richmond, BC",Richmond,Daycare
Golden Apple Daycare,49.264121,-122.965021,246.0,"2181 Sperling Ave, Burnaby, BC",Burnaby,Daycare
Golden Apple Daycare,49.292216,-122.79638,227.0,"1315 Jordan St, Coquitlam, BC",Coquitlam,Daycare
Golden Bear Children's Centre,49.077682,-117.801613,211.0,"2058 Spokane St, Rossland, BC",Rossland,Daycare
Golden Bear School Age Program,49.080925,-117.798989,229.0,"2390 Jubilee St, Rossland, BC",Rossland,Daycare
Golden Blooms Child Care Centre Ltd,49.246055,-122.782086,199.0,"1620 Mary Hill Rd, Port Coquitlam, BC",Port Coquitlam,Daycare
Golden Child Daycare,51.305665,-116.973916,116.0,"818 9Th St N, Golden, BC",Golden,Daycare
Golden Ears Elementary,49.21483,-122.581418,515.0,"23124 118 Ave, Maple Ridge, BC",Maple Ridge,Elementary Public School
Golden Rainbow Childcare Centre,49.065049,-122.331996,190.0,"32225 Golden Ave, Abbotsford, BC",Abbotsford,Daycare
Golden Secondary,51.2965518,-116.9496193,550.0,"PO Box 1350, Golden, BC",Golden,Secondary Public School
Golden Star Daycare Inc.,49.326473,-123.066906,193.0,"248 19 St E, North Vancouver, BC",North Vancouver,Daycare
Golden Star Daycare Inc.,49.326473,-123.066906,231.0,"248 19 St E, North Vancouver, BC",North Vancouver,Daycare
Golden Star's Early Learning Centre,49.322058,-123.095698,172.0,"829 15Th St W, North Vancouver, BC",North Vancouver,Daycare
Golden Star's Early Learning Centre,49.322058,-123.095698,217.0,"829 15Th St W, North Vancouver, BC",North Vancouver,Daycare
Golden Sunshine Daycare Centre,49.207427,-122.934961,186.0,"1320 Seventh Ave, New Westminster, BC",New Westminster,Daycare
Golden Sunshine Daycare Centre,49.21464,-122.908874,134.0,"402 First St, New Westminster, BC",New Westminster,Daycare
Goldilocks Family Day Care,53.860669,-122.777675,201.0,"2967 Parent Rd, Prince George, BC",Prince George,Daycare
Goldstone Childcare Centres Inc,49.129875,-122.692019,259.0,"19160 70Th Ave, Surrey, BC",Surrey,Daycare
Goldstone Childcare Centres Inc. - Newton,49.132998,-122.882255,215.0,"12296 71A Ave, Surrey, BC",Surrey,Daycare
Goldstone Childcare Society,49.172467,-122.86041,233.0,"13055 Huntley Ave, Surrey, BC",Surrey,Daycare
Goldstone Childcare Society - mcleod Road,49.118,-122.829115,125.0,"6325 142 St, Surrey, BC",Surrey,Daycare
Goldstone Park - Basc,49.116558,-122.818105,211.0,"6287 146 Street, Surrey, BC",Surrey,Daycare
Goldstone Park Elementary,49.1165577,-122.8181054,600.0,"6287 146 St, Surrey, BC",Surrey,Elementary Public School
Gonzales Preschool Group,48.441972,-123.314906,261.0,"2928 Eastdowne Rd, Victoria, BC",Victoria,Daycare
Good Day Sunshine,49.116436,-122.82477,172.0,"18-6299 144 St, Surrey, BC",Surrey,Daycare
Good Flowers Daycare Corporation,49.288533,-122.800556,183.0,"1268 Michigan Dr, Coquitlam, BC",Coquitlam,Daycare
Good Shepherd Daycare,49.217027,-123.065532,265.0,"7416 Victoria Dr, Vancouver, BC",Vancouver,Daycare
Goodwin Academy,49.19295,-122.842014,121.0,"10468 Whalley Blvd, Surrey, BC",Surrey,Daycare
Goodwin Academy Childcare,49.19295,-122.842014,223.0,"1-10468 Whalley Blvd, Surrey, BC",Surrey,Daycare
Goodwin Academy Daycare,49.19295,-122.842014,209.0,"2-10468 Whalley Blvd, Surrey, BC",Surrey,Daycare
Goodwin Academy Early Learning Centre,49.199536,-122.844187,84.0,"13642 Grosvenor Rd, Surrey, BC",Surrey,Daycare
Goodwin Academy Infant Toddler,49.199502,-122.844258,167.0,"13640 Grosvenor Rd, Surrey, BC",Surrey,Daycare
Gordon Greenwood Elementary,49.1691851,-122.6527565,440.0,"9175 206 St, Langley, BC",Langley,Elementary Public School
Gordon Head Middle School,48.4814481,-123.3290849,400.0,"1671 Kenmore Rd, Victoria, BC",Victoria,Elementary Public School
Gordon House Childcare,49.332254,-123.170768,155.0,"Gordon House Childcare, West Vancouver, BC",West Vancouver,Daycare
Gordon House Childcare,49.332559,-123.1678,259.0,"2104 Gordon Ave, West Vancouver, BC",West Vancouver,Daycare
Gordon Neighbourhood House Out Of School Care,49.285668,-123.133699,149.0,"1019 Broughton St, Vancouver, BC",Vancouver,Daycare
Gordon Terrace Elementary,49.4965489,-115.7732592,295.0,"1200 5th Ave S, Cranbrook, BC",Cranbrook,Elementary Public School
Gr8 Beginnings Family Daycare,49.865462,-119.611617,232.0,"2518 Tuscany Dr, West Kelowna, BC",West Kelowna,Daycare
Grace Montessori Daycare,49.237609,-122.906318,246.0,"7588 Cariboo Rd, Burnaby, BC",Burnaby,Daycare
Graduation Routes Other Ways,52.1334289,-122.1457161,,"320 Second Ave N, Williams Lake, BC",Williams Lake,Elementary-Secondary Public School
Graham Bruce Community Elementary,49.2423087,-123.025328,345.0,"3633 Tanner St, Vancouver, BC",Vancouver,Elementary Public School
Graham Bruce School Age Child Care Centre,49.242313,-123.025409,218.0,"3633 Tanner St, Vancouver, BC",Vancouver,Daycare
Graham Montessori School,49.202123,-122.917984,272.0,"2-1001 Royal Ave, New Westminster, BC",New Westminster,Daycare
Graham Montessori School,49.215977,-122.896265,210.0,"76 Jamieson Ct, New Westminster, BC",New Westminster,Daycare
Graham Montessori School (Oos),49.226128,-122.920292,185.0,"8260 13Th Ave, Burnaby, BC",Burnaby,Daycare
Gramma Loops Day Care,50.245721,-119.243972,112.0,"182 Fenwick Rd, Vernon, BC",Vernon,Daycare
Gran's Little Paradise,49.837644,-125.175237,184.0,"2881 Hamm Rd, Black Creek, BC",Black Creek,Daycare
Grand Forks Secondary,49.0319063,-118.4515371,650.0,"PO Box 339, Grand Forks, BC",Grand Forks,Secondary Public School
Grand Kids Care The (Tgk),49.065662,-122.243599,198.0,"35431 mckee Rd, Abbotsford, BC",Abbotsford,Daycare
Grandma's House Day Care Ltd.,49.071864,-122.249779,267.0,"3855 Old Clayburn Rd, Abbotsford, BC",Abbotsford,Daycare
Grandma’S Cottage Daycare,56.253296,-120.857171,132.0,"10715 106 St, Fort St. John, BC",Fort St. John,Daycare
Grandview Heights Secondary,49.047725,-122.7518069,1500.0,"16987 25 Ave, Surrey, BC",Surrey,Elementary Public School
Grandview Montessori School,49.041198,-122.765171,180.0,"16530 21A Ave, Surrey, BC",Surrey,Daycare
Grandview ¿uuqinak’uuh Elementary,49.2661376,-123.0745247,220.0,"2055 Woodland Dr, Vancouver, BC",Vancouver,Elementary Public School
Granville House Montessori School,49.24667,-123.139624,164.0,"4355 Granville St, Vancouver, BC",Vancouver,Daycare
Granville House Montessori School,49.24667,-123.139624,169.0,"4355 Granville St, Vancouver, BC",Vancouver,Daycare
Grasshoppers Childcare Centre,49.898732,-119.48135,216.0,"907 Ethel St, Kelowna, BC",Kelowna,Daycare
Grassroots Early Learning And Care,49.249408,-123.040091,349.0,"3066 23Rd Ave E, Vancouver, BC",Vancouver,Daycare
Grassy Plains School,53.9713897,-125.8813779,320.0,"34310 Keefes Landing Rd, Burns Lake, BC",Burns Lake,Elementary Public School
Gray Elementary,49.1484873,-122.9220704,610.0,"10855 80 Ave, Delta, BC",Delta,Elementary Public School
Great Beginnings Daycare,49.129972,-122.652043,254.0,"7013 206 St, Langely, BC",Langely,Daycare
Great Beginnings Daycare Surrey,49.038976,-122.863684,288.0,"12953 20Th Ave, Surrey, BC",Surrey,Daycare
Great Minds Achievers,49.151686,-122.785203,312.0,"15770 82Nd Ave, Surrey, BC",Surrey,Daycare
Greater Heights Learning Academy,49.2672281,-122.8912196,,"550 Thompson Ave, Coquitlam, BC",Coquitlam,Elementary-Secondary Independent School
Green Apple Daycare,49.302426,-122.873044,232.0,"1790 Ioco Rd, Port Moody, BC",Port Moody,Daycare
Green Apple Daycare Coquitlam,49.25713,-122.851824,99.0,"1504 Sprice Ave, Coquitlam, BC",Coquitlam,Daycare
Green Gables Glenmore,49.894738,-119.369065,304.0,"510 El Camino Rd, Kelowna, BC",Kelowna,Daycare
Green House Child Care Center,49.259992,-123.092427,166.0,"523 12Th Ave E, Vancouver, BC",Vancouver,Daycare
Green House Studio,48.432414,-123.392256,151.0,"737 Wilson St, Victoria, BC",Victoria,Daycare
Green Planet Daycare,49.253672,-122.786434,264.0,"2435 Lobb Ave, Port Coquitlam, BC",Port Coquitlam,Daycare
Green Timbers Elementary,49.1635904,-122.8231816,615.0,"8824 144 St, Surrey, BC",Surrey,Elementary Public School
Green Trails Infants & Toddlers,49.244644,-124.033238,153.0,"132 Sharon Pl, Nanaimo, BC",Nanaimo,Daycare
Green Trails Montessori Daycare,49.188223,-123.970985,159.0,"1270 Strathmore St, Nanaimo, BC",Nanaimo,Daycare
Green Tree Montessori Children's Centre,49.059721,-122.490301,237.0,"26489 Fraser Hwy, Aldergrove, BC",Aldergrove,Daycare
Green Valley Child Care,49.123447,-121.955083,227.0,"6675 School Lane, Chilliwack, BC",Chilliwack,Daycare
Green Valley Sunshine Kids,49.135011,-122.309167,180.0,"7332 Grand St, Mission, BC",Mission,Daycare
Greendale Elementary,49.1218522,-122.0462465,170.0,"6621 Sumas Prairie Rd, Chilliwack, BC",Chilliwack,Elementary Public School
Greendale Elementary School Age Care,49.121858,-122.047137,213.0,"6621 Sumas Prairie Rd, Chilliwack, BC",Chilliwack,Daycare
Greenfield Child Care Center,49.13888,-122.812027,278.0,"7476 148 St, Surrey, BC",Surrey,Daycare
Greenways Licensed Child Care Center,49.32874,-123.08843,204.0,"570 21St St W, North Vancouver, BC",North Vancouver,Daycare
Greenwood Elementary,49.1054951,-118.6781618,145.0,"PO Box 219, Greenwood, BC",Greenwood,Elementary Public School
Grenfell School Aged Child Care Centre,49.243123,-123.03449,202.0,"3323 Wellington Ave, Vancouver, BC",Vancouver,Daycare
Griffin's Alley-Out-Of-School Care,49.220733,-122.911269,171.0,"701 Park Cres, New Westminster, BC",New Westminster,Daycare
Griffin's Gateway,49.273553,-122.887984,165.0,"495 Glencoe Dr, Port Moody, BC",Port Moody,Daycare
Grindrod Elementary,50.6258577,-119.1225869,170.0,"PO Box 249, Grindrod, BC",Grindrod,Elementary Public School
Grins And Giggles Child Care Centre,49.876293,-119.453877,234.0,"1905 Springfield Rd, Kelowna, BC",Kelowna,Daycare
Grizzly Bear Out Of School Care,49.089684,-116.51309,185.0,"617 11 Ave S, Creston, BC",Creston,Daycare
Grizzly Den Daycare,53.898498,-122.797945,282.0,"4118 Guest Cres, Prince George, BC",Prince George,Daycare
Grow And Discover Education Inc.,49.694591,-124.991674,179.0,"239 Puntledge Rd, Courtenay, BC",Courtenay,Daycare
Grow And Learn Preschool And Childcare Center Ltd,49.111645,-122.875717,173.0,"12530 60 Ave, Surrey, BC",Surrey,Daycare
Grow And Learn Preschool And Childcare Center Ltd,49.168019,-122.839702,235.0,"13838 91 Ave, Surrey, BC",Surrey,Daycare
Growing Hands Childcare Centre,49.210486,-122.933527,290.0,"1188 Eighth Ave, New Westminster, BC",New Westminster,Daycare
Growing Kids Childcare Centre - Morgan Crossing,49.036429,-122.758269,184.0,"16756 19 Ave, Surrey, BC",Surrey,Daycare
Growing Matters Green Child Care,49.271631,-123.165605,260.0,"2668 York Ave, Vancouver, BC",Vancouver,Daycare
Growing Minds Before & After School Care,50.819283,-119.689688,185.0,"642 A Shuswap Ave, Chase, BC",Chase,Daycare
Growing Minds Child Care Centre,49.220338,-122.94553,54.0,"7456 19 Ave, Burnaby, BC",Burnaby,Daycare
Growing Minds Childcare,50.815959,-119.689247,161.0,"425 Cottonwood St, Chase, BC",Chase,Daycare
Growing Patch (The),53.985576,-122.803664,214.0,"6221 Tasa Pl, Prince George, BC",Prince George,Daycare
Growing Rainbows Daycare,49.2764,-122.756573,347.0,"3583 Coast Meridian Rd, Port Coquitlam, BC",Port Coquitlam,Daycare
Growing Roots Child Care,48.579318,-123.452838,209.0,"1111 Stellys Cross Rd, Brentwood Bay, BC",Brentwood Bay,Daycare
Growing Space,49.380346,-123.345577,126.0,"587B Artisan Lane, Bowen Island, BC",Bowen Island,Daycare
Growing Spaces Childcare,49.250472,-123.059251,270.0,"3579 Walker St, Vancouver, BC",Vancouver,Daycare
Growing Steps Children Centre,49.168181,-122.892784,281.0,"9061 119A St, Delta, BC",Delta,Daycare
Growing Steps Children Centre Chilliwack,49.172292,-121.945369,274.0,"46212 Maple Ave, Chilliwack, BC",Chilliwack,Daycare
Growing Together Children's Centre,49.04037,-122.310642,198.0,"32981 Brundidge Ave, Abbotsford, BC",Abbotsford,Daycare
Growing Together Early Childhood Education & Care,48.786816,-123.716773,139.0,"1040 College St, Duncan, BC",Duncan,Daycare
Growing Tree Child Care Center,49.126474,-122.693069,181.0,"19125 68 Ave, Surrey, BC",Surrey,Daycare
Growing Tree Toddler Center,49.143715,-122.656111,244.0,"7759 204A St, Langley, BC",Langley,Daycare
Growing With Smiles Childhood Center Ltd.,49.058287,-122.471034,270.0,"27185 Fraser Hwy, Aldergrove, BC",Aldergrove,Daycare
Guildford Childcare Centre,49.194232,-122.812716,204.0,"10553 148Th St, Surrey, BC",Surrey,Daycare
Guildford Gardens Daycare Inc,49.198328,-122.808681,202.0,"14921 107A Ave, Surrey, BC",Surrey,Daycare
Guildford Park Secondary,49.1969501,-122.8178269,1050.0,"10707 146 St, Surrey, BC",Surrey,Elementary Public School
Guildford Recreation Centre Preschool,49.193412,-122.80254,203.0,"15105 105 Ave, Surrey, BC",Surrey,Daycare
Gulf Islands Secondary,48.8555053,-123.507354,575.0,"112 Rainbow Rd, Salt Spring Island, BC",Salt Spring Island,Secondary Public School
Gummy Bears Child Care,49.2228,-122.968226,236.0,"6719 Brantford Ave, Burnaby, BC",Burnaby,Daycare
Gummy Bears Child Care,49.228624,-122.97225,74.0,"6288 Service St, Burnaby, BC",Burnaby,Daycare
Guru Angad Dev School,49.1428746,-122.848593,,"13479 77 Ave, Surrey, BC",Surrey,Elementary Jr. Secondary Independent School
Guru Nanak Child Care Centre,49.147316,-122.866164,79.0,"206-7938 128 St, Surrey, BC",Surrey,Daycare
Gw Carlson Kidz Klub,58.813557,-122.696075,162.0,"5617 51 St, Fort Nelson, BC",Fort Nelson,Daycare
Gwa'sala-'Nakwaxda'xw School,49.1093113,-122.7182757,,"PO Box 1799, Port Hardy, BC",Port Hardy,Elementary Independent School
Gym Bears Child Care,49.225846,-122.985255,131.0,"6428 Selma Ave, Burnaby, BC",Burnaby,Daycare
H D Stafford Middle,49.0905837,-122.6570925,825.0,"20441 Grade Cres, Langley, BC",Langley,Middle School Public School
H T Thrift Elementary,49.0337838,-122.8128705,270.0,"1739 148 St, Surrey, BC",Surrey,Elementary Public School
H&S Daycare Ltd,49.221128,-122.62629,175.0,"21467 Dewdney Trunk Rd, Maple Ridge, BC",Maple Ridge,Daycare
H.R. Puff N Stuff,48.473773,-123.390919,125.0,"591 Baxter Ave, Victoria, BC",Victoria,Daycare
HS Grenda Middle School,50.0293134,-119.3997789,600.0,"10168 Konschuh Rd, Lake Country, BC",Lake Country,Middle School Public School
Haahuupayak School,49.2645648,-124.8501918,,"6000 Santu Dr, Port Alberni, BC",Port Alberni,Elementary Independent School
Hagensborg Daycare Centre,52.387164,-126.539939,122.0,"1961 Highway 20, Hagensborg, BC",Hagensborg,Daycare
Hagensborg Early Learning Centre,52.387164,-126.539939,160.0,"1961 Highway 20, Hagensborg, BC",Hagensborg,Daycare
Haldane Elementary,50.8153807,-119.68843,300.0,"PO Box 380, Chase, BC",Chase,Elementary Public School
Haldane Just B4 Preschool,50.815381,-119.68843,161.0,"530 Cottonwood St, Chase, BC",Chase,Daycare
Halfmoon Bay Child Care Centre,49.481901,-123.885301,187.0,"8090 Northwood Rd, Halfmoon Bay, BC",Halfmoon Bay,Daycare
Halfmoon Bay Elementary,49.4819046,-123.8850521,215.0,"8086 Northwood Rd, Halfmoon Bay, BC",Halfmoon Bay,Elementary Public School
Halfmoon Bay Just B4,49.481905,-123.885052,181.0,"8086 Northwood Rd, Halfmoon Bay, BC",Halfmoon Bay,Daycare
Halte- Scolaire Côte Du Soleil,49.833964,-124.523461,121.0,"4368 Michigan Ave, Powell River, BC",Powell River,Daycare
Hamilton Elementary,49.1761441,-122.9650843,430.0,"5180 Smith Dr, Richmond, BC",Richmond,Elementary Public School
Hamilton Out Of School Care,49.176678,-122.965695,312.0,"5140 Smith Dr, Richmond, BC",Richmond,Daycare
Hamilton Park,48.440793,-123.339723,142.0,"1487 Hamilton Rd, Victoria, BC",Victoria,Daycare
Hammond Bay Before And After School Care,49.231957,-123.966672,292.0,"1025 Morningside Dr, Nanaimo, BC",Nanaimo,Daycare
Hammond Bay Elementary,49.2319569,-123.9666722,535.0,"1025 Morningside Dr, Nanaimo, BC",Nanaimo,Elementary Public School
Hammond Elementary,49.2122799,-122.6566645,480.0,"11520 203 St, Maple Ridge, BC",Maple Ridge,Elementary Public School
Hampton House Society,48.493739,-123.410529,197.0,"3200-4464 Markham St, Victoria, BC",Victoria,Daycare
Hampton Park Bilingual Montessori Inc.,49.310734,-122.788556,187.0,"1760 Paddock Dr, Coquitlam, BC",Coquitlam,Daycare
Hampton Park Elementary,49.3107342,-122.7885561,390.0,"1760 Paddock Dr, Coquitlam, BC",Coquitlam,Elementary Public School
Hana Child Care Ltd,49.292201,-122.767347,195.0,"1257 Beedie Dr, Coquitlam, BC",Coquitlam,Daycare
Hanazono Daycare,49.170142,-123.964359,120.0,"587 Ravenswood Dr, Nanaimo, BC",Nanaimo,Daycare
Hand In Hand - Aberdeen Elementary,49.056152,-122.427207,209.0,"2975 Bradner Rd, Abbotsford, BC",Abbotsford,Daycare
Hand In Hand - Alexander Elementary,49.042415,-122.287653,333.0,"2250 Lobban Rd, Abbotsford, BC",Abbotsford,Daycare
Hand In Hand - Blue Jay Elementary,49.058186,-122.367282,228.0,"30995 Southern Dr, Abbotsford, BC",Abbotsford,Daycare
Hand In Hand - Centennial Park Elementary,49.047948,-122.316749,176.0,"2527 Gladwin Rd, Abbotsford, BC",Abbotsford,Daycare
Hand In Hand - Dr. Thomas Swift Elementary,49.066408,-122.259646,224.0,"34800 Mierau Ave, Abbotsford, BC",Abbotsford,Daycare
Hand In Hand - Early Learning Centre,49.058796,-122.337824,160.0,"3154 Clearbrook Rd, Abbotsford, BC",Abbotsford,Daycare
Hand In Hand - Godson Elementary,49.041016,-122.306584,70.0,"33130 Bevan Ave, Abbotsford, BC",Abbotsford,Daycare
Hand In Hand - John Maclure Elementary,49.056257,-122.319307,165.0,"2990 Oriole Cres, Abbotsford, BC",Abbotsford,Daycare
Hand In Hand - Mountain Elementary,49.042946,-122.234666,229.0,"2299 Mountain Dr, Abbotsford, BC",Abbotsford,Daycare
Hand In Hand - North Poplar Elementary,49.038836,-122.335878,150.0,"32041 Marshall Rd, Abbotsford, BC",Abbotsford,Daycare
Hand In Hand - Prince Charles Elementary,49.064392,-122.242934,65.0,"35410 mckee Rd, Abbotsford, BC",Abbotsford,Daycare
Hand In Hand - Sandy Hill Elementary,49.071933,-122.247573,217.0,"3836 Old Clayburn Rd, Abbotsford, BC",Abbotsford,Daycare
Hand In Hand - Ten Broeck Elementary,49.049888,-122.34526,177.0,"2580 Stanley St, Abbotsford, BC",Abbotsford,Daycare
Hand In Hand - Terry Fox Elementary,49.057742,-122.301963,254.0,"3071 Babich St, Abbotsford, BC",Abbotsford,Daycare
Hand In Hand Childcare,48.381538,-123.712429,211.0,"6491 Golledge Ave, Sooke, BC",Sooke,Daycare
Hand In Hand Montessori Child Care,49.222682,-122.961452,173.0,"6733 Griffiths Ave, Burnaby, BC",Burnaby,Daycare
Hands & Hearts Family Child Care,49.21263,-123.114275,313.0,"105-7988 Yukon St, Vancouver, BC",Vancouver,Daycare
Hands And Hearts Early Learning Centre,49.174873,-119.763959,189.0,"310 Vla Rd, Cawston, BC",Cawston,Daycare
Hands On Playcare (Hop),54.518244,-128.585439,333.0,"4542 Park Ave, Terrace, BC",Terrace,Daycare
Handsworth Secondary,49.351776,-123.1009363,1400.0,"1033 Handsworth Rd, North Vancouver, BC",North Vancouver,Secondary Public School
Hanna Court Children's Centre,49.208646,-122.959838,123.0,"7521 Hanna Crt, Burnaby, BC",Burnaby,Daycare
Hans Helgesen Elementary,48.3640728,-123.5545835,215.0,"4983 Rocky Point Rd, Victoria, BC",Victoria,Elementary Public School
Happiness Starts Here Childcare Centre,49.122398,-122.703713,260.0,"18720 66 Ave, Surrey, BC",Surrey,Daycare
Happy Angels Daycare,49.339597,-123.103859,174.0,"1090 Ridgewood Dr, North Vancouver, BC",North Vancouver,Daycare
Happy Beginnings Childcare,53.893257,-122.759004,87.0,"2744 Lonsdale St, Prince George, BC",Prince George,Daycare
Happy Bird Daycare,49.22132,-122.942928,189.0,"7545 18Th Ave, Burnaby, BC",Burnaby,Daycare
Happy Camper's Childcare - Colwood,48.436128,-123.485845,254.0,"3000 Wishart Rd, Victoria, BC",Victoria,Daycare
Happy Campers - Kelly,48.435952,-123.496228,289.0,"647 Kelly Rd, Victoria, BC",Victoria,Daycare
Happy Campers - Lake Cowichan,48.822439,-124.057188,335.0,"154 South Shore Rd, Lake Cowichan, BC",Lake Cowichan,Daycare
Happy Campers - Otter Point,48.378944,-123.725341,133.0,"2080 Otter Point Rd, Sooke, BC",Sooke,Daycare
Happy Campers Bray,48.446252,-123.511623,152.0,"953 Bray Ave, Victoria, BC",Victoria,Daycare
Happy Campers Childcare,48.415441,-123.483697,143.0,"3424 Metchosin Rd, Victoria, BC",Victoria,Daycare
Happy Campers Childcare,49.709212,-124.984522,125.0,"4680B Macintyre Ave, Courtenay, BC",Courtenay,Daycare
Happy Campers Osc - David Cameron,48.442718,-123.49753,108.0,"675 Meaford Ave, Colwood, BC",Colwood,Daycare
Happy Campers Osc - Dunford,48.445747,-123.512154,241.0,"948 Dunford Ave, Victoria, BC",Victoria,Daycare
Happy Campers Osc - Forge,48.433797,-123.517109,248.0,"2612 Sooke Rd, Victoria, BC",Victoria,Daycare
Happy Campers Osc - Happy Valley,48.428423,-123.528791,111.0,"3291 Happy Valley Rd, Victoria, BC",Victoria,Daycare
Happy Campers Osc - Mt View,48.437472,-123.487686,258.0,"510 Mount View Ave, Victoria, BC",Victoria,Daycare
Happy Campers Osc - Willway,48.456987,-123.548504,283.0,"2939 Mt. Wells Dr, Victoria, BC",Victoria,Daycare
Happy Campers Osc - Wishart,48.422277,-123.495821,163.0,"3310 Wishart Rd, Victoria, BC",Victoria,Daycare
Happy Child Care Bilingual Childcare,49.179598,-123.128976,182.0,"8531 Leslie Rd, Richmond, BC",Richmond,Daycare
Happy Child Daycare & Learning Centre,49.35346,-123.025042,111.0,"4685 Underwood Pl, North Vancouver, BC",North Vancouver,Daycare
Happy Circle Childcare Centre,49.295926,-122.839934,237.0,"206 Ravine Dr, Port Moody, BC",Port Moody,Daycare
Happy Corner Parent Participation Preschool,49.257979,-123.031643,221.0,"3434 Falaise Ave, Vancouver, BC",Vancouver,Daycare
Happy Days Dayhome,50.273598,-119.24778,205.0,"4105 12 St, Vernon, BC",Vernon,Daycare
Happy Days Family Daycare,49.10647,-121.981395,205.0,"5724 Janis St, Chilliwack, BC",Chilliwack,Daycare
Happy Days Family Daycare,49.226086,-122.580328,196.0,"12323 231B St, Maple Ridge, BC",Maple Ridge,Daycare
Happy Days Playschool,49.248563,-122.83422,175.0,"489 Mundy St, Coquitlam, BC",Coquitlam,Daycare
Happy Dolphins Childcare,49.13729,-123.168845,242.0,"10371 Hollymount Dr, Richmond, BC",Richmond,Daycare
Happy Face Family Child Care,49.273653,-122.959597,253.0,"6965 Aubrey St, Burnaby, BC",Burnaby,Daycare
Happy Faces Before And After School Care,49.094466,-123.853512,215.0,"2215 Gould Rd, Nanaimo, BC",Nanaimo,Daycare
Happy Family Child Care,49.203409,-122.947949,180.0,"1931 Eighth Ave, New Westminster, BC",New Westminster,Daycare
Happy Feet Child Care,49.146979,-122.880276,121.0,"7922 123A St, Surrey, BC",Surrey,Daycare
Happy Feet Childcare Centre,49.212662,-122.968238,157.0,"6550 Clinton St, Burnaby, BC",Burnaby,Daycare
Happy Feet Montessori Child Care,49.302964,-122.772116,171.0,"1461 Hockaday St, Coquitlam, BC",Coquitlam,Daycare
Happy Feet Montessori Children's Centre,49.21443,-123.133783,248.0,"7858 Hudson St, Vancouver, BC",Vancouver,Daycare
Happy Foot,49.321347,-122.997845,102.0,"2749 Walpole Cres, North Vancouver, BC",North Vancouver,Daycare
Happy Foot Infant And Toddler Centre,49.321243,-122.953901,205.0,"1621 Deep Cove Rd, North Vancouver, BC",North Vancouver,Daycare
Happy Gogo Childcare Centre,49.222045,-122.930375,307.0,"7928 14Th Ave, Burnaby, BC",Burnaby,Daycare
Happy Grace Child Care Centre,49.268645,-122.802217,240.0,"966 Crystal Crt, Coquitlam, BC",Coquitlam,Daycare
Happy Hearts,51.650214,-121.285949,161.0,"420 Evergreen Cres, 100 Mile House, BC",100 Mile House,Daycare
Happy Hearts Childcare Centre,49.220213,-122.6034,111.0,"22336 Dewdney Trunk Rd, Maple Ridge, BC",Maple Ridge,Daycare
Happy Hearts Childcare Centre,49.220427,-122.603557,218.0,"22330 Dewdney Trunk Rd, Maple Ridge, BC",Maple Ridge,Daycare
Happy Hearts Childcare Centre Inc,49.219566,-122.604536,141.0,"22315 Mcintosh Ave, Maple Ridge, BC",Maple Ridge,Daycare
Happy Home Day Care,53.911972,-122.81499,226.0,"4545 Cascade Ave, Prince George, BC",Prince George,Daycare
Happy Honeybees Child Care,50.696747,-120.368694,261.0,"750 Cottonwood Ave, Kamloops, BC",Kamloops,Daycare
Happy Hoppers Daycare,49.173602,-123.991304,234.0,"2064 Cathers Dr, Nanaimo, BC",Nanaimo,Daycare
Happy House Child Care,49.214567,-123.090166,288.0,"720 61St Ave E, Vancouver, BC",Vancouver,Daycare
Happy House Learning Center,49.255465,-123.153366,256.0,"2105 19Th Ave W, Vancouver, BC",Vancouver,Daycare
Happy Hummingbirds Childcare,49.188099,-123.973019,268.0,"1609 Meredith Rd, Nanaimo, BC",Nanaimo,Daycare
Happy Hummingbirds Childcare,49.317935,-124.300539,143.0,"223B Mills St, Parksville, BC",Parksville,Daycare
Happy Kid Family Child Care,49.12318,-122.686532,219.0,"6569 193B St, Surrey, BC",Surrey,Daycare
Happy Kiddos Childcare Ltd,49.217494,-122.586439,91.0,"11841 Gee St, Maple Ridge, BC",Maple Ridge,Daycare
Happy Kids Castle Daycare,49.24749,-122.88621,141.0,"605 Dansey Ave, Coquitlam, BC",Coquitlam,Daycare
Happy Kids Day Care,49.891352,-119.385616,188.0,"270 Sadler Rd, Kelowna, BC",Kelowna,Daycare
Happy Kids World Childcare Inc,49.276651,-122.853637,86.0,"2611A St Johns St, Port Moody, BC",Port Moody,Daycare
Happy Kids World Home Childcare,49.275362,-122.853279,178.0,"2617 St. George St, Port Moody, BC",Port Moody,Daycare
Happy Land Family Child Care,49.275543,-123.035175,142.0,"3250 Parker St, Vancouver, BC",Vancouver,Daycare
Happy Lane Childcare,49.005417,-122.745474,252.0,"17234 2 Ave, Surrey, BC",Surrey,Daycare
Happy Learning Child Care Centre,49.200909,-122.952915,198.0,"2201 Eighth Ave, New Westminster, BC",New Westminster,Daycare
Happy Lil' Hearts,52.967609,-122.513072,232.0,"425 Robertson Ave, Quesnel, BC",Quesnel,Daycare
Happy May Child Care Centre,49.149388,-123.12479,244.0,"8660 Garden City Rd, Richmond, BC",Richmond,Daycare
Happy May Child Care Centre Ii,49.177926,-123.124703,180.0,"170-4751 Garden City Rd, Richmond, BC",Richmond,Daycare
Happy May Child Care Centre Iii,49.177926,-123.124703,119.0,"201-4751 Garden City Rd, Richmond, BC",Richmond,Daycare
Happy May Child Care Centre Iv,49.177926,-123.124703,238.0,"220-4751 Garden City Rd, Richmond, BC",Richmond,Daycare
Happy Minds Daycare,49.157643,-122.806044,222.0,"15035 Spenser Dr, Surrey, BC",Surrey,Daycare
Happy Owls Childcare,49.270957,-122.972306,227.0,"6355 Grant St, Burnaby, BC",Burnaby,Daycare
Happy Place After-School Care,49.892268,-119.477593,163.0,"1091 Coronation Ave, Kelowna, BC",Kelowna,Daycare
Happy Place Family Child Care,49.23387,-123.030694,282.0,"5520 Stamford St, Vancouver, BC",Vancouver,Daycare
Happy Planet Child Care,49.097393,-117.69863,138.0,"1765 Third Ave, Trail, BC",Trail,Daycare
Happy Pony House Daycare,49.346341,-123.048841,146.0,"3988 Michener Crt, North Vancouver, BC",North Vancouver,Daycare
Happy Ridge Early Learning Academy,49.2174,-122.6189,147.0,"101-21755 Lougheed Hwy, Maple Ridge, BC",Maple Ridge,Daycare
Happy Sky Daycare Centre,49.214364,-122.650928,190.0,"11670 Miller St, Maple Ridge, BC",Maple Ridge,Daycare
Happy Smile Childcare Centre,49.221341,-122.940799,173.0,"7615 17Th Ave, Burnaby, BC",Burnaby,Daycare
Happy Steps Daycare,49.243939,-122.837857,178.0,"2045 Kugler Ave, Coquitlam, BC",Coquitlam,Daycare
Happy Times Family Child Care,49.251184,-123.075685,170.0,"3768 Knight St, Vancouver, BC",Vancouver,Daycare
Happy Times Family Child Care,49.317874,-123.002843,200.0,"2571 Carnation St, North Vancouver, BC",North Vancouver,Daycare
Happy Tots Day Care,53.918767,-122.80901,79.0,"634 Faulkner Cres, Prince George, BC",Prince George,Daycare
Happy Trails Childcare Centre,50.580316,-127.065541,157.0,"2853 Mine Rd, Port mcneill, BC",Port mcneill,Daycare
Happy Trails Children Centre,49.176207,-122.768763,250.0,"16371 95A Ave, Surrey, BC",Surrey,Daycare
Happy Trails Daycare,52.104756,-122.135529,240.0,"818 Dog Creek Rd, Williams Lake, BC",Williams Lake,Daycare
Happy Trails Daycare,54.317771,-130.293369,191.0,"290 Crestview Dr, Prince Rupert, BC",Prince Rupert,Daycare
Happy Treehouse Family Daycare,49.227902,-122.932967,308.0,"8017 19Th Ave, Burnaby, BC",Burnaby,Daycare
Happy Valley Elementary,48.4283468,-123.5287285,385.0,"3291 Happy Valley Rd, Victoria, BC",Victoria,Elementary Public School
Happy Valley Montessori Children Centre Inc.,49.160474,-123.158131,226.0,"6091 Udy Rd, Richmond, BC",Richmond,Daycare
Happy Vibes Daycare,49.351089,-124.41751,157.0,"618 Sumac Dr, Qualicum Beach, BC",Qualicum Beach,Daycare
Happyland Early Learning Centre,49.169449,-122.66408,173.0,"201-20165 91A Ave, Langley, BC",Langley,Daycare
Happyland Early Learning Centre Cineplex,49.16793,-122.66524,225.0,"F-20090 91A Ave, Langley, BC",Langley,Daycare
Happyland Infant And Toddler Daycare,49.263655,-122.972741,183.0,"6295 Broadway, Burnaby, BC",Burnaby,Daycare
Happyland Infant And Toddler Daycare (Dundas),49.284408,-123.010862,188.0,"4212 Dundas St, Burnaby, BC",Burnaby,Daycare
Harbour View Childcare Inc,49.269047,-122.861609,162.0,"960 Lillian St, Coquitlam, BC",Coquitlam,Daycare
Harbour View Elementary,49.2690465,-122.8616087,370.0,"960 Lillian St, Coquitlam, BC",Coquitlam,Elementary Public School
Harbourside Children's Centre,49.315559,-123.094256,128.0,"101 38 Fell Ave, North Vancouver, BC",North Vancouver,Daycare
Harbourside Children's Centre,49.315559,-123.094256,210.0,"101 38 Fell Ave, North Vancouver, BC",North Vancouver,Daycare
Harmonious Holistic Play Childcare,50.267484,-119.287494,253.0,"3805 35 Ave, Vernon, BC",Vernon,Daycare
Harmony Family Child Care,49.28421,-124.41616,188.0,"1446 Station Rd, Coombs, BC",Coombs,Daycare
Harmony Family Childcare,49.226981,-122.919451,193.0,"7750 Newcombe St, Burnaby, BC",Burnaby,Daycare
Harold Bishop Elementary,49.1913976,-122.787696,540.0,"15670 104 Ave, Surrey, BC",Surrey,Elementary Public School
Harrison Hot Springs Elementary,49.2981941,-121.7838975,120.0,"PO Box 310, Harrison Hot Springs, BC",Harrison Hot Springs,Elementary Public School
Harrow House Academy - Early Learning Centre,49.177435,-123.137585,171.0,"135-7951 Alderbridge Way, Richmond, BC",Richmond,Daycare
Harrow House Academy - Early Learning Centre,49.177435,-123.137585,274.0,"135-7951 Alderbridge Way, Richmond, BC",Richmond,Daycare
Harry Hooge Elementary,49.2253393,-122.5831981,490.0,"12280 230 St, Maple Ridge, BC",Maple Ridge,Elementary Public School
Harry Sayers Elementary,49.0686838,-122.3564291,390.0,"31321 Blueridge Dr, Abbotsford, BC",Abbotsford,Elementary Public School
Hart Highlands Childcare,53.982225,-122.797584,122.0,"5963 Teresa Pl, Prince George, BC",Prince George,Daycare
Hart Highlands Elementary,53.9747788,-122.792132,220.0,"2233 Sussex Lane, Prince George, BC",Prince George,Elementary Public School
Hartley Bay Elem-Jr Secondary,53.4241047,-129.2561228,95.0,"224 Galagm Laxa Ave, Hartley Bay, BC",Hartley Bay,Elementary-Secondary Public School
Harvest Montessori School,49.177807,-123.125857,234.0,"120-8740 Alexandra Rd, Richmond, BC",Richmond,Daycare
Harwin Elementary,53.9135087,-122.7769908,365.0,"1193 Harper St, Prince George, BC",Prince George,Elementary Public School
Harwood Elementary,50.2764594,-119.2586868,440.0,"4320 20 St, Vernon, BC",Vernon,Elementary Public School
Harwood Elementary School,50.276459,-119.258687,269.0,"4320 20 St, Vernon, BC",Vernon,Daycare
Harwood Montessori School,50.278078,-119.258727,178.0,"2001 45 Ave, Vernon, BC",Vernon,Daycare
Hastings Community Centre Preschool,49.281102,-123.038983,177.0,"3096 Hastings St E, Vancouver, BC",Vancouver,Daycare
Hastings Community Elementary,49.282521,-123.0506488,710.0,"2625 Franklin St, Vancouver, BC",Vancouver,Elementary Public School
Hastings Community Out Of School Care,49.281102,-123.038983,245.0,"3096 Hastings St E, Vancouver, BC",Vancouver,Daycare
Hastings ymca Kids Club,49.282524,-123.050642,241.0,"2625 Franklin St, Vancouver, BC",Vancouver,Daycare
Hatch Kids Learning Center Ltd.,49.150461,-123.118365,160.0,"8600 Ash St, Richmond, BC",Richmond,Daycare
Hatch Kids Learning Center Ltd.,49.150464,-123.118365,153.0,"8600 Ash St, Richmond, BC",Richmond,Daycare
Hatch Kids Learning Centre,49.138925,-123.12045,151.0,"9282 Williams Rd, Richmond, BC",Richmond,Daycare
Hatch Kids Learning Centre,49.138925,-123.12045,290.0,"9282 Williams Rd, Richmond, BC",Richmond,Daycare
Hatzic Elementary,49.1559405,-122.255915,315.0,"8465 Draper St, Mission, BC",Mission,Elementary Public School
Hatzic Middle School,49.1524094,-122.2590928,925.0,"34875 Moffat Avenue, Mission, BC",Mission,Middle School Public School
Haven Daycare Academy,49.143098,-122.90506,190.0,"11474 77 Ave, Delta, BC",Delta,Daycare
Hawthorne Elementary,49.0964847,-123.0715361,540.0,"5160 Central Ave, Delta, BC",Delta,Elementary Public School
Hayley's House,49.081312,-123.090234,171.0,"4295 48A St, Delta, BC",Delta,Daycare
Hazel Trembath Elementary,49.2383841,-122.7816561,290.0,"1278 Confederation Dr, Port Coquitlam, BC",Port Coquitlam,Elementary Public School
Hazelgrove Day Care,49.130099,-122.697208,321.0,"18959 70 Ave, Surrey, BC",Surrey,Daycare
Hazelgrove Elementary,49.1307299,-122.6934515,530.0,"7057 - 191 Street, Surrey, BC",Surrey,Elementary Public School
Hazelgrove ymca Kids Club,49.13073,-122.693452,171.0,"7057 191 St, Surrey, BC",Surrey,Daycare
Hazelmere Acres Preschool And Daycare,49.006706,-122.69196,271.0,"257 192 St, Surrey, BC",Surrey,Daycare
Hazelton Secondary,55.2657237,-127.6445198,525.0,"PO Box 300, Hazelton, BC",Hazelton,Secondary Public School
Hazelwood Early Learning Centre,49.236686,-122.774578,131.0,"2145 Nova Scotia Ave, Port Coquitlam, BC",Port Coquitlam,Daycare
Hazelwood Early Learning Centre,49.237808,-122.776848,179.0,"1265 Citadel Dr, Port Coquitlam, BC",Port Coquitlam,Daycare
Head Heart And Hands Childcare Centre,49.408266,-123.525478,246.0,"119-1006 Venture Way, Gibsons, BC",Gibsons,Daycare
Head Start Pre-Kinder,49.209823,-122.917945,215.0,"617 Fourth Ave, New Westminster, BC",New Westminster,Daycare
Head Starts Child Care Center,49.181224,-122.806148,157.0,"9850 150 St, Surrey, BC",Surrey,Daycare
Headstart Childcare Inc.,49.151963,-122.639396,255.0,"21020 83 Ave, Langley, BC",Langley,Daycare
Headwaters Academy,50.156779,-115.807182,90.0,"8953 Grainger Rd, Canal Flats, BC",Canal Flats,Daycare
Heart And Soul Childcare Foundation,49.362223,-121.463377,146.0,"63831 School Rd, Hope, BC",Hope,Daycare
Heart And Soul Childcare Foundation,49.384682,-121.441193,92.0,"455 6Th Ave, Hope, BC",Hope,Daycare
Heart To Hart Preschool & After School Care,53.994832,-122.808961,245.0,"7151 Heather Park Rd, Prince George, BC",Prince George,Daycare
Heartland Kids Childcare,49.04001,-122.790443,173.0,"2089 156 St, Surrey, BC",Surrey,Daycare
Heartland Montessori Child Care,49.182437,-122.953756,206.0,"249 Dawe St, New Westminster, BC",New Westminster,Daycare
Hearts & Smiles Montessori Childcare,49.212102,-122.56251,158.0,"23779 115A Ave, Maple Ridge, BC",Maple Ridge,Daycare
Heath Elementary,49.1327579,-122.907974,465.0,"11364 72 Ave, Delta, BC",Delta,Elementary Public School
Heather Park Elementary,53.994333,-122.8077448,760.0,"7151 Heather Park Rd, Prince George, BC",Prince George,Elementary Public School
Heffley Creek Elementary,50.8588333,-120.2666242,170.0,"Marriott Rd Rr 2, Heffley Creek, BC",Heffley Creek,Elementary Public School
Helen Gorman Elementary,49.8459267,-119.6716437,295.0,"3230 Salmon Rd, West Kelowna, BC",West Kelowna,Elementary Public School
Helen's Family Child Care,49.265426,-123.050692,170.0,"2654 5Th Ave E, Vancouver, BC",Vancouver,Daycare
Helew'u' Child Care Society,50.109916,-120.78216,235.0,"2190 Blair St, Merritt, BC",Merritt,Daycare
Hellings Elementary,49.1605585,-122.8996683,515.0,"11655 86 Ave, Delta, BC",Delta,Elementary Public School
Hello Friends Childcare Corporation,48.450997,-123.504813,157.0,"103-2787 Jacklin Rd, Langford, BC",Langford,Daycare
Hello Friends Childcare Corporation,48.458062,-123.518467,164.0,"B-1246 Flint Ave, Langford, BC",Langford,Daycare
Hello Mellow Daycare,49.846666,-119.58855,245.0,"3170 Riesling Way, West Kelowna, BC",West Kelowna,Daycare
Hellokids Childcare Centre,49.249643,-122.864713,119.0,"1020 Ridgeway Ave, Coquitlam, BC",Coquitlam,Daycare
Helping Hands Child Care,49.216309,-123.091964,193.0,"656 59Th Ave E, Vancouver, BC",Vancouver,Daycare
Helping Hands Children's Centre,49.166985,-122.778527,141.0,"9012  160Th St, Surrey, BC",Surrey,Daycare
Helping Hands Day Care,54.231082,-125.750387,217.0,"477 4Th Ave, Burns Lake, BC",Burns Lake,Daycare
Henderson Centre Licensed Childcare,48.456524,-123.308738,240.0,"2291 Cedar Hill X Rd, Victoria, BC",Victoria,Daycare
Henderson Elementary,49.8654037,-124.5439794,170.0,"5506 Willow Ave, Powell River, BC",Powell River,Elementary Public School
Henderson Elementary School,49.865404,-124.543979,198.0,"5506 Willow Ave, Powell River, BC",Powell River,Daycare
Henderson Just B4 Preschool Program,49.865404,-124.543979,166.0,"5506 Willow Ave, Powell River, BC",Powell River,Daycare
Henderson ymca Kids Club,49.222735,-123.095089,267.0,"451 53Rd Ave E, Vancouver, BC",Vancouver,Daycare
Henry Anderson Elementary,49.165695,-123.1196173,625.0,"9460 Alberta Rd, Richmond, BC",Richmond,Elementary Public School
Henry Bose Elementary,49.121701,-122.850794,465.0,"6550 134 St, Surrey, BC",Surrey,Elementary Public School
Henry Hudson Elementary,49.2720311,-123.1490104,390.0,"1530 Maple Street, Vancouver, BC",Vancouver,Elementary Public School
Herbert Spencer Elementary,49.2173915,-122.913498,500.0,"605 Second St, New Westminster, BC",New Westminster,Elementary Public School
Here We Grow Child Care,49.22771,-124.053251,166.0,"6610 Everest Dr, Nanaimo, BC",Nanaimo,Daycare
Here We Grow Family Childcare,49.620881,-125.03944,92.0,"2578 Windermere Ave, Cumberland, BC",Cumberland,Daycare
Heritage Christian Online School,49.8905358,-119.4045306,,"905 Badke Rd, Kelowna, BC",Kelowna,Elementary-Secondary Independent School
Heritage Elementary,53.9260064,-122.8111636,345.0,"257 Anderson St, Prince George, BC",Prince George,Elementary Public School
Heritage Mountain Daycare,49.294951,-122.836028,147.0,"145 Ravine Dr, Port Moody, BC",Port Moody,Daycare
Heritage Mountain Elementary,49.2940828,-122.8335841,365.0,"125 Ravine Dr, Port Moody, BC",Port Moody,Elementary Public School
Heritage Woods Secondary,49.298611,-122.8402462,1200.0,"1300 David Ave, Port Moody, BC",Port Moody,Secondary Public School
Heron's Landing - Infant Toddler,49.269414,-123.251839,82.0,"5Th Fl - 6180 Walter Gage Rd, Vancouver, BC",Vancouver,Daycare
Heron's Landing 3-5,49.269414,-123.251839,325.0,"5Th Fl - 6180 Walter Gage Rd, Vancouver, BC",Vancouver,Daycare
Hi And Bye Daycare,49.24591,-122.851239,297.0,"411 Schoolhouse St, Coquitlam, BC",Coquitlam,Daycare
Hibberson's Family Child Care,50.243816,-117.797848,152.0,"408 1St Ave Nw, Nakusp, BC",Nakusp,Daycare
Hidamari Exploration Studio & Child Care,49.212733,-124.037593,245.0,"5178 Maureen Way, Nanaimo, BC",Nanaimo,Daycare
High Five Family Childcare,49.264318,-123.10022,205.0,"206-228 7Th Ave E, Vancouver, BC",Vancouver,Daycare
Highland Meadows Day Care,49.153485,-122.675375,196.0,"8286  197Th St, Langley, BC",Langley,Daycare
Highland Montessori Child Care,49.29931,-122.743102,246.0,"3550 Highland Dr, Coquitlam, BC",Coquitlam,Daycare
Highland Park Elementary,49.2272983,-122.6960476,395.0,"18961 Advent Rd, Pitt Meadows, BC",Pitt Meadows,Elementary Public School
Highland Park Elementary,50.4499897,-119.2014848,415.0,"PO Box 647, Armstrong, BC",Armstrong,Elementary Public School
Highland Park Elementary - Just B4,50.44999,-119.201485,110.0,"3200 Wood Ave, Armstrong, BC",Armstrong,Daycare
Highland Secondary,49.689178,-124.9150775,800.0,"750 Pritchard Rd, Comox, BC",Comox,Secondary Public School
Highlands Child Care,49.338469,-123.097063,210.0,"3150 Colwood Dr, North Vancouver, BC",North Vancouver,Daycare
Highlands Elementary,49.3381547,-123.0971106,390.0,"3150 Colwood Dr, North Vancouver, BC",North Vancouver,Elementary Public School
Highlands Elementary,49.502492,-115.7360156,295.0,"3300 7th St S, Cranbrook, BC",Cranbrook,Elementary Public School
Highlands Out Of School Care,49.338469,-123.097063,196.0,"3150 Colwood Dr, North Vancouver, BC",North Vancouver,Daycare
Highlands Out Of School Care,49.338469,-123.097063,224.0,"3150 Colwood Dr, North Vancouver, BC",North Vancouver,Daycare
Highlands Out Of School Care,49.338469,-123.097063,265.0,"3150 Colwood Dr, North Vancouver, BC",North Vancouver,Daycare
Highroad Academy,49.163145,-121.9330655,,"46641 Chilliwack Central Rd, Chilliwack, BC",Chilliwack,Elementary-Secondary Independent School
Highroad Children's Centre,49.163146,-121.934556,240.0,"8860 Broadway, Chilliwack, BC",Chilliwack,Daycare
Hilda's Daycare,49.233781,-122.59588,199.0,"12741 226Th St, Maple Ridge, BC",Maple Ridge,Daycare
Hill Top Daycare,49.184877,-121.911741,221.0,"47425 Swallow Cres, Chilliwack, BC",Chilliwack,Daycare
Hill View Early Learning Center,49.137649,-122.676432,273.0,"7423 197 St, Langley, BC",Langley,Daycare
Hillcrest Elementary,48.4848528,-123.3128698,420.0,"4421 Greentree Terr, Victoria, BC",Victoria,Elementary Public School
Hillcrest Elementary,49.1210678,-122.7074949,530.0,"18599 65 Ave, Surrey, BC",Surrey,Elementary Public School
Hillcrest Elementary,50.6914243,-119.260573,365.0,"1180 20 St Se, Salmon Arm, BC",Salmon Arm,Elementary Public School
Hillcrest Elementary Oosc & Ready Set Grow Preschool,48.484846,-123.312921,146.0,"4421 Greentree Terr, Victoria, BC",Victoria,Daycare
Hillcrest Middle School,49.2623674,-122.8334271,600.0,"2161 Regan Ave, Coquitlam, BC",Coquitlam,Middle School Public School
Hillside Early Learning Centre,49.110542,-122.726688,201.0,"5950 179 St, Surrey, BC",Surrey,Daycare
Hillside Montessori,50.65105,-120.370472,111.0,"1205 Rogers Way, Kamloops, BC",Kamloops,Daycare
Hillside Montessori Childcare,49.189548,-123.984493,223.0,"1905 Latimer Rd, Nanaimo, BC",Nanaimo,Daycare
Hillside Scampers Family Child Care,49.166788,-123.988366,140.0,"2230 Arbot Rd, Nanaimo, BC",Nanaimo,Daycare
Hillside Traditional Academy,49.1517503,-122.2929194,390.0,"33621 Best Ave, Mission, BC",Mission,Elementary Public School
Hilltop Christian Child Care,49.125949,-122.891573,248.0,"6749 120 St, Delta, BC",Delta,Daycare
Hilltop Daycare,49.392574,-123.327339,254.0,"1301 Scarborough Rd, Bowen Island, BC",Bowen Island,Daycare
Hilltop Hideway Out-Of-School Care,49.226575,-122.899939,227.0,"331 Richmond St, New Westminster, BC",New Westminster,Daycare
Hillview Elementary,50.2552307,-119.2383064,345.0,"1822 Francis St, Vernon, BC",Vernon,Elementary Public School
Hillview Parent Participation Preschool,49.209961,-123.008147,111.0,"4340 Carson St, Burnaby, BC",Burnaby,Daycare
His Kids Childcare,48.472587,-123.384139,194.0,"661 Agnes St, Victoria, BC",Victoria,Daycare
His Kids Early Education And Child Care Centre,48.438116,-123.533199,120.0,"1289 Parkdale Dr, Victoria, BC",Victoria,Daycare
Hixon Elementary,53.4181127,-122.5855737,145.0,"PO Box 70, Hixon, BC",Hixon,Elementary Public School
Hjorth Road Elementary,49.1916824,-122.8130568,270.0,"14781 104 Ave, Surrey, BC",Surrey,Elementary Public School
Hjorth Road ymca Kids Club,49.191682,-122.813057,161.0,"14781 104Th Ave., Surrey, BC",Surrey,Daycare
Hobbit Hill Children's Centre,49.319134,-117.663951,165.0,"749 11Th Ave, Castlegar, BC",Castlegar,Daycare
Hobby Hill Parent Participation Preschool,49.103497,-121.929818,344.0,"5650 Teskey Way, Chilliwack, BC",Chilliwack,Daycare
Hoggar Childcare,49.119066,-123.923895,216.0,"1604 Hosanna Way, Nanaimo, BC",Nanaimo,Daycare
Holding Hands Childcare,50.766776,-120.343013,215.0,"3230 Bank Rd, Kamloops, BC",Kamloops,Daycare
Holistic Roots Childcare Centre,49.108657,-122.649097,225.0,"102-5844 Glover Rd, Langley, BC",Langley,Daycare
Holling's Child Care,49.995032,-125.251748,175.0,"661 mcphedran Rd S, Campbell River, BC",Campbell River,Daycare
Holly Elementary,49.0877494,-123.0529107,515.0,"4625 62 St, Delta, BC",Delta,Elementary Public School
Holly Elementary,49.1970927,-122.8065113,590.0,"10719 150 St, Surrey, BC",Surrey,Elementary Public School
Holly Hobby House Family Child Care,49.27163,-122.800859,165.0,"5-2880 Dacre Ave, Coquitlam, BC",Coquitlam,Daycare
Holly House,49.330068,-123.152675,137.0,"1329 Duchess Ave, West Vancouver, BC",West Vancouver,Daycare
Holly ymca Kids Club,49.197093,-122.806511,223.0,"10719 150Th St, Surrey, BC",Surrey,Daycare
Hollyburn Elementary,49.330068,-123.1526747,295.0,"1329 Duchess Ave, West Vancouver, BC",West Vancouver,Elementary Public School
Hollyburn Elementary Seamless Day Before And After School,49.330068,-123.152675,207.0,"1329 Duchess Ave, West Vancouver, BC",West Vancouver,Daycare
Hollyday Daycare,48.796757,-123.724282,182.0,"6319 Fairview Pl, Duncan, BC",Duncan,Daycare
Holy Cross Elementary School,49.270852,-122.9914263,,"1450 Delta Ave, Burnaby, BC",Burnaby,Elementary Independent School
Holy Cross Regional High School,49.1637862,-122.7752209,,"16193 88 Ave, Surrey, BC",Surrey,Secondary Independent School
Holy Cross School,49.4855141,-119.5837646,,"1298 Main St, Penticton, BC",Penticton,Elementary Jr. Secondary Independent School
Holy Trinity School,49.3346334,-123.0730739,,"128 27th St W, North Vancouver, BC",North Vancouver,Elementary Independent School
Home Away From Home,48.439533,-123.513124,185.0,"935 Avrill Rd, Victoria, BC",Victoria,Daycare
Home Away From Home,49.265609,-124.767965,278.0,"2865 Highmoor Rd, Port Alberni, BC",Port Alberni,Daycare
Home Away From Home,49.616791,-124.907002,185.0,"4713 Kilmarnock Dr, Courtenay, BC",Courtenay,Daycare
Home From Home @ Royal Bay,48.410493,-123.48893,79.0,"3475 Sparrowhawk Ave, Victoria, BC",Victoria,Daycare
Home Learners Program,49.2329104,-122.8904836,,"521 Fader St, New Westminster, BC",New Westminster,Elementary Jr. Secondary Public School
Home Quest,49.1708758,-122.9094152,,"9240 112 St, Delta, BC",Delta,Elementary Jr. Secondary Public School
Home Sweet Home,49.20393,-122.566794,169.0,"23668 Kanaka Way, Maple Ridge, BC",Maple Ridge,Daycare
Home Sweet Home Child Care Provider,50.734413,-119.266868,148.0,"4750 Lakeshore Rd Ne, Salmon Arm, BC",Salmon Arm,Daycare
Home Sweet Home Fcc,49.260785,-123.078434,54.0,"1249 11Th Ave E, Vancouver, BC",Vancouver,Daycare
Homera Daycare Center,49.288142,-122.802938,250.0,"1252 Hudson St, Coquitlam, BC",Coquitlam,Daycare
Homey Land Daycare Ltd,48.388755,-123.724722,242.0,"2365 Church Rd, Sooke, BC",Sooke,Daycare
Honey Bear Childcare Ltd,49.187727,-122.828139,220.0,"14214 102 Ave, Surrey, BC",Surrey,Daycare
Honey Bee Academy Family Daycare,49.070569,-122.318733,226.0,"3772 Nicola St, Abbotsford, BC",Abbotsford,Daycare
Honey Bee Daycare,49.171622,-122.640767,90.0,"20952 93 Ave, Langley, BC",Langley,Daycare
Honey Bee's Daycare,48.421598,-123.503571,334.0,"646 Cairndale Rd, Victoria, BC",Victoria,Daycare
Honey Bee's Playschool,48.413427,-123.536252,155.0,"1043 Fashoda Pl, Victoria, BC",Victoria,Daycare
Honey Bees Day Care,49.217733,-122.923234,302.0,"819 Fifth St, New Westminster, BC",New Westminster,Daycare
Honey Bees Studio Daycare,49.219555,-122.928292,223.0,"7854 6Th St, Burnaby, BC",Burnaby,Daycare
Honey Bunny Childcare,49.294869,-122.800655,165.0,"1362 Corbin Pl, Coquitlam, BC",Coquitlam,Daycare
Honey Bunny Daycare,49.35738,-123.102361,229.0,"1058 Canyon Blvd, North Vancouver, BC",North Vancouver,Daycare
Honey Child Care,49.239573,-123.031971,164.0,"105-3489 Ascot Pl, Vancouver, BC",Vancouver,Daycare
Honey Tree Daycare,49.156973,-122.811184,230.0,"8469 148A St, Surrey, BC",Surrey,Daycare
Honeybees Child Care Center,49.266837,-122.773238,87.0,"121A 2099 Lougheed Hwy, Port Coquitlam, BC",Port Coquitlam,Daycare
Honour Secondary School,49.1925808,-122.8423406,,"10453 Whalley Blvd, Surrey, BC",Surrey,Secondary Independent School
Hop To It Childcare,49.175519,-122.896038,245.0,"9507 118Th St, Delta, BC",Delta,Daycare
Hope Group Daycare Center,49.152969,-123.115016,226.0,"8340 Aspin Dr, Richmond, BC",Richmond,Daycare
Hope Infant Toddler Group Daycare,49.153293,-123.11788,168.0,"9520 mcburney Dr, Richmond, BC",Richmond,Daycare
Hope Infant Toddler Group Daycare Ii,49.153326,-123.116913,245.0,"9691 mcburney Dr, Richmond, BC",Richmond,Daycare
Hope Lutheran Christian School,49.2703115,-122.7650244,,"3151 York St, Port Coquitlam, BC",Port Coquitlam,Elementary Jr. Secondary Independent School
Hope Montessori Academy,49.39036,-121.445691,189.0,"505 Wardle St, Hope, BC",Hope,Daycare
Hope Valley Childcare Centre,49.131003,-122.845986,335.0,"104-7093 King George Blvd, Surrey, BC",Surrey,Daycare
Hope's Helpers,48.385998,-123.721862,143.0,"6575 Worthington Way, Sooke, BC",Sooke,Daycare
Hopes And Dreams Out Of School Childcare,53.920244,-122.80794,238.0,"511 Tabor Blvd S, Prince George, BC",Prince George,Daycare
Hopscotch Kids Daycare,49.172224,-121.928777,156.0,"9365 Carleton St, Chilliwack, BC",Chilliwack,Daycare
Horizon Childcare,49.123355,-122.803627,216.0,"15100 66A Ave, Surrey, BC",Surrey,Daycare
Hornby Island Elementary,49.5332285,-124.6634378,95.0,"2100 Sollans Rd, Hornby Island, BC",Hornby Island,Elementary Public School
Horse Lake Elementary,51.5750582,-121.1382954,270.0,"6548 Ryall Rd, Lone Butte, BC",Lone Butte,Elementary Public School
Horsefly Elem-Jr Secondary,52.3342052,-121.4157448,195.0,"PO Box 39, Horsefly, BC",Horsefly,Elementary Jr. Secondary Public School
House Of Angels,49.214565,-123.002436,194.0,"7610 Dow Ave, Burnaby, BC",Burnaby,Daycare
House Of Dwarfs Daycare,50.284618,-119.265436,205.0,"5145 26 St, Vernon, BC",Vernon,Daycare
House Of Montessori Daycare,49.223943,-123.05774,205.0,"6599 Berkeley St, Vancouver, BC",Vancouver,Daycare
Houston Christian School,54.396078,-126.6591364,,"PO Box 237, Houston, BC",Houston,Elementary Independent School
Houston Secondary,54.3889884,-126.6507603,475.0,"PO Box 1600, Houston, BC",Houston,Secondary Public School
Howard De Beck Elementary,49.1504636,-123.1183649,385.0,"8600 Ash St, Richmond, BC",Richmond,Elementary Public School
Howe Sound Secondary,49.7056168,-123.1498935,775.0,"PO Box 99, Squamish, BC",Squamish,Secondary Public School
Howitt School Age Care,49.272105,-124.792729,116.0,"3867 Marpole St, Port Alberni, BC",Port Alberni,Daycare
Huband Park Elementary,49.7332101,-124.9872616,390.0,"5120 Mottishaw Rd, Courtenay, BC",Courtenay,Elementary Public School
Huckleberries Childcare Centre,49.315522,-122.998216,118.0,"2745 Mount Seymour Pky, North Vancouver, BC",North Vancouver,Daycare
Huckleberry Family Child Care,49.279141,-123.07207,193.0,"106-1622 Frances St, Vancouver, BC",Vancouver,Daycare
Huckleberry House Childcare,49.220933,-124.791342,159.0,"2248 15Th Ave, Port Alberni, BC",Port Alberni,Daycare
Hudson Out Of School Care,49.272039,-123.148663,117.0,"1551 Cypress St, Vancouver, BC",Vancouver,Daycare
Hudson Preschool,49.27204,-123.148666,123.0,"1551 Cypress St, Vancouver, BC",Vancouver,Daycare
Hudson Road Elementary,49.8624837,-119.5644334,290.0,"1221 Hudson Rd, West Kelowna, BC",West Kelowna,Elementary Public School
Hudson's Hope Just B4! Preschool,56.025434,-121.921624,287.0,"10441 Holland St, Hudson's Hope, BC",Hudson's Hope,Daycare
Hudson's Hope School,56.0254344,-121.9216404,325.0,"PO Box 390, Hudsons Hope, BC",Hudsons Hope,Elementary-Secondary Public School
Huggabug,53.84766,-122.81863,98.0,"5570 Heyer Rd, Prince George, BC",Prince George,Daycare
Hugh Boyd Secondary,49.1453977,-123.1812571,800.0,"9200 No. 1 Rd, Richmond, BC",Richmond,Elementary Public School
Hugh McRoberts Secondary,49.1388591,-123.1274276,950.0,"8980 Williams Rd, Richmond, BC",Richmond,Secondary Public School
Hugs & Giggles,50.700313,-120.358668,133.0,"673 Regina Ave, Kamloops, BC",Kamloops,Daycare
Hugs And Cuddles Daycare,49.23013,-122.604852,182.0,"12545 223Rd St, Maple Ridge, BC",Maple Ridge,Daycare
Hula Bears Child Care,49.224671,-122.978372,281.0,"5858 Bryant St, Burnaby, BC",Burnaby,Daycare
Hume Elementary School,49.5008964,-117.278968,270.0,"310 Nelson Ave, Nelson, BC",Nelson,Elementary Public School
Hume Park Daycare,49.235198,-122.892991,228.0,"607 Columbia St E, New Westminster, BC",New Westminster,Daycare
Humming Birdz Daycare,49.728786,-124.980606,167.0,"2526 Gibson Rd, Courtenay, BC",Courtenay,Daycare
Hummingbird Child Care,49.175883,-123.14701,184.0,"6899 Pearson Way, Richmond, BC",Richmond,Daycare
Hummingbird Child Care,49.175883,-123.14701,246.0,"6899 Pearson Way, Richmond, BC",Richmond,Daycare
Hummingbird Child Care Centre,49.251666,-124.790205,183.0,"2 4111 Wood Ave, Port Alberni, BC",Port Alberni,Daycare
Hummingbird Child Care Centre (2),49.251666,-124.790205,292.0,"2 4111 Wood Ave, Port Alberni, BC",Port Alberni,Daycare
Hummingbird Ihmacc,49.213103,-123.071031,185.0,"1717 63Rd Ave E, Vancouver, BC",Vancouver,Daycare
Hummingbird Learning House,49.21074,-122.98338,193.0,"8049 Macpherson Ave, Burnaby, BC",Burnaby,Daycare
Hummingbird Montessori Child Care,49.19133,-122.763774,207.0,"10399 165Th St, Surrey, BC",Surrey,Daycare
Hundred Languages Childcare Inc,49.228282,-122.690224,238.0,"110-12409 Harris Rd, Pitt Meadows, BC",Pitt Meadows,Daycare
Hycrest Kids Childcare,49.262976,-122.960791,146.0,"6905 Hycrest Dr, Burnaby, BC",Burnaby,Daycare
Hyland Creek Childcare,49.122568,-122.824375,222.0,"14368 66 Ave, Surrey, BC",Surrey,Daycare
Hyland Elementary,49.1237147,-122.8346712,515.0,"6677 140 St, Surrey, BC",Surrey,Elementary Public School
I Kids Learning Centre,49.129502,-122.681673,172.0,"6966 195 St, Surrey, BC",Surrey,Daycare
Ic Early Learning Center,49.22672,-122.988507,175.0,"6336 Royal Oak Ave, Burnaby, BC",Burnaby,Daycare
Ic Early Learning Center (Metrotown),49.233696,-122.997349,207.0,"4721 Sardis St, Burnaby, BC",Burnaby,Daycare
Ic Early Learning Center (Morley),49.230786,-122.948565,218.0,"7726 Morley St, Burnaby, BC",Burnaby,Daycare
Ic Early Learning Center (Nelson),49.23008,-122.994632,180.0,"5989 Nelson Ave, Burnaby, BC",Burnaby,Daycare
Icando Child Care Centre,49.875255,-119.394222,141.0,"435 Monterey Rd, Kelowna, BC",Kelowna,Daycare
Ideal Child Care Center,49.127352,-122.645476,185.0,"6880 208 St, Langley, BC",Langley,Daycare
Ideal Learning Centre - Ideal Kids,50.637213,-120.35474,216.0,"2329 Drummond Court, Kamloops, BC",Kamloops,Daycare
Ikoka Childcare Learning Center,49.213525,-123.08293,128.0,"7808 Ross St, Vancouver, BC",Vancouver,Daycare
Illumine Learning Centre - Langley,49.153358,-122.642819,176.0,"20901 83 Ave, Langley, BC",Langley,Daycare
Ilm - 3Rd Ave.,48.99314,-123.822864,142.0,"730 3Rd Ave, Ladysmith, BC",Ladysmith,Daycare
Ilm - Cedar Sprouts,49.108442,-123.850706,257.0,"1791 Woobank Rd, Nanaimo, BC",Nanaimo,Daycare
Ilm - Chemainus,48.93027,-123.732499,314.0,"3172 Garner St, Chemainus, BC",Chemainus,Daycare
Ilm - Eagle View,48.466257,-123.44254,218.0,"97 Talcott Rd, Victoria, BC",Victoria,Daycare
Ilm - Happyvale,50.698762,-120.386288,172.0,"1640A & 1640B Happyvale Ave, Kamloops, BC",Kamloops,Daycare
Ilm - Howitt,49.272105,-124.792729,245.0,"3867 Marpole St, Port Alberni, BC",Port Alberni,Daycare
Ilm - Little Tots,49.220212,-124.014806,222.0,"3507 Littleford Rd, Nanaimo, BC",Nanaimo,Daycare
Ilm - Lps,48.989128,-123.824078,211.0,"510 Sixth Ave, Ladysmith, BC",Ladysmith,Daycare
Ilm - Palsson,48.832223,-124.053034,144.0,"9A Grosskleg Way, Lake Cowichan, BC",Lake Cowichan,Daycare
Ilm - Pipers,49.231512,-123.978919,228.0,"100-4750 Hammond Bay Rd, Nanaimo, BC",Nanaimo,Daycare
Ilm - Port Alberni,49.234077,-124.800193,180.0,"3061 8Th Ave, Port Alberni, BC",Port Alberni,Daycare
Ilm - Ralph Bell,50.675503,-120.287934,173.0,"1780 Valleyview Dr, Kamloops, BC",Kamloops,Daycare
Ilm - Rock City,49.209907,-123.99223,199.0,"3741 Departure Bay Rd, Nanaimo, BC",Nanaimo,Daycare
Ilm - Tofino,49.150173,-125.902966,302.0,"235 Fourth St, Tofino, BC",Tofino,Daycare
Ilm - Windbreakers,50.699858,-120.403074,195.0,"2060 Pala Mesa Pl, Kamloops, BC",Kamloops,Daycare
Ilm Education Centre Ltd.,48.957985,-123.761798,264.0,"3850 South Oyster School Rd, Ladysmith, BC",Ladysmith,Daycare
Ilm-Craigflower,48.45352,-123.421521,211.0,"2766 Admirals Rd, Victoria, BC",Victoria,Daycare
Ilm-Edith Mcdermott,49.223836,-122.679256,275.0,"12178 Bonson Rd, Pitt Meadows, BC",Pitt Meadows,Daycare
Ilm-Fairview,49.223716,-122.651502,167.0,"12209 206 St, Maple Ridge, BC",Maple Ridge,Daycare
Ilm-Willows,48.435902,-123.310685,175.0,"2290 Musgrave St, Victoria, BC",Victoria,Daycare
Imac International Montessori Academies Inc.-Shawnigan Lake,48.628336,-123.634064,215.0,"2180 Shawnigan Lake Rd, Shawnigan Lake, BC",Shawnigan Lake,Daycare
Imac International Montessori Academies Of Canada Inc.,48.729879,-123.663044,220.0,"2375 Koksilah Rd, Duncan, BC",Duncan,Daycare
Image And Reggio (I&R) Child Care Centre,49.214221,-122.643443,130.0,"20844 117 Ave, Maple Ridge, BC",Maple Ridge,Daycare
Imaginarium Daycare,48.457687,-123.371298,194.0,"881 Darwin Ave, Victoria, BC",Victoria,Daycare
Imagination Station Childcare Centre-Albion,49.187727,-122.55273,175.0,"24133 102 Ave, Maple Ridge, BC",Maple Ridge,Daycare
Imagination Station Childcare Centre-Fraserview,49.20976,-122.595496,178.0,"11485 227 St, Maple Ridge, BC",Maple Ridge,Daycare
Imagination Station Childcare Centre-Kanaka,49.205576,-122.557228,216.0,"23980 Kanaka Way, Maple Ridge, BC",Maple Ridge,Daycare
Imagination Station Childcare Centre-Silverdale,49.163363,-122.400798,184.0,"29715 Donatelli Ave, Mission, BC",Mission,Daycare
Imagination Station Childcare Centre-Silverdale Crossing,49.162911,-122.40563,86.0,"29560 Lougheed Hwy, Mission, BC",Mission,Daycare
Imagine High Integrated Arts/Technology,49.1572922,-121.9612733,600.0,"45669 Yale Rd, Chilliwack, BC",Chilliwack,Secondary Public School
Imago Dei Child Care,49.188905,-123.093611,164.0,"11571 Daniels Rd, Richmond, BC",Richmond,Daycare
Immaculata Regional High School,49.86079786,-119.4644782,,"1493 K.L.O. Rd, Kelowna, BC",Kelowna,Secondary Independent School
Immaculate Conception,53.8592218,-122.7966963,,"3285 Cathedral Ave, Prince George, BC",Prince George,Elementary Independent School
Immaculate Conception School,49.1646813,-122.8926616,,"8840 119 St, Delta, BC",Delta,Elementary Independent School
Immaculate Conception School,49.2476012,-123.1876993,,"3745 West 28th Ave, Vancouver, BC",Vancouver,Elementary Independent School
Immaculate Conception School,53.859222,-122.796696,177.0,"3285 Cathedral Ave, Prince George, BC",Prince George,Daycare
Immaculate Heart Early Childhood Education Centre,49.239741,-122.876944,233.0,"789 Alderson Ave, Coquitlam, BC",Coquitlam,Daycare
Immigrant Service Society Of British Columbia (Issofbc),49.261059,-123.065408,175.0,"2610 Victoria Dr, Vancouver, BC",Vancouver,Daycare
In The Garden Childcare Center,48.655758,-123.430057,181.0,"1660 Mills Rd, North Saanich, BC",North Saanich,Daycare
In-Joy Montessori Children's Center,49.242192,-122.986404,222.0,"5375 Gilpin St, Burnaby, BC",Burnaby,Daycare
In-Joy Montessori Children's Centre,49.216811,-122.963602,287.0,"6808 Beresford St, Burnaby, BC",Burnaby,Daycare
Indigo Meadow Learning Centre,49.332867,-123.134535,227.0,"950 Taylor Way, West Vancouver, BC",West Vancouver,Daycare
Individual Footsteps Ii,49.118901,-122.717842,194.0,"18217 64Th Ave, Surrey, BC",Surrey,Daycare
Inez's Daycare,52.142094,-122.145449,105.0,"782 mcdougal St, Williams Lake, BC",Williams Lake,Daycare
Inglis Early Learning,49.673884,-124.941422,138.0,"2137 Comox Ave, Comox, BC",Comox,Daycare
Inkameep Preschool Day Care Society,49.184263,-119.535221,213.0,"1146 Sen Pok Chin Blvd, Oliver, BC",Oliver,Daycare
Inner Smile Children's Center,49.683049,-124.994518,325.0,"561 16Th St, Courtenay, BC",Courtenay,Daycare
Inner Smile Montessori,49.683043,-124.994781,137.0,"571 16Th St, Courtenay, BC",Courtenay,Daycare
Inner Smile Montessori 3Rd Street,49.692307,-125.000592,252.0,"343 3Rd St, Courtenay, BC",Courtenay,Daycare
Innocent Hearts Child Care,49.128479,-121.966161,142.0,"6933 Coach Lamp Dr, Chilliwack, BC",Chilliwack,Daycare
Inquiry Hub,49.2396589,-122.8532414,325.0,"1432 Brunette Ave, Coquitlam, BC",Coquitlam,Elementary Public School
Inside Outside Upside Down Before And After School Care,50.7534,-120.355559,118.0,"886 Morven Pl, Kamloops, BC",Kamloops,Daycare
Inspirations Montessori School,49.211326,-122.99859,224.0,"7980 Gray Ave, Burnaby, BC",Burnaby,Daycare
Inspirations Montessori School - Irmin,49.215378,-122.98787,194.0,"5232 Irmin St, Burnaby, BC",Burnaby,Daycare
Inspirations Montessori School - Williams,49.140636,-123.101245,174.0,"110-11000 Williams Rd, Richmond, BC",Richmond,Daycare
Inspirations Montessori School - Williams,49.140636,-123.101245,291.0,"110-11000 Williams Rd, Richmond, BC",Richmond,Daycare
Inspirefly Child Care Center,50.087523,-119.373268,199.0,"4510 Allison Rd, Lake Country, BC",Lake Country,Daycare
Inspiring Minds Childcare,49.108524,-122.845783,278.0,"Unit K 5825 136Th St, Surrey, BC",Surrey,Daycare
Inspiring Minds Preschool (Guildford),49.191401,-122.787701,252.0,"15670  104 Ave, Surrey, BC",Surrey,Daycare
Into The Wild Child Daycare,55.75937,-120.235373,190.0,"1224 103 Ave, Dawson Creek, BC",Dawson Creek,Daycare
Into The Woods Childcare Studio,49.344274,-124.454767,249.0,"330 Dorset Rd, Qualicum Beach, BC",Qualicum Beach,Daycare
Inventive Minds Childcare,49.226052,-122.649823,300.0,"20622 123 Ave, Maple Ridge, BC",Maple Ridge,Daycare
Iplay Childcare,49.189446,-122.83376,162.0,"14012 103 Ave, Surrey, BC",Surrey,Daycare
Iqra School,49.2141363,-122.8179806,,"14590 116a Ave, Surrey, BC",Surrey,Elementary Independent School
Ironwood Montessori Academy,49.131286,-123.09736,189.0,"11191 Coppersmith Pl, Richmond, BC",Richmond,Daycare
Ironwood Montessori Academy,49.131287,-123.097374,220.0,"11191 Coppersmith Pl, Richmond, BC",Richmond,Daycare
Irwin Park Elementary,49.335898,-123.1806182,345.0,"2455 Haywood Ave, West Vancouver, BC",West Vancouver,Elementary Public School
Irwin Park Elementary Seamless Day Before And After School,49.335898,-123.180618,236.0,"2455 Haywood Ave, West Vancouver, BC",West Vancouver,Daycare
Irwin Park Tree House,49.335898,-123.180618,101.0,"2455 Haywood Ave, West Vancouver, BC",West Vancouver,Daycare
Irwin Park Tree House,49.335898,-123.180618,209.0,"2455 Haywood Ave, West Vancouver, BC",West Vancouver,Daycare
Isabella Dicken Elementary,49.509683,-115.0545399,480.0,"PO Box 1559, Fernie, BC",Fernie,Elementary Public School
Ishwar Family Child Care,53.892644,-122.795418,173.0,"3807 Grace Cres, Prince George, BC",Prince George,Daycare
Island Connected K-12,49.2058103,-124.0194803,,"4355 Jingle Pot Rd, Nanaimo, BC",Nanaimo,Elementary-Secondary Public School
Island Kids Academy Centre 2 (Forrest),48.429702,-123.413036,176.0,"542 Fraser St, Victoria, BC",Victoria,Daycare
Island Kids Academy Esquimalt Centre 1 (Ocean),48.429578,-123.413118,156.0,"538 Fraser St, Victoria, BC",Victoria,Daycare
Island Life Early Learning Centre Ltd,50.01275,-125.237903,189.0,"291 mclean St, Campbell River, BC",Campbell River,Daycare
Island Montessori House School,48.53378,-123.436432,100.0,"5575 West Saanich Rd, Victoria, BC",Victoria,Daycare
Island Pacific School,49.3807771,-123.3525742,,"671 Carter Road, Bowen Island, BC",Bowen Island,Middle School Independent School
Iss Of Bc,49.177719,-123.130662,131.0,"150-8400 Alexandra Rd, Richmond, BC",Richmond,Daycare
Isy's Daycare,49.902182,-119.380718,193.0,"303 Phipps Cres, Kelowna, BC",Kelowna,Daycare
It Takes A Village,48.98891,-123.82171,334.0,"340 5 Ave, Ladysmith, BC",Ladysmith,Daycare
It's A Small World Daycare,49.212249,-122.558338,218.0,"11555 239A St, Maple Ridge, BC",Maple Ridge,Daycare
Itandehui Family Child Care,49.206741,-123.059578,292.0,"2294 Marlin Quay, Vancouver, BC",Vancouver,Daycare
Ivy League Preschool The,49.130534,-122.82629,191.0,"7031 143 St, Surrey, BC",Surrey,Daycare
J & J Rhythm & Rhyme,54.502018,-128.526349,238.0,"3673 Hawthorne Ave, Thornhill, BC",Thornhill,Daycare
J Alfred Laird Elementary,50.504648,-116.0390485,225.0,"1202 13th Avenue, Invermere, BC",Invermere,Elementary Public School
J Lloyd Crowe Secondary,49.1032993,-117.6989464,825.0,"1300 Frances Moran Rd, Trail, BC",Trail,Elementary Public School
J S Clark Elementary,58.8087026,-122.6892895,145.0,"Bag 6500, Fort Nelson, BC",Fort Nelson,Elementary Public School
J T Brown Elementary,49.1116228,-122.875675,320.0,"12530 60 Ave, Surrey, BC",Surrey,Elementary Public School
J V Humphries Elem-Secondary,49.9112776,-116.9099382,370.0,"PO Box 577, Kaslo, BC",Kaslo,Elementary-Secondary Public School
J W Inglis Elementary,50.2540761,-118.9669675,345.0,"PO Box 369, Lumby, BC",Lumby,Elementary Public School
J&J's Hoot And Howl Preschool,56.246701,-120.850046,157.0,"102-10130 100 Ave, Fort St. John, BC",Fort St. John,Daycare
J.L. Jackson Secondary,50.703312,-119.2713769,600.0,"551 14 St Ne, Salmon Arm, BC",Salmon Arm,Junior Secondary Public School
J.N. Burnett Secondary,49.1641359,-123.1688412,1200.0,"5011 Granville Ave, Richmond, BC",Richmond,Secondary Public School
J.W. Sexsmith Community Elementary,49.2172895,-123.1086465,430.0,"7410 Columbia St, Vancouver, BC",Vancouver,Elementary Public School
Jack & Jill Early Learning,49.394308,-123.507871,162.0,"690 Harmony Lane, Gibsons, BC",Gibsons,Daycare
Jackson Elementary,49.0315351,-122.3053239,270.0,"33165 King Rd, Abbotsford, BC",Abbotsford,Elementary Public School
Jackson Ridge Kids Daycare,49.18538,-122.537725,141.0,"10074 246B St, Maple Ridge, BC",Maple Ridge,Daycare
Jaffray Elem-Jr Secondary,49.3717011,-115.3014209,370.0,"PO Box 378, Jaffray, BC",Jaffray,Elementary Jr. Secondary Public School
James Ardiel Elementary,49.206609,-122.8411124,540.0,"13751 112 Ave, Surrey, BC",Surrey,Elementary Public School
James Bay Community,48.4169264,-123.3797007,270.0,"140 Oswego St, Victoria, BC",Victoria,Elementary Public School
James Bay Community School Day Care,48.416936,-123.379714,202.0,"140 Oswego St, Victoria, BC",Victoria,Daycare
James Cameron School,49.2222437,-122.6603816,,"PO Box 157 Stn Maple Ridge, Maple Ridge, BC",Maple Ridge,Elementary Independent School
James Gilmore Elementary,49.1511845,-123.186472,435.0,"8380 Elsmore Rd, Richmond, BC",Richmond,Elementary Public School
James Hill Elementary,49.0841809,-122.6100785,415.0,"22144 Old Yale Rd, Langley, BC",Langley,Elementary Public School
James Kennedy Elementary,49.1669857,-122.6336614,585.0,"9060 212 St, Langley, BC",Langley,Elementary Public School
James L Webster Elementary,49.0954976,-117.7440186,270.0,"395 Schofield Hwy, Trail, BC",Trail,Elementary Public School
James McKinney Elementary,49.1365705,-123.1651208,395.0,"10451 Lassam Rd, Richmond, BC",Richmond,Elementary Public School
James Park Elementary,49.2656818,-122.7632587,370.0,"1761 Westminster Ave, Port Coquitlam, BC",Port Coquitlam,Elementary Public School
James Thompson Elementary,49.1688399,-123.178165,340.0,"6211 Forsyth Cres, Richmond, BC",Richmond,Elementary Public School
James Thomson Elementary,49.8894234,-124.562824,220.0,"6388 Sutherland Ave, Powell River, BC",Powell River,Elementary Public School
James Thomson Elementary School,49.889423,-124.562824,210.0,"6388 Sutherland Ave, Powell River, BC",Powell River,Daycare
James Whiteside Elementary,49.1389248,-123.1204497,340.0,"9282 Williams Rd, Richmond, BC",Richmond,Elementary Public School
James mckinney ymca Child Care,49.136571,-123.165121,169.0,"10451 Lassam Rd., Richmond, BC",Richmond,Daycare
James mckinney ymca Kids Club,49.136571,-123.165121,228.0,"10451 Lassam Rd, Richmond, BC",Richmond,Daycare
Jamieson ymca Kids Club,49.22707,-123.12101,106.0,"6350 Tisdall St, Vancouver, BC",Vancouver,Daycare
Jane Millard's Day Care,49.490797,-117.287097,135.0,"821 Hendryx St, Nelson, BC",Nelson,Daycare
Jane's Happy Family Daycare,49.282931,-122.804336,255.0,"1 2865 Glen Dr, Coquitlam, BC",Coquitlam,Daycare
Janey Baby Family Daycare,49.284298,-123.129929,188.0,"975 Bute St, Vancouver, BC",Vancouver,Daycare
Janice Churchill Elementary,49.1525983,-122.8174077,415.0,"8226 146 St, Surrey, BC",Surrey,Elementary Public School
Jarvis Traditional Elementary,49.1429203,-122.8938549,540.0,"7670 118 St, Delta, BC",Delta,Elementary Public School
Jasmine Childcare Centre,49.292674,-122.817237,244.0,"2558 Jasmine Crt, Coquitlam, BC",Coquitlam,Daycare
Jasmine Early Learning,49.821687,-119.490613,145.0,"4456 Lakeshore Rd, Kelowna, BC",Kelowna,Daycare
Jasmin’S Childcare Center,49.321974,-123.004531,150.0,"2504 Swinburne Ave, North Vancouver, BC",North Vancouver,Daycare
Jax And Friends Playcare Daycare,49.246168,-122.83033,205.0,"2283 Stanwood Ave, Coquitlam, BC",Coquitlam,Daycare
Jazzy Bumblebees Childcare,49.135582,-122.294811,276.0,"33575 2Nd Ave, Mission, BC",Mission,Daycare
Jcc B'raysheet Toddler Daycare,49.233444,-123.125991,255.0,"950 41 Ave W, Vancouver, BC",Vancouver,Daycare
Jcc Shalom Out Of School Care,49.233444,-123.125991,209.0,"950 41 Ave W, Vancouver, BC",Vancouver,Daycare
Jcc Shalom Yeladim Daycare,49.233444,-123.125991,270.0,"950 41 Ave W, Vancouver, BC",Vancouver,Daycare
Jd Childcare,50.69499,-120.357491,152.0,"161 Chestnut Ave, Kamloops, BC",Kamloops,Daycare
Jeanette In-Home Multi-Age Child Care,49.257369,-123.04707,152.0,"230-2915 Kaslo St, Vancouver, BC",Vancouver,Daycare
Jeanie's Playhouse,50.443981,-119.207521,130.0,"3685 Warner Ave, Armstrong, BC",Armstrong,Daycare
Jeannie's Family Daycare,51.749131,-121.369619,176.0,"4745 Kitwanga Dr, 108 Mile Ranch, BC",108 Mile Ranch,Daycare
Jelly Bean Bunch Childcare,53.93334,-122.818823,234.0,"183 Van Somer St, Prince George, BC",Prince George,Daycare
Jelly Beans Family Child Care,49.166191,-123.954117,160.0,"515 Second St, Nanaimo, BC",Nanaimo,Daycare
Jellybean Park,49.11576,-122.679365,127.0,"138B-19653 Willowbrook Dr, Langley, BC",Langley,Daycare
Jellybean Park - Langley Campus,49.114949,-122.679368,200.0,"2-19615 Willowbrook Dr, Langley, BC",Langley,Daycare
Jellybean Park International Campus,49.225518,-122.998133,165.0,"452 4800 Kingsway, Burnaby, BC",Burnaby,Daycare
Jellybean Park Junior Campus,49.22683,-123.001017,152.0,"2110 4700 Kingsway, Burnaby, BC",Burnaby,Daycare
Jen's Place,49.351591,-124.424783,189.0,"546 Hall Rd, Qualicum Beach, BC",Qualicum Beach,Daycare
Jenn's Playhouse,51.292067,-116.958262,231.0,"1203 Alexander Dr, Golden, BC",Golden,Daycare
Jennifer's Family Childcare,49.019975,-122.784309,182.0,"986 Kent St, White Rock, BC",White Rock,Daycare
Jericho Kids' Club 1 (Bayview),49.266441,-123.182738,336.0,"3505 7Th Ave W, Vancouver, BC",Vancouver,Daycare
Jericho Kids' Club 2 (General Gordon Schoolhouse),49.265983,-123.170402,214.0,"2268 Bayswater St, Vancouver, BC",Vancouver,Daycare
Jericho Kids' Club 2 General Gordon,49.266089,-123.171124,182.0,"2268 Bayswater St, Vancouver, BC",Vancouver,Daycare
Jericho Kids' Club 3 (Southlands),49.237542,-123.19781,174.0,"5351 Camosun St, Vancouver, BC",Vancouver,Daycare
Jessie Lee Elementary,49.0397094,-122.7954681,465.0,"2064 154 St, Surrey, BC",Surrey,Elementary Public School
Jessie Lee ymca Child Care & Kids Club,49.040296,-122.795496,127.0,"2124 154 St, Surrey, BC",Surrey,Daycare
Jessie Wowk Elementary,49.1430393,-123.16411,195.0,"5380 Woodwards Rd, Richmond, BC",Richmond,Elementary Public School
Jessie's Tots Educare Centre,49.268037,-122.993519,214.0,"4836 Brentlawn Dr, Burnaby, BC",Burnaby,Daycare
Jessie's Tots Educare Centre A,49.269456,-122.992712,239.0,"4871 Highlawn Dr, Burnaby, BC",Burnaby,Daycare
Jessie's Tots Educare Centre B,49.271945,-122.99736,189.0,"4630 Northlawn Dr, Burnaby, BC",Burnaby,Daycare
Jewett Elementary,50.241109,-116.9760404,95.0,"PO Box 39, Meadow Creek, BC",Meadow Creek,Elementary Public School
Jia Jia Family Daycare,49.292246,-122.794028,212.0,"3014 Delahaye Dr, Coquitlam, BC",Coquitlam,Daycare
Jiji Children's Learning Centre Inc.,49.256815,-122.860156,211.0,"1132 Sprice Ave, Coquitlam, BC",Coquitlam,Daycare
Jitterbugs Childcare Inc.,48.68634,-123.604493,234.0,"3495 Empress Ave, Cobble Hill, BC",Cobble Hill,Daycare
Jitterbugs Childcare Inc. - Valley View,48.71016,-123.608215,274.0,"6-1400 Cowichan Bay Rd, Cobble Hill, BC",Cobble Hill,Daycare
Jlc Victoria,48.452781,-123.421183,242.0,"2755 Admirals Rd, Saanich, BC",Saanich,Daycare
Joanne's House,49.22684,-122.651904,221.0,"20516 123B Ave, Maple Ridge, BC",Maple Ridge,Daycare
Joc’S House,50.110215,-119.37046,159.0,"4643 Young Rd, Lake Country, BC",Lake Country,Daycare
Jodi's House Family Child Care Centre,49.60439,-119.689561,212.0,"2-11310 Dunsdon Cres, Summerland, BC",Summerland,Daycare
Joey's Out Of School Care,49.489388,-117.290826,93.0,"523 Mill Rd, Nelson, BC",Nelson,Daycare
John A. Hutton Elementary,49.0259625,-118.4701095,270.0,"PO Box 1390, Grand Forks, BC",Grand Forks,Elementary Public School
John Allison Elementary,49.4575038,-120.5291533,170.0,"PO Box 40, Princeton, BC",Princeton,Elementary Public School
John Barsby Secondary,49.1476812,-123.9509319,850.0,"550 Seventh St, Nanaimo, BC",Nanaimo,Secondary Public School
John Calvin School,49.0790287,-122.0664789,,"4268 Stewart Rd, Chilliwack, BC",Chilliwack,Elementary Jr. Secondary Independent School
John G Diefenbaker Elementary,49.1380649,-123.1767299,465.0,"4511 Hermitage Dr, Richmond, BC",Richmond,Elementary Public School
John Henderson Elementary,49.2227349,-123.0950757,610.0,"451 53rd Ave E, Vancouver, BC",Vancouver,Elementary Public School
John Howitt Elementary,49.2721051,-124.7927286,295.0,"3867 Marpole St, Port Alberni, BC",Port Alberni,Elementary Public School
John Knox Christian - Elementary Campus,49.2261353,-122.9202888,,"8260 13th Ave, Burnaby, BC",Burnaby,Elementary Independent School
John Knox Christian - Secondary Campus,49.2026718,-122.9248906,,"260 12th Street, New Westminster, BC",New Westminster,Elementary-Secondary Independent School
John Maclure Community School,49.0562573,-122.3193054,290.0,"2990 Oriole Cres, Abbotsford, BC",Abbotsford,Elementary Public School
John Muir Elementary,48.3707152,-123.7493308,265.0,"PO Box 790, Sooke, BC",Sooke,Elementary Public School
John Norquay Elementary,49.241796,-123.0509436,830.0,"4710 Slocan St, Vancouver, BC",Vancouver,Elementary Public School
John Oliver Secondary,49.2319465,-123.0926047,1700.0,"530 41st Ave E, Vancouver, BC",Vancouver,Secondary Public School
John Paul II Catholic School,49.2493552,-124.8012802,,"4006 8th Ave, Port Alberni, BC",Port Alberni,Elementary Independent School
John Stubbs Elementary,48.4359881,-123.4629076,,"301 Zealous Cres, Victoria, BC",Victoria,Elementary Public School
John Stubbs Middle,48.4359881,-123.4629076,855.0,"301 Zealous Cres, Victoria, BC",Victoria,Elementary Public School
John T Errington Elementary,49.1432601,-123.1424885,340.0,"9831 Herbert Rd, Richmond, BC",Richmond,Elementary Public School
Johnathan Academy,49.2334253,-123.127617,,"400-5750 Oak St, Vancouver, BC",Vancouver,Secondary Independent School
Johnston Heights Secondary,49.1823856,-122.7967134,1450.0,"15350 99 Ave, Surrey, BC",Surrey,Elementary Public School
Jolene's Daycare,48.663581,-123.411039,161.0,"2047 Melville Dr, Sidney, BC",Sidney,Daycare
Jolly Angels Daycare,49.157989,-122.810801,342.0,"14859 Spenser Dr, Surrey, BC",Surrey,Daycare
Jolly Giant Childcare - 2522 Nadely,49.194822,-124.008568,124.0,"2522 Nadely Cres, Nanaimo, BC",Nanaimo,Daycare
Jolly Giant Childcare Ltd. - Nadely It Location,49.194958,-124.007937,232.0,"2510 Nadely Cres, Nanaimo, BC",Nanaimo,Daycare
Jolly Giant Childcare Ltd. - Nadely Location,49.194514,-124.008472,211.0,"2521 Nadely Cres, Nanaimo, BC",Nanaimo,Daycare
Jolly Giant Childcare Ltd. - Portsmouth Location,49.238882,-124.047425,236.0,"6553 Portsmouth Rd, Nanaimo, BC",Nanaimo,Daycare
Jolly Giant Childcare Ltd. - Selby Location,49.162577,-123.940136,181.0,"436 Selby St, Nanaimo, BC",Nanaimo,Daycare
Jolly Giant Childcare Ltd. - Strickland Location,49.153153,-123.934837,245.0,"10 Strickland St, Nanaimo, BC",Nanaimo,Daycare
Jolly Kids Family Child Care,49.220789,-123.026077,222.0,"6905 La Salle St, Vancouver, BC",Vancouver,Daycare
Jolly Step Early Learning Centre,49.19017,-122.757846,171.0,"10313 167A St, Surrey, BC",Surrey,Daycare
Jolly World Family Child Care,49.272868,-123.120919,101.0,"619-1267 Marinaside Cres, Vancouver, BC",Vancouver,Daycare
Journey Middle School,48.387516,-123.7170042,575.0,"PO Box 100, Sooke, BC",Sooke,Middle School Public School
Joy Harbour Child Care,49.02314,-122.788391,267.0,"1160 Maple St, White Rock, BC",White Rock,Daycare
Joyful Christian Childcare Abbotsford,49.048916,-122.300608,250.0,"2597 Bourquin Cres E, Abbotsford, BC",Abbotsford,Daycare
Joyful Day Care,49.151777,-123.959875,253.0,"641 Hillcrest Ave, Nanaimo, BC",Nanaimo,Daycare
Joyful Journey Daycare,49.32323,-123.046558,287.0,"1621 Rufus Ave, North Vancouver, BC",North Vancouver,Daycare
Joyful Journey's Children Centre,49.675022,-124.940952,260.0,"211 Rodello St, Comox, BC",Comox,Daycare
Joyful Kids Learning Centre,49.15731,-123.113308,176.0,"7600 No. 4 Rd, Richmond, BC",Richmond,Daycare
Joyful Movement Childcare,49.150438,-122.662235,185.0,"8129 202 St, Langley, BC",Langley,Daycare
Juan De Fuca Childcare Centre,48.446246,-123.462197,182.0,"1767 Island Hwy, Victoria, BC",Victoria,Daycare
Jules Quesnel ymca Kids Club,49.259023,-123.192584,313.0,"3050 Crown St, Vancouver, BC",Vancouver,Daycare
Julie & Friends Family Child Care,49.267639,-122.878963,200.0,"755 Adiron Ave, Coquitlam, BC",Coquitlam,Daycare
Jumping Jack Childcare Limited,49.900705,-119.379898,249.0,"399 Fizet Ave, Kelowna, BC",Kelowna,Daycare
Jumping Jacks Preschool,49.095789,-116.504911,118.0,"1714 Canyon St, Creston, BC",Creston,Daycare
Jumping Jellybeans Daycare,52.148691,-122.14664,227.0,"1080 Eleventh Ave N, Williams Lake, BC",Williams Lake,Daycare
Jumping Puddles Childcare,48.478445,-123.39501,155.0,"4173 Bremerton St, Victoria, BC",Victoria,Daycare
Jumpstart,49.682327,-124.997567,283.0,"107 1540 mcphee Ave, Courtenay, BC",Courtenay,Daycare
Jumpstart Preschool,49.368558,-123.27747,77.0,"6350 Marine Dr, West Vancouver, BC",West Vancouver,Daycare
Jungle Explorers,49.824351,-119.483507,187.0,"4372 Gordon Dr, Kelowna, BC",Kelowna,Daycare
Jungle Trail Child Care,49.225247,-123.03776,233.0,"3228 48Th Ave E, Vancouver, BC",Vancouver,Daycare
Junior Achievers Academy,49.186931,-122.551462,232.0,"24195 101A Ave, Maple Ridge, BC",Maple Ridge,Daycare
Junior Adventures Childcare Academy,49.057328,-122.365021,236.0,"3031 Sandpiper Dr, Abbotsford, BC",Abbotsford,Daycare
Junior Citizens Care Center,49.290215,-122.824582,257.0,"999 Noons Creek Dr, Port Moody, BC",Port Moody,Daycare
Junior Einstein's Academy,49.198897,-122.867967,222.0,"10787 128 St, Surrey, BC",Surrey,Daycare
Junior Einstein's Academy (Gateway) Ltd,49.198699,-122.848511,153.0,"13486 108Th Ave, Surrey, BC",Surrey,Daycare
Junior Explorers Academy,49.196418,-122.556439,196.0,"24002 Mcclure Dr, Maple Ridge, BC",Maple Ridge,Daycare
Junior Scholars - Panorama,49.106479,-122.828339,120.0,"103-14225 57 Ave, Surrey, BC",Surrey,Daycare
Junior Scholars - Sullivan,49.104655,-122.796585,182.0,"101-15385 56 Ave, Surrey, BC",Surrey,Daycare
Junior Scholars - Surrey South,49.106938,-122.828569,149.0,"5728 142 St, Surrey, BC",Surrey,Daycare
Junior Trekkers,53.975409,-122.79086,165.0,"2850 Sussex Pl, Prince George, BC",Prince George,Daycare
Juniper Early Learning Center,50.661414,-120.263159,115.0,"2049 Highland Pl, Kamloops, BC",Kamloops,Daycare
Juniper Joyce's Home Away From Home,50.660303,-120.250959,226.0,"2373 Omineca Dr, Kamloops, BC",Kamloops,Daycare
Juniper Ridge Elementary,50.65992015,-120.2449337,365.0,"2540 Quappelle Blvd, Kamloops, BC",Kamloops,Elementary Public School
Just 4 Kids,49.502492,-115.736016,284.0,"3300 7Th St S, Cranbrook, BC",Cranbrook,Daycare
Just 4 Kidz,50.823567,-119.319539,178.0,"3965 Myers Frontage Rd, Tappen, BC",Tappen,Daycare
Just B4 - Grauer Elementary,49.154949,-123.174746,197.0,"4440 Blundell Rd, Richmond, BC",Richmond,Daycare
Just B4 - Lee Elementary,49.145369,-123.120544,269.0,"9491 Ash St, Richmond, BC",Richmond,Daycare
Just B4 Dormick Park Elementary,49.044578,-122.332581,192.0,"32161 Dormick Ave, Abbotsford, BC",Abbotsford,Daycare
Just B4 Preschool,49.485871,-119.557539,235.0,"1437 Allison St, Penticton, BC",Penticton,Daycare
Just B4 Preschool Program,54.236259,-125.752143,254.0,"750 Carroll St, Burns Lake, BC",Burns Lake,Daycare
Just B4 Queensborough,49.186183,-122.940658,250.0,"833 Salter St, New Westminster, BC",New Westminster,Daycare
Just For Fun,49.161031,-121.940357,231.0,"8759 Cornwall Cres, Chilliwack, BC",Chilliwack,Daycare
Just For Kids,49.167144,-122.784751,294.0,"409  9025  158Th St, Surrey, BC",Surrey,Daycare
Just For Kids,49.223239,-122.676841,171.0,"19648 Cedar Lane, Pitt Meadows, BC",Pitt Meadows,Daycare
Just For Kids After School Care,48.795097,-123.693885,148.0,"2494 Roome Rd, Duncan, BC",Duncan,Daycare
Just For Kids After School Care At Mt. Prevost,48.794972,-123.734142,193.0,"6177 Somenos Rd, Duncan, BC",Duncan,Daycare
Just For Kids After School Care At Palsson,48.831232,-124.052245,118.0,"9 Grosskleg Way, Lake Cowichan, BC",Lake Cowichan,Daycare
Just For Kids After School Care At Saltair,48.95763,-123.766808,201.0,"3850 South Oyster School Rd, Ladysmith, BC",Ladysmith,Daycare
Just Kiddies Childcare,49.219906,-122.649814,230.0,"20644 Dewdney Trunk Rd, Maple Ridge, BC",Maple Ridge,Daycare
Just Kiddies Childcare,49.300409,-122.820171,131.0,"103-2591 Panorama Dr, Coquitlam, BC",Coquitlam,Daycare
Just Kidz Family Childcare,49.037486,-122.793446,249.0,"1974 155 St, Surrey, BC",Surrey,Daycare
Just Peachy Child Care Ltd.,48.573301,-123.447817,152.0,"1238 Knute Way, Brentwood Bay, BC",Brentwood Bay,Daycare
Just Peachy Child Care Ltd.,48.585148,-123.426544,154.0,"1785 Hovey Rd, Saanichton, BC",Saanichton,Daycare
Justbeeyou Early Learning,50.582258,-127.066322,348.0,"2725 Woodland Dr, Port mcneill, BC",Port mcneill,Daycare
K B Woodward Elementary,49.1951893,-122.8588329,730.0,"13130 106 Ave, Surrey, BC",Surrey,Elementary Public School
KLO Middle School,49.8601915,-119.4766737,700.0,"3130 Gordon Dr, Kelowna, BC",Kelowna,Middle School Public School
Kaien Island Daycare Services & Family Resource Centre,54.321502,-130.297971,187.0,"1200 Hays Cove Ave, Prince Rupert, BC",Prince Rupert,Daycare
Kalamalka Secondary,50.2227207,-119.2495281,700.0,"7900 Mcclounie Rd, Vernon, BC",Vernon,Elementary Public School
Kaleden Elementary,49.3876687,-119.5957917,195.0,"152 Linden Avenue, Kaleden, BC",Kaleden,Elementary Public School
Kaleidoscope Early Learning Centre,49.09753,-117.695349,222.0,"1555 mclean St, Trail, BC",Trail,Daycare
Kamloops Christian School,50.6967467,-120.3686938,,"750 Cottonwood Ave, Kamloops, BC",Kamloops,Elementary Independent School
Kamloops Kidz (Orchards Walk),50.671061,-120.226633,197.0,"201-3200 Valleyview Dr, Kamloops, BC",Kamloops,Daycare
Kamloops Kidz Early Learning Center (Pineview Campus),50.653633,-120.398084,176.0,"1711 Copperhead Dr, Kamloops, BC",Kamloops,Daycare
Kamloops Kidz Early Learning Center (Sahali Campus),50.656758,-120.339261,195.0,"1585 Summit Dr, Kamloops, BC",Kamloops,Daycare
Kamloops Lollipop Kids Centre,50.704894,-120.423904,158.0,"2632 Young Pl, Kamloops, BC",Kamloops,Daycare
Kamloops Montessori Academy/Full Day Care,50.642859,-120.364063,144.0,"920 Greystone Cres, Kamloops, BC",Kamloops,Daycare
Kamloops School of the Arts,50.6651407,-120.3193163,740.0,"1390 9th Ave, Kamloops, BC",Kamloops,Elementary-Secondary Public School
Kamloops United Church Preschool,50.67388,-120.331441,218.0,"421 St Paul Street, Kamloops, BC",Kamloops,Daycare
Kamloops Village Garden Montessori Early Learning Center,50.646259,-120.357178,127.0,"700 Hugh Allan Dr, Kamloops, BC",Kamloops,Daycare
Kamp Sonshine,49.7355,-123.123716,144.0,"2262 Read Cres, Squamish, BC",Squamish,Daycare
Kanaka Active Kids Club,49.204155,-122.571594,178.0,"11120 234A St, Maple Ridge, BC",Maple Ridge,Daycare
Kanaka Creek Childcare,49.203867,-122.57329,271.0,"23422 Griffen Rd, Maple Ridge, BC",Maple Ridge,Daycare
Kanaka Creek Daycare,49.203419,-122.567449,297.0,"11079 236A St, Maple Ridge, BC",Maple Ridge,Daycare
Kanaka Creek Elementary,49.204155,-122.5715944,570.0,"11120 234a St, Maple Ridge, BC",Maple Ridge,Elementary Public School
Kare-A-Lot Early Learning Centre,50.449361,-119.210343,188.0,"3779 Glover Ave, Armstrong, BC",Armstrong,Daycare
Karen Hambley Daycare,48.489665,-123.319214,84.0,"1781 Ash Rd, Victoria, BC",Victoria,Daycare
Karlee's Kid Club,52.107132,-121.928303,133.0,"3081 Cariboo Hwy, 150 Mile House, BC",150 Mile House,Daycare
Kat And Kids,49.039469,-122.237484,172.0,"35653 Zanatta Pl, Abbotsford, BC",Abbotsford,Daycare
Kathleen McNeely Elementary,49.1824211,-123.0850197,515.0,"12440 Woodhead Rd, Richmond, BC",Richmond,Elementary Public School
Kathy's Licensed Child Care Centre,49.225759,-122.951983,125.0,"6650 Humphries Ave, Burnaby, BC",Burnaby,Daycare
Katie's Korner Childcare Center,49.177894,-123.95522,267.0,"617 Millstone Ave, Nanaimo, BC",Nanaimo,Daycare
Katie's Korner Infant/Toddler Center,49.177911,-123.959948,144.0,"840 Townsite Rd, Nanaimo, BC",Nanaimo,Daycare
Katies Korner After School Program,49.177599,-123.954863,130.0,"510 Millstone Ave, Nanaimo, BC",Nanaimo,Daycare
Katies Korner Infant/Toddler 2,49.178118,-123.960153,369.0,"850 Townsite Rd, Nanaimo, BC",Nanaimo,Daycare
Katies Korner Latimer Road,49.190051,-123.98249,298.0,"1852 Latimer Rd, Nanaimo, BC",Nanaimo,Daycare
Katies Korner Northfield,49.191614,-123.99603,203.0,"2249 Northfield Rd, Nanaimo, BC",Nanaimo,Daycare
Katies Korner Old Quarter,49.164281,-123.940861,245.0,"357 Wesley St, Nanaimo, BC",Nanaimo,Daycare
Katzie Early Years Centre,49.201991,-122.676765,173.0,"19700 Salish Rd, Pitt Meadows, BC",Pitt Meadows,Daycare
Katzie Elementary,49.1307299,-122.6934515,650.0,"6887 194a St, Surrey, BC",Surrey,Elementary Public School
Kay Bingham Elementary,50.7044512,-120.3980096,340.0,"950 Southill St, Kamloops, BC",Kamloops,Elementary Public School
Keating Elementary,48.567667,-123.4024759,585.0,"6843 Central Saanich Rd, Victoria, BC",Victoria,Elementary Public School
Keating Out Of School Care (Lions Hall),48.572182,-123.403147,216.0,"6994 East Saanich Rd, Saanichton, BC",Saanichton,Daycare
Keating Out-Of-School Care,48.567667,-123.4025,138.0,"6843 Central Saanich Rd, Victoria, BC",Victoria,Daycare
Keeginaw Preschool / Keeginaw Kids,56.241708,-120.851885,174.0,"10208 95 Ave, Fort St. John, BC",Fort St. John,Daycare
Keekoz Daycare,49.276263,-123.008941,187.0,"4290 Venables St, Burnaby, BC",Burnaby,Daycare
Keep Smiling Childcare,49.190312,-123.996463,185.0,"2120 Boxwood Rd, Nanaimo, BC",Nanaimo,Daycare
Kelli's Little Angels,49.26862,-122.99817,120.0,"4652 Brentlawn Dr, Burnaby, BC",Burnaby,Daycare
Kellie N Kids Daycare,49.506995,-119.638161,190.0,"1705 Estates Pl, Penticton, BC",Penticton,Daycare
Kellie's Family Daycare,51.292461,-116.949505,304.0,"1515 Fir Cres, Golden, BC",Golden,Daycare
Kelly Creek Community School,49.778901,-124.376593,201.0,"2341 Zilinsky Rd, Powell River, BC",Powell River,Daycare
Kelly Creek Community School,49.7789748,-124.3779374,170.0,"2341 Zilinsky Rd, Powell River, BC",Powell River,Elementary Public School
Kelly's Daycare,54.296024,-130.336875,288.0,"1797 Sloan Ave, Prince Rupert, BC",Prince Rupert,Daycare
Kelly's Family Child Care,49.239066,-123.07249,137.0,"1618 34 Ave E, Vancouver, BC",Vancouver,Daycare
Kelowna Airport ymca Child Care Centre,49.954305,-119.384717,144.0,"190 Convair Pl, Kelowna, BC",Kelowna,Daycare
Kelowna Arts Academy,49.8926723,-119.4098538,,"1180 Houghton Rd, Kelowna, BC",Kelowna,Elementary-Secondary Independent School
Kelowna Christian School,49.858471,-119.471613,219.0,"3285 Gordon Dr, Kelowna, BC",Kelowna,Daycare
Kelowna Christian School,49.8628104,-119.4572087,,"2870 Benvoulin Rd, Kelowna, BC",Kelowna,Elementary-Secondary Independent School
Kelowna Creative Advantage Childcare,49.861683,-119.456201,196.0,"3070 Benvoulin Rd, Kelowna, BC",Kelowna,Daycare
Kelowna Early Explorers Academy,49.88488,-119.425316,181.0,"2-1880 Baron Rd, Kelowna, BC",Kelowna,Daycare
Kelowna Kids Co.,49.864564,-119.493352,213.0,"439 West Ave, Kelowna, BC",Kelowna,Daycare
Kelowna Kids Co.,49.866775,-119.489585,112.0,"201-2750 Richter St, Kelowna, BC",Kelowna,Daycare
Kelowna Kids Co: Lakewood,50.048525,-119.417603,144.0,"11414 Lakewood Rd, Lake Country, BC",Lake Country,Daycare
Kelowna Secondary,49.8640577,-119.4783557,1600.0,"1079 Raymer Ave, Kelowna, BC",Kelowna,Elementary Public School
Kenagnes Family Child Care,49.225253,-123.093476,145.0,"534 49Th Ave E, Vancouver, BC",Vancouver,Daycare
Kengard Alternate School,50.1115953,-120.778812,,"2975 Clapperton Avenue, Merritt, BC",Merritt,Secondary Public School
Kennedy Trail Elementary,49.1539663,-122.8829326,340.0,"8305 122a St, Surrey, BC",Surrey,Elementary Public School
Kennedy Trail ymca Kids Club,49.153966,-122.882933,287.0,"8305 122A St., Surrey, BC",Surrey,Daycare
Kenneth Gordon,49.3092342,-123.0161226,,"420 Seymour River Pl, North Vancouver, BC",North Vancouver,Elementary-Secondary Independent School
Kensington Out Of School Care,49.237572,-123.074183,89.0,"5175 Dumfries St, Vancouver, BC",Vancouver,Daycare
Kensington Preschool,49.237572,-123.074183,280.0,"5175 Dumfries St, Vancouver, BC",Vancouver,Daycare
Kent Elementary,49.2341366,-121.7584008,365.0,"7285 Mccullough Rd, Agassiz, BC",Agassiz,Elementary Public School
Kenzie N Friends,55.774237,-120.225417,213.0,"804 90 Ave, Dawson Creek, BC",Dawson Creek,Daycare
Kermode Friendship Society Aboriginal Headstart,54.519961,-128.587525,248.0,"102 3313 Kalum St, Terrace, BC",Terrace,Daycare
Kermode Friendship Society Daycare Center,54.519104,-128.594744,187.0,"4714 Park Ave, Terrace, BC",Terrace,Daycare
Kerrisdale Annex,49.2328337,-123.1768426,120.0,"3250 43rd Ave W, Vancouver, BC",Vancouver,Elementary Public School
Kerrisdale Elementary,49.2357177,-123.174498,560.0,"5555 Carnarvon St, Vancouver, BC",Vancouver,Elementary Public School
Kerrisdale Little Owl's Preschool,49.233185,-123.157093,172.0,"109 5851 West Boulevard, Vancouver, BC",Vancouver,Daycare
Kerrisdale ymca Kids Club,49.235716,-123.174493,208.0,"5555 Carnarvon St, Vancouver, BC",Vancouver,Daycare
Kersley Elementary School,52.837933,-122.418624,95.0,"2899 Arnoldus Rd, Quesnel, BC",Quesnel,Elementary Public School
Kew Farm Family Child Care,48.742576,-123.67802,247.0,"2601 Soole Rd, Duncan, BC",Duncan,Daycare
Key To Success Daycare,49.177853,-122.807929,122.0,"14957 96A Ave, Surrey, BC",Surrey,Daycare
Khalsa Child Care Centre,49.064794,-122.374949,209.0,"30640 Blueridge Dr, Abbotsford, BC",Abbotsford,Daycare
Khalsa Child Care Centre,49.115334,-122.49419,282.0,"26345 62 Ave, Langley, BC",Langley,Daycare
Khalsa Childcare Centre,49.129605,-122.879276,163.0,"6933 124 St, Surrey, BC",Surrey,Daycare
Khalsa Childcare Centre - Ch,49.140899,-122.806943,257.0,"14988 76 Ave, Surrey, BC",Surrey,Daycare
Khalsa Childcare Centre 1,49.130217,-122.879276,185.0,"6989 124 St, Surrey, BC",Surrey,Daycare
Khalsa Childcare Centre Kps,49.129611,-122.878775,247.0,"6962 124 St, Surrey, BC",Surrey,Daycare
Khalsa Childcare Centre Oyr,49.196133,-122.87891,244.0,"10677 124 St, Surrey, BC",Surrey,Daycare
Khalsa School Newton,49.1296045,-122.8792764,,"6933 124 St, Surrey, BC",Surrey,Elementary Independent School
Khalsa School Old Yale Road,49.1961332,-122.8789099,,"10677 124 St, Surrey, BC",Surrey,Elementary Independent School
Khalsa School of the Fraser Valley,49.1153341,-122.49419,,"26345 62 Ave, Langley, BC",Langley,Elementary Jr. Secondary Independent School
Khalsa Secondary School (Surrey),49.1943695,-122.8789872,,"10589 124 St, Surrey, BC",Surrey,Secondary Independent School
Khowhemun Elementary,48.7794681,-123.7165866,365.0,"2918 Cliffs Rd, Duncan, BC",Duncan,Elementary Public School
Kid Central,49.129379,-122.664294,155.0,"6982 201 St, Langley, BC",Langley,Daycare
Kid Kat Childcare,49.259209,-122.746934,199.0,"2433 Ottawa St, Port Coquitlam, BC",Port Coquitlam,Daycare
Kid N Kaboodle Family Childcare,49.187085,-121.945547,173.0,"46225 Strathcona Rd, Chilliwack, BC",Chilliwack,Daycare
Kid Spot Surrey,49.105839,-122.731456,116.0,"102-17720 57 Ave, Surrey, BC",Surrey,Daycare
Kid'n Around Childrens Centre,49.075221,-122.641978,107.0,"20997 40 Ave, Langley, BC",Langley,Daycare
Kid's Castle Children's Center,49.16828,-122.782172,294.0,"15893 91St Ave, Surrey, BC",Surrey,Daycare
Kid's Castle Group Day Care,49.17394,-122.789771,251.0,"9422 156 St, Surrey, BC",Surrey,Daycare
Kid's Garden Family Daycare,49.170938,-122.785682,128.0,"15762 92A Ave, Surrey, BC",Surrey,Daycare
Kid's Place Child Care Center,49.185205,-123.964993,289.0,"1085 Moyse Crescent, Nanaimo, BC",Nanaimo,Daycare
Kid's Place Preschool,54.062569,-128.627212,238.0,"1515 Kingfisher Ave N, Kitimat, BC",Kitimat,Daycare
Kid's Play Day Care Centre,49.197656,-122.866959,66.0,"12819 Old Yale Rd, Surrey, BC",Surrey,Daycare
Kid's Quest School Age Care,48.387714,-123.686706,82.0,"6038 Sooke Rd, Sooke, BC",Sooke,Daycare
Kid's Stop Daycare,49.257506,-122.784394,281.0,"2359 Hawthorne Ave, Port Coquitlam, BC",Port Coquitlam,Daycare
Kid's World Out Of School Care,49.217774,-123.155733,199.0,"7505 Arbutus, Vancouver, BC",Vancouver,Daycare
Kidcare Daycare 2,52.148992,-122.153177,267.0,"1115 Western Ave, Williams Lake, BC",Williams Lake,Daycare
Kidd'n About Child Day Care,54.313452,-130.31483,277.0,"210 7Th Ave E, Prince Rupert, BC",Prince Rupert,Daycare
Kiddie Academy Child Care Centre Ltd,49.14612,-122.287788,111.0,"33837 Prentis Ave, Mission, BC",Mission,Daycare
Kiddie Castle Daycare,49.205714,-122.93365,202.0,"1-1402 Sixth Ave, New Westminster, BC",New Westminster,Daycare
Kiddie Cloud Montessori Ltd. - Group Child Care 30M To S/A,49.702488,-123.128785,250.0,"38320 Westway Ave, Squamish, BC",Squamish,Daycare
Kiddie Club Childcare Center,49.050298,-122.318504,211.0,"22-32700 South Fraser Way, Abbotsford, BC",Abbotsford,Daycare
Kiddie Club Childcare Center,49.2268,-122.965368,236.0,"6686 Stanley St, Burnaby, BC",Burnaby,Daycare
Kiddie Club Childcare Center,49.227471,-122.960773,138.0,"6290 Walker Ave, Burnaby, BC",Burnaby,Daycare
Kiddie Club Infant Toddler Childcare,49.228485,-122.961196,137.0,"6177 Leibly Ave, Burnaby, BC",Burnaby,Daycare
Kiddie College,49.296967,-122.744862,210.0,"3496 Princeton Ave, Coquitlam, BC",Coquitlam,Daycare
Kiddie Hall Childcare Inc.,49.501113,-119.593615,240.0,"104 166 Main St, Penticton, BC",Penticton,Daycare
Kiddie Kollege Langley,49.098708,-122.666403,173.0,"20103 53 Ave, Langley, BC",Langley,Daycare
Kiddie Korner Daycare,50.496287,-120.818354,68.0,"33 Amber Dr, Logan Lake, BC",Logan Lake,Daycare
Kiddie Korner Family Day Care - Langley,49.157797,-122.635857,161.0,"8503 211A St, Langley, BC",Langley,Daycare
Kiddieland Child Care,54.323731,-130.290103,169.0,"1626 11 Ave E, Prince Rupert, BC",Prince Rupert,Daycare
Kiddies Korner Daycare,50.67779,-120.257728,144.0,"2250 Park Dr, Kamloops, BC",Kamloops,Daycare
Kiddies Korner Parent Participation Preschool,49.271799,-122.776031,270.0,"2211 Prairie Ave, Port Coquitlam, BC",Port Coquitlam,Daycare
Kidding Around Childcare,49.80885,-124.517421,155.0,"3439 Mackenzie Ave, Powell River, BC",Powell River,Daycare
Kiddo & Co. Child Care,49.191525,-122.548295,157.0,"24331 104 Ave, Maple Ridge, BC",Maple Ridge,Daycare
Kiddo House Montessori,49.155166,-123.150501,182.0,"6640 Blundell Rd, Richmond, BC",Richmond,Daycare
Kiddo House Montessori,49.155166,-123.150501,211.0,"6640 Blundell Rd, Richmond, BC",Richmond,Daycare
Kiddo House Montessori,49.155166,-123.150501,241.0,"6640 Blundell Rd, Richmond, BC",Richmond,Daycare
Kiddo Town Childcare Ltd,49.110024,-122.809856,142.0,"14881 59 Ave, Surrey, BC",Surrey,Daycare
Kiddocare Infant/Toddler Centre,49.215835,-122.934011,217.0,"7595 10 Ave, Burnaby, BC",Burnaby,Daycare
Kiddos Clubhouse Daycare,49.277454,-122.862607,224.0,"2225 Clarke St, Port Moody, BC",Port Moody,Daycare
Kiddy Cottage Daycare,50.799609,-120.3223,225.0,"175 Cahilty Cres, Kamloops, BC",Kamloops,Daycare
Kiddy Junction Academy - Division Iii,49.232702,-123.049712,150.0,"2752 E 41St Ave, Vancouver, BC",Vancouver,Daycare
Kiddy Junction Academy - Division Iii,49.232702,-123.049712,226.0,"2752 E 41St Ave, Vancouver, BC",Vancouver,Daycare
Kiddy Junction Academy Division Ii,49.207172,-123.134608,190.0,"8686 Hudson St, Vancouver, BC",Vancouver,Daycare
Kiddyland Multiple Intelligence Children Centre,49.140927,-123.098718,276.0,"11331 Williams Rd, Richmond, BC",Richmond,Daycare
Kiddyland Multiple Intelligence Children Centre,49.182421,-123.08502,124.0,"12440 Woodhead Rd, Richmond, BC",Richmond,Daycare
Kidikare Early Learning Centre,49.336074,-123.146155,186.0,"1112 Kings Ave, West Vancouver, BC",West Vancouver,Daycare
Kidikare Early Learning Centre - Lawson,49.337508,-123.152025,259.0,"1315 Lawson  Avenue, West Vancouver, BC",West Vancouver,Daycare
Kidikare Early Learning Centre - Taylor,49.339321,-123.135429,168.0,"1585 Taylor Way, West Vancouver, BC",West Vancouver,Daycare
Kidlogic Daycare,53.994104,-122.80213,259.0,"4529 Gray Dr, Prince George, BC",Prince George,Daycare
Kidopia Early Learning Ltd.,49.343104,-123.055639,241.0,"718 Wellington Dr, North Vancouver, BC",North Vancouver,Daycare
"Kids ""R"" Kids After School Care",52.151272,-122.151737,110.0,"1175 Blair St, Williams Lake, BC",Williams Lake,Daycare
Kids & Company Cambie,49.22915,-123.116954,243.0,"6137 Cambie St, Vancouver, BC",Vancouver,Daycare
Kids & Company Cambie,49.22915,-123.116954,252.0,"6137 Cambie St, Vancouver, BC",Vancouver,Daycare
Kids & Company Cambie,49.22915,-123.116954,299.0,"6137 Cambie St, Vancouver, BC",Vancouver,Daycare
Kids & Company King George Surrey,49.182359,-122.844907,234.0,"202-9900 King George Blvd, Surrey, BC",Surrey,Daycare
Kids & Company Langford,48.442354,-123.513389,107.0,"Building D 965 Langford Parkway, Victoria, BC",Victoria,Daycare
Kids & Company Morgan Crossing South Surrey,49.048227,-122.787116,227.0,"102-15715 Croydon Dr, Surrey, BC",Surrey,Daycare
Kids & Company Nanaimo,49.190153,-123.997156,225.0,"2129 Boxwood Rd, Nanaimo, BC",Nanaimo,Daycare
Kids & Company New Westminster,49.223679,-122.892283,142.0,"281 Nelson's Ct, New Westminster, BC",New Westminster,Daycare
Kids & Company North Vancouver,49.323785,-123.102915,260.0,"1035 Marine Dr, North Vancouver, BC",North Vancouver,Daycare
Kids & Company North Vancouver Esplanade,49.3123,-123.083534,84.0,"70-221 Esplanade W, North Vancouver, BC",North Vancouver,Daycare
Kids & Company North Vancouver Esplanade,49.3123,-123.083534,129.0,"70-221 Esplanade W, North Vancouver, BC",North Vancouver,Daycare
Kids & Company Port Moody,49.279196,-122.828488,228.0,"220 Brew St, Port Moody, BC",Port Moody,Daycare
Kids & Company Surrey Professional Centre,49.17721,-122.842751,163.0,"13737 96 Ave, Surrey, BC",Surrey,Daycare
Kids & Company Victoria,48.454483,-123.374665,150.0,"131 3500 Uptown Blvd, Victoria, BC",Victoria,Daycare
Kids & I Daycare Ltd,49.05931,-122.351688,142.0,"31505 Southern Dr, Abbotsford, BC",Abbotsford,Daycare
Kids + Company Langley,49.157507,-122.667021,180.0,"8506 200Th St, Langley, BC",Langley,Daycare
Kids - Inn #1,49.137786,-122.834265,203.0,"7430  140 St, Surrey, BC",Surrey,Daycare
Kids Academy (2610),49.277037,-122.85388,167.0,"2610 St Johns St, Port Moody, BC",Port Moody,Daycare
Kids Academy (2624),49.276772,-122.854074,168.0,"2624A St Johns St, Port Moody, BC",Port Moody,Daycare
Kids And Company - Group Day Care,49.185785,-123.103267,208.0,"200 3851 Shell Rd, Richmond, BC",Richmond,Daycare
Kids And Company - Group Day Care,49.185785,-123.103267,227.0,"200 3851 Shell Rd, Richmond, BC",Richmond,Daycare
Kids And Company - Vancouver West (Gdc 3-5),49.265707,-123.12467,292.0,"910 W 6, Vancouver, BC",Vancouver,Daycare
Kids And Company - Vancouver West (Gdc<3),49.265707,-123.12467,179.0,"910 W 6, Vancouver, BC",Vancouver,Daycare
Kids And Company - Vancouver West (School Age),49.265707,-123.12467,261.0,"910 W 6, Vancouver, BC",Vancouver,Daycare
Kids And Company Kamloops,50.652591,-120.366741,140.0,"702 1801 Princeton Kamloops Hwy, Kamloops, BC",Kamloops,Daycare
Kids And Company North Vancouver (30 Months To School Age),49.323785,-123.102915,185.0,"1035 Marine Dr, North Vancouver, BC",North Vancouver,Daycare
Kids Are Us,49.233598,-124.789945,175.0,"3747 Church St, Port Alberni, BC",Port Alberni,Daycare
Kids At G.F. Strong Child Development Centre,49.24718,-123.125568,183.0,"4255 Laurel St, Vancouver, BC",Vancouver,Daycare
Kids At G.F. Strong Child Development Centre,49.24718,-123.125568,210.0,"4255 Laurel St, Vancouver, BC",Vancouver,Daycare
Kids At Play,53.023016,-122.476421,97.0,"3996 Bernard Ave, Quesnel, BC",Quesnel,Daycare
Kids At Play,54.510368,-128.608895,155.0,"4923 Agar Ave, Terrace, BC",Terrace,Daycare
Kids At Play Daycare,49.29338,-122.82684,306.0,"5 Deerwood Pl, Port Moody, BC",Port Moody,Daycare
Kids By Design Preschool Inc.,49.215863,-122.577831,220.0,"11756 232Nd St, Maple Ridge, BC",Maple Ridge,Daycare
Kids Canvas Childcare,49.133937,-122.672957,223.0,"7221 198B St, Langley, BC",Langley,Daycare
Kids Canvas Childcare (Surrey),49.170806,-122.801529,71.0,"9243 152Nd St, Surrey, BC",Surrey,Daycare
Kids Care Preschool,49.214136,-123.056549,182.0,"7715 Muirfield Dr, Vancouver, BC",Vancouver,Daycare
Kids Club,49.261738,-123.234515,166.0,"2855 Acadia Rd, Vancouver, BC",Vancouver,Daycare
Kids Club After School Program,49.508986,-115.767988,187.0,"100-125 10Th Ave S, Cranbrook, BC",Cranbrook,Daycare
Kids Club Child Care,50.26863,-119.275795,262.0,"3300 37 Ave, Vernon, BC",Vernon,Daycare
Kids Club Child Care Centre Ltd.,49.17096,-121.948299,166.0,"46129 Princess Ave, Chilliwack, BC",Chilliwack,Daycare
Kids Club Child Care Centre Ltd. (Delair Road),49.034374,-122.24943,175.0,"35190 Delair Rd, Abbotsford, BC",Abbotsford,Daycare
Kids Club Child Care Centre Ltd. (Gladwin),49.071394,-122.3171,230.0,"3845 Gladwin Rd, Abbotsford, BC",Abbotsford,Daycare
Kids Club Child Care Centre Ltd. (Mcmillan Rd),49.059279,-122.259887,125.0,"3130 mcmillan Rd, Abbotsford, BC",Abbotsford,Daycare
Kids Club Daycare,54.29784,-130.335769,152.0,"1743 Sloan Ave, Prince Rupert, BC",Prince Rupert,Daycare
Kids Clubhouse,49.316078,-123.046202,187.0,"934 Calverhall St, North Vancouver, BC",North Vancouver,Daycare
Kids Connection Uplands,49.501995,-119.575732,111.0,"145 Middle Bench Rd S, Penticton, BC",Penticton,Daycare
Kids Corner Childcare Centre,50.276759,-119.252228,254.0,"4401 Pleasant Valley Rd, Vernon, BC",Vernon,Daycare
Kids Corner Daycare,49.164812,-122.895595,145.0,"8886 118 St, Delta, BC",Delta,Daycare
Kids Corner Daycare,49.858672,-119.471838,281.0,"3261 Gordon Dr, Kelowna, BC",Kelowna,Daycare
Kids First Family Child Care,49.227861,-123.10391,208.0,"6295 Quebec St, Vancouver, BC",Vancouver,Daycare
Kids First Montessori Preschool Before & After Care,49.173323,-122.796545,215.0,"209  15372 94Th Ave, Surrey, BC",Surrey,Daycare
Kids Fun Castle,49.279823,-122.999489,147.0,"4620 Pender St, Burnaby, BC",Burnaby,Daycare
Kids Galore Childcare Centre,49.142773,-122.904691,159.0,"7679 115 St, Delta, BC",Delta,Daycare
Kids In Paradise,49.036438,-123.069825,219.0,"25-1835 56 St, Delta, BC",Delta,Daycare
Kids In The Grove Daycare (Topham),49.168313,-122.625694,201.0,"21555 91 Ave, Langley, BC",Langley,Daycare
Kids In The Grove Daycare (West Langley),49.17465,-122.636398,190.0,"9403 212 St, Langley, BC",Langley,Daycare
Kids Just Wanna Have Fun,48.785249,-123.728186,262.0,"5906 Deuchars Dr, Duncan, BC",Duncan,Daycare
Kids Kare Daycare Centre,49.164581,-122.841212,152.0,"8902 Lauder Dr, Surrey, BC",Surrey,Daycare
Kids Kingdom,50.829853,-118.980652,233.0,"502 Cedar St, Sicamous, BC",Sicamous,Daycare
Kids Kingdom Early Learning Centre Ltd,49.043611,-122.336474,123.0,"106-2276 Clearbrook Rd, Abbotsford, BC",Abbotsford,Daycare
Kids Klub - Lakewood Elementary,48.465823,-123.506838,184.0,"2363 Setchfield Ave, Victoria, BC",Victoria,Daycare
Kids Klub - Pearkes Recreation Centre,48.454331,-123.399012,188.0,"3100 Tillicum Rd, Victoria, BC",Victoria,Daycare
Kids Klub Beaver Lake School,48.506428,-123.409495,201.0,"4828 West Saanich Rd, Victoria, BC",Victoria,Daycare
Kids Klub Braefoot Elementary School,48.470169,-123.345321,151.0,"1440 Harrop Rd, Victoria, BC",Victoria,Daycare
Kids Klub Centre Lakehill Site,48.478368,-123.365635,296.0,"1031 Lucas Ave, Victoria, BC",Victoria,Daycare
Kids Klub Centre Mckenzie School,48.467514,-123.390913,147.0,"4005 Raymond St N, Victoria, BC",Victoria,Daycare
Kids Klub Centre Northridge,48.480629,-123.402076,248.0,"4190 Carey Rd, Victoria, BC",Victoria,Daycare
Kids Klub Gordon Head,48.483203,-123.320732,133.0,"1806 San Juan Ave, Victoria, BC",Victoria,Daycare
Kids Klub Western #1,48.450303,-123.507131,196.0,"935 Goldstream Ave, Victoria, BC",Victoria,Daycare
Kids Korner,49.208118,-122.905456,268.0,"85 Merivale St, New Westminster, BC",New Westminster,Daycare
Kids Kove,49.108027,-122.815,235.0,"14696 58 Ave, Surrey, BC",Surrey,Daycare
Kids Learning Castle Daycare 2,49.140765,-122.878203,280.0,"12430 76 Ave, Surrey, BC",Surrey,Daycare
Kids Learning Center,49.223839,-123.050842,107.0,"2797 50Th Ave E, Vancouver, BC",Vancouver,Daycare
Kids Learning Center - Nanaimo St,49.219534,-123.059393,102.0,"7067 Nanaimo St, Vancouver, BC",Vancouver,Daycare
Kids Link Out Of School Care,49.227801,-122.92671,249.0,"7502  2Nd St, Burnaby, BC",Burnaby,Daycare
Kids On The Go,50.129315,-122.962674,152.0,"6195 Lorimer Rd, Whistler, BC",Whistler,Daycare
Kids Paradise Childcare,49.314789,-124.311179,258.0,"330 Craig St, Parksville, BC",Parksville,Daycare
Kids Park Childcare,49.321555,-124.343344,220.0,"140 Renz Rd, Parksville, BC",Parksville,Daycare
Kids Place Daycare,49.09801,-121.952197,210.0,"5264 Weeden Pl, Chilliwack, BC",Chilliwack,Daycare
Kids R Kool Childcare,49.169185,-122.652757,96.0,"9175 206Th St, Langley, BC",Langley,Daycare
Kids R Us Childcare,50.256841,-119.250283,169.0,"1404 21 Ave, Vernon, BC",Vernon,Daycare
Kids R Us Early Learning Center,49.181269,-123.096077,333.0,"11600 Aztec St, Richmond, BC",Richmond,Daycare
Kids Space After School Program,50.251592,-118.961239,236.0,"2250 Shields Ave, Lumby, BC",Lumby,Daycare
Kids View Studio,49.271544,-122.997524,177.0,"4610 Northlawn Dr, Burnaby, BC",Burnaby,Daycare
Kids Village,49.258534,-122.887094,122.0,"588 Cottonwood Ave, Coquitlam, BC",Coquitlam,Daycare
Kids Wonderland Child Care,49.126047,-122.812573,209.0,"6781 148 St, Surrey, BC",Surrey,Daycare
Kids World Day Care And Learning Centre,49.128732,-122.65989,242.0,"6942 202B St, Langley, BC",Langley,Daycare
Kids World Puddlejumpers & Get Ready For School,49.217774,-123.155733,173.0,"7505 Arbutus, Vancouver, BC",Vancouver,Daycare
Kids Zone Child Care Centre #2 Ltd,49.174496,-122.889949,191.0,"9444 120 St, Surrey, BC",Surrey,Daycare
Kids Zone Child Care Centre #3,49.174433,-122.889939,185.0,"9440 120Th St, Surrey, BC",Surrey,Daycare
Kids Zone Child Care Centre #4,49.033834,-122.82791,144.0,"1730 142 St, Surrey, BC",Surrey,Daycare
Kids Zone Child Care Centre #5,49.172652,-122.873891,184.0,"9341 126 St, Surrey, BC",Surrey,Daycare
Kids Zone Child Care Centre - Bradner Elementary,49.098155,-122.427941,155.0,"5291 Bradner Rd, Abbotsford, BC",Abbotsford,Daycare
Kids Zone Child Care Centre Ltd,49.023056,-123.080711,149.0,"1115 51A St, Delta, BC",Delta,Daycare
Kids Zone Child Care Centre Ltd,49.184693,-122.877596,155.0,"12405 100 Ave, Surrey, BC",Surrey,Daycare
Kids Zone Pre-Kindergarten-Childcare-Out Of School,49.213478,-122.632541,247.0,"11601 Laity St, Maple Ridge, BC",Maple Ridge,Daycare
Kids Zone-Sema:Th,49.017503,-122.218531,274.0,"36321 Vye Rd, Abbotsford, BC",Abbotsford,Daycare
Kids' Heaven Learning Centre,49.278933,-122.753922,135.0,"3737 Sutherland St, Port Coquitlam, BC",Port Coquitlam,Daycare
Kids' Kingdom Family Daycare,49.882714,-119.550279,169.0,"1869 Horizon Dr, West Kelowna, BC",West Kelowna,Daycare
Kidscool Early Learning Centre,49.263248,-122.860792,138.0,"1116 Como Lake Ave, Coquitlam, BC",Coquitlam,Daycare
Kidscool Early Learning Centre Nw,49.210269,-122.916153,222.0,"337 6Th St, New Westminster, BC",New Westminster,Daycare
Kidscove Childcare,49.972262,-125.238891,189.0,"525 Hilchey Rd, Campbell River, BC",Campbell River,Daycare
Kidsfirst Early Childhood Centre,49.20851,-122.450601,177.0,"27871 113 Ave, Maple Ridge, BC",Maple Ridge,Daycare
Kidsland Childcare Centre,49.310269,-123.064079,230.0,"443 5Th St E, North Vancouver, BC",North Vancouver,Daycare
Kidsland Childcare Centre,49.310272,-123.064074,187.0,"443 5Th St E, North Vancouver, BC",North Vancouver,Daycare
Kidspace Learning Centres,49.069886,-122.667062,196.0,"20084 37A Ave, Langley, BC",Langley,Daycare
Kidspace Learning Centres Armstrong Inc.,50.441878,-119.193612,305.0,"2720 Rosedale Ave, Armstrong, BC",Armstrong,Daycare
Kidspace Learning Centres Armstrong Inc. Wood Ave,50.448389,-119.196292,243.0,"2905 Wood Ave, Armstrong, BC",Armstrong,Daycare
Kidspace Learning Centres Chilliwack Inc,49.111943,-121.966635,290.0,"6058 Glengarry Dr, Chilliwack, BC",Chilliwack,Daycare
Kidspace Learning Centres Eagle Creek Inc.,48.468516,-123.426205,184.0,"110-25 Helmcken Rd, Victoria, BC",Victoria,Daycare
Kidspace Learning Centres Saanichton Ltd.,48.597687,-123.416434,141.0,"7925 East Saanich Rd, Saanichton, BC",Saanichton,Daycare
Kidspace Learning Centres Walnut Grove,49.162667,-122.633878,155.0,"501-21183 88Th Ave, Langley, BC",Langley,Daycare
Kidspace Learning Centres Walnut Grove-After School Club,49.162667,-122.633878,184.0,"101-21183 88 Ave, Langley, BC",Langley,Daycare
Kidsrus Early Learning Center,49.220467,-123.037886,76.0,"3261 54Th Ave E, Vancouver, BC",Vancouver,Daycare
Kidsrus Early Learning Center Munroe,49.214452,-123.040132,128.0,"7728 Munroe Cres, Vancouver, BC",Vancouver,Daycare
Kidston Elementary,50.2235164,-119.2582378,345.0,"12101 Linden Dr, Coldstream, BC",Coldstream,Elementary Public School
Kidtopia Child Care,49.219046,-122.953112,221.0,"7135 Walker Ave, Burnaby, BC",Burnaby,Daycare
Kidz Adventure Learning Centre,49.25217,-122.98952,119.0,"5165 Hardwick St, Burnaby, BC",Burnaby,Daycare
Kidz Adventure Learning Centre (Parkcrest),49.266487,-122.974494,243.0,"6138 Parkcrest Dr, Burnaby, BC",Burnaby,Daycare
Kidz Circle,49.997849,-125.248206,218.0,"516 Dogwood St S, Campbell River, BC",Campbell River,Daycare
Kidz Club Gibsons,49.406025,-123.513326,217.0,"783 School Rd, Gibsons, BC",Gibsons,Daycare
Kidz Club Sechelt,49.473342,-123.763801,201.0,"5538 Shorncliffe, Sechelt, BC",Sechelt,Daycare
Kidz Co. 2 Learning Centre,48.782302,-123.706689,122.0,"2739 James St, Duncan, BC",Duncan,Daycare
Kidz Co. Learning Centre,48.782281,-123.706243,257.0,"2731 James St, Duncan, BC",Duncan,Daycare
Kidz Connection,49.998636,-125.247568,228.0,"470A Dogwood St S, Campbell River, BC",Campbell River,Daycare
Kidz Corner,49.998389,-125.248169,188.0,"500 Dogwood St S, Campbell River, BC",Campbell River,Daycare
Kidz Corner,53.854274,-122.777675,185.0,"7598 Southridge Ave, Prince George, BC",Prince George,Daycare
Kidz Hub Early Learning Centre Inc.,49.134602,-122.340451,213.0,"1-31895 Lougheed Hwy, Mission, BC",Mission,Daycare
Kidz Kompany - Hammond Bay,49.231957,-123.966672,186.0,"1025 Morningside Dr, Nanaimo, BC",Nanaimo,Daycare
Kidz Kompany - Harbourside,49.191388,-123.965938,223.0,"2150 Departure Bay Rd, Nanaimo, BC",Nanaimo,Daycare
Kidz Kompany - Mt. View,49.17832,-124.0153,66.0,"2480 Wellington Rd East, Nanaimo, BC",Nanaimo,Daycare
Kidz Kompany - Pleasant Valley,49.226659,-124.045855,155.0,"6201 Dunbar Rd, Nanaimo, BC",Nanaimo,Daycare
Kidz Kompany - Randerson Ridge,49.225908,-124.027234,248.0,"6021 Nelson Rd, Nanaimo, BC",Nanaimo,Daycare
Kidz Kompany - Small Fries,49.178361,-123.94875,216.0,"102-679 Terminal Ave N, Nanaimo, BC",Nanaimo,Daycare
Kidz R Kidz,49.283083,-122.793894,187.0,"101-3007 Glen Dr, Coquitlam, BC",Coquitlam,Daycare
Kidz Venture Club,49.277016,-122.849126,148.0,"2809 Spring St, Port Moody, BC",Port Moody,Daycare
Kidz World Childcare,49.873645,-119.488593,194.0,"2248 Richter St, Kelowna, BC",Kelowna,Daycare
Kidz-R-Brite At The Farm,49.008924,-123.846152,144.0,"5120 Christie Rd, Ladysmith, BC",Ladysmith,Daycare
Kidzania Day Care,49.141136,-122.820138,237.0,"14517 76 Ave, Surrey, BC",Surrey,Daycare
Kidzee Land Child Care,49.162682,-122.819254,230.0,"14552 88 Ave, Surrey, BC",Surrey,Daycare
Kidzone Afterschool,49.685444,-125.027479,156.0,"2201 Robert Lang Dr, Courtenay, BC",Courtenay,Daycare
Kidzone Learning Centre South Ltd,49.015977,-123.072217,211.0,"735 Gilchrist Dr, Delta, BC",Delta,Daycare
Kidzrock @ Latimer Road,49.111466,-122.690194,210.0,"19233 60Th Ave, Surrey, BC",Surrey,Daycare
Kidzrock Childcare,49.111367,-122.758682,191.0,"16718 60Th Ave, Surrey, BC",Surrey,Daycare
Kidzville Learning Center,49.126783,-122.838731,214.0,"13857 68 Ave, Surrey, BC",Surrey,Daycare
Kidzville Learning Center - Morgan Crossing,49.045189,-122.78973,261.0,"101-2388 156 St, Surrey, BC",Surrey,Daycare
Kidzville Learning Centre - Panorama,49.111699,-122.862255,158.0,"12996 60 Ave, Surrey, BC",Surrey,Daycare
Kidzz Early Learning Center-Kelc,49.821974,-119.497101,218.0,"454 Eldorado Rd, Kelowna, BC",Kelowna,Daycare
Kiki Awasis Learning Centre,53.915913,-122.751629,234.0,"1546 6Th Ave, Prince George, BC",Prince George,Daycare
Kildala Elementary,54.050007,-128.660518,540.0,"803 Columbia Ave E, Kitimat, BC",Kitimat,Elementary Public School
Kildala Elementary Seamless Day Kindergarten,54.050304,-128.660047,194.0,"803 Columbia Ave E, Kitimat, BC",Kitimat,Daycare
Kildala Nursery And Out Of School Care,54.050304,-128.660047,219.0,"803 Columbia Ave E, Kitimat, BC",Kitimat,Daycare
Killarney Community Centre Preschool,49.22741,-123.044391,196.0,"6260 Killarney St, Vancouver, BC",Vancouver,Daycare
Killarney Community Centre School Age Care,49.22741,-123.044391,218.0,"6260 Killarney St, Vancouver, BC",Vancouver,Daycare
Killarney Park Preschool,49.22571,-123.040387,230.0,"6426 Kerr Str, Vancouver, BC",Vancouver,Daycare
Killarney Secondary,49.2255845,-123.0441489,2200.0,"6454 Killarney St, Vancouver, BC",Vancouver,Secondary Public School
Kilmer Children's Centre Inc.,49.24427,-122.772308,288.0,"1592 Knappen St, Port Coquitlam, BC",Port Coquitlam,Daycare
Kim's Daycare,49.127075,-122.913992,307.0,"11157 Huff Blvd, Delta, BC",Delta,Daycare
Kimberley Alternate School,49.6826037,-115.9806203,,"214 7th Avenue, Invermere, BC",Invermere,Secondary Public School
Kimberley Independent School,49.665281,-115.967021,275.0,"73 101 Ave, Kimberley, BC",Kimberley,Daycare
Kimberley Independent School,49.6652812,-115.9670209,,"73 101 Ave, Kimberley, BC",Kimberley,Elementary Independent School
Kiminy Kricket's Family Childcare,48.577691,-123.458063,169.0,"7193 Hagan Rd, Brentwood Bay, BC",Brentwood Bay,Daycare
Kims Home Daycare,48.486579,-123.389576,197.0,"858 Pepin Cres, Victoria, BC",Victoria,Daycare
Kin Outdoor Learning Centre,49.031451,-122.713112,297.0,"1614 184 St, Surrey, BC",Surrey,Daycare
Kindale Child Care Centre,50.446433,-119.19414,241.0,"2725 Patterson Ave, Armstrong, BC",Armstrong,Daycare
Kinder Heart Montessori - Osprey,49.201932,-122.681014,203.0,"101/102/103/104 10957 Barnston View, Pitt Meadows, BC",Pitt Meadows,Daycare
Kinder Joy Daycare,49.274866,-122.8815,161.0,"406 Glencoe Dr, Port Moody, BC",Port Moody,Daycare
Kinder Kampus - Eagle Mountain Middle School,49.301781,-122.838784,103.0,"110 Dogwood Dr, Anmore, BC",Anmore,Daycare
Kinder Kampus - Heritage Mountain,49.302025,-122.829782,138.0,"103-300 Panorama Pl, Port Moody, BC",Port Moody,Daycare
Kinder Kampus - Heritage Mountain Community Centre,49.300609,-122.804247,121.0,"200 Panorama Pl, Port Moody, BC",Port Moody,Daycare
Kinder Kampus - Old Orchard Hall,49.2902,-122.845146,142.0,"646 Bentley Rd, Port Moody, BC",Port Moody,Daycare
Kinder Kampus - Pleasantside Elementary School,49.295098,-122.854151,188.0,"195 Barber St, Port Moody, BC",Port Moody,Daycare
Kinder Paradise Child Care Centre,49.290232,-122.806233,185.0,"2635 Walton Ave, Coquitlam, BC",Coquitlam,Daycare
Kinder Place Family Day Care,49.389176,-123.541377,200.0,"174 Grandview Heights Rd, Gibsons, BC",Gibsons,Daycare
Kinder Play Child Care,50.708535,-119.258719,196.0,"1170 22 St Ne, Salmon Arm, BC",Salmon Arm,Daycare
Kinder Play Child Care Canoe Centre,50.752678,-119.225979,180.0,"7210 51 St Ne, Salmon Arm, BC",Salmon Arm,Daycare
Kinder Time Daycare,49.147334,-122.298987,158.0,"7993 Dunsmuir St, Mission, BC",Mission,Daycare
Kinder Years Childcare,49.332605,-123.173169,250.0,"2264 Gordon Ave, West Vancouver, BC",West Vancouver,Daycare
Kinder's Cove Early Learning And Discovery Centre,49.853919,-119.642478,285.0,"2680 Copper Ridge Dr, West Kelowna, BC",West Kelowna,Daycare
Kinderbees Early Learning Centre,49.309598,-123.069567,199.0,"350 2Nd St E, North Vancouver, BC",North Vancouver,Daycare
Kinderbees Early Learning Centre,49.309598,-123.069567,261.0,"350 2Nd St E, North Vancouver, BC",North Vancouver,Daycare
Kindercare,49.102379,-117.819391,217.0,"4300 Red Mountain Rd, Rossland, BC",Rossland,Daycare
Kindercube Daycare Limited,49.221412,-122.629042,239.0,"12083 Mcintyre Crt, Maple Ridge, BC",Maple Ridge,Daycare
Kinderfarm Daycare,50.25868,-119.238608,111.0,"2220 Francis St, Vernon, BC",Vernon,Daycare
Kinderhaus Learning Academy Inc.,49.323449,-123.11535,163.0,"1585 Macgowan Ave, North Vancouver, BC",North Vancouver,Daycare
Kinderhaus Learning Academy Inc.,49.323449,-123.11535,231.0,"1585 Macgowan Ave, North Vancouver, BC",North Vancouver,Daycare
Kinderheart Montessori Lakeview,49.860205,-119.551393,298.0,"865 Anders Rd, West Kelowna, BC",West Kelowna,Daycare
Kinderheart Montessori-Children's House,49.201931,-122.68041,150.0,"201-10958 Barnston View Rd, Pitt Meadows, BC",Pitt Meadows,Daycare
Kinderville Childcare Ltd,49.040941,-122.792033,201.0,"15524 Madrona Dr, Surrey, BC",Surrey,Daycare
Kindly Kids Land Center,49.262229,-122.810065,206.0,"2989 Cove Pl, Coquitlam, BC",Coquitlam,Daycare
King David High School,49.2334668,-123.1227544,,"5718 Willow St, Vancouver, BC",Vancouver,Secondary Independent School
King George Secondary,49.2901539,-123.1361024,375.0,"1755 Barclay St, Vancouver, BC",Vancouver,Elementary Public School
King Traditional Elementary,49.0306627,-122.427847,240.0,"28776 King Rd, Abbotsford, BC",Abbotsford,Elementary Public School
King's Christian Preschool,50.704687,-119.249368,173.0,"3151 6 Ave Ne, Salmon Arm, BC",Salmon Arm,Daycare
King's Christian School,50.7021334,-119.2504281,,"350b 30 St Ne, Salmon Arm, BC",Salmon Arm,Elementary-Secondary Independent School
Kingdom Treasures Child Care Center,48.779325,-123.689367,189.0,"930 Trunk Rd, Duncan, BC",Duncan,Daycare
Kingfisher Preschool,48.381939,-123.723931,286.0,"6672 Wadams Way, Sooke, BC",Sooke,Daycare
Kings And Queens Child Care Centre Inc.,49.195131,-122.847888,198.0,"13508 106 Ave, Surrey, BC",Surrey,Daycare
Kings And Queens Day Care,49.200734,-122.861275,248.0,"13028 109 Ave, Surrey, BC",Surrey,Daycare
Kingsway Christian Children's Centre,49.23303,-123.014259,308.0,"4061 Kingsway, Burnaby, BC",Burnaby,Daycare
Kingsway Christian Children's Centre - Clubhouse,49.233536,-123.014934,274.0,"4045 Kingsway, Burnaby, BC",Burnaby,Daycare
Kingswood Elementary,49.1454227,-123.0953958,295.0,"11511 King Rd, Richmond, BC",Richmond,Elementary Public School
Kinnaird Elementary,49.288242,-117.6543614,375.0,"2273 10 Ave, Castlegar, BC",Castlegar,Elementary Public School
Kinnikinnick Elementary,49.4910946,-123.7761038,470.0,"PO Box 142, Sechelt, BC",Sechelt,Elementary Public School
Kinnikinnick Seamless Day Before & After School Care,49.491095,-123.776104,245.0,"6030 Lighthouse Ave, Sechelt, BC",Sechelt,Daycare
Kinnikinnik Childcare Centre,49.711886,-124.909034,327.0,"1525 Military Row, Lazo, BC",Lazo,Daycare
Kinvig Early Learning Centre,49.131075,-122.82758,161.0,"14247 70A Ave, Surrey, BC",Surrey,Daycare
Kinvig Out Of School Care,49.131007,-122.854671,144.0,"13266 70B Ave, Surrey, BC",Surrey,Daycare
Kirkbride Elementary,49.1701924,-122.8856977,490.0,"12150 92 Ave, Surrey, BC",Surrey,Elementary Public School
Kirsty's Daycare,49.841042,-119.600332,186.0,"3615 Veranda Crt, Westbank, BC",Westbank,Daycare
Kispiox Community School,55.3559178,-127.6874791,,"1439 Mary Blackwater Dr, Kispiox, BC",Kispiox,Elementary Independent School
Kit's Cottage Day Care,49.267264,-123.170878,162.0,"2926 5Th Ave W, Vancouver, BC",Vancouver,Daycare
Kit's Kids Club,49.265906,-123.158063,167.0,"2305 7Th Ave W, Vancouver, BC",Vancouver,Daycare
Kitasoo Xai'xais Child Care Centre,52.592682,-128.523514,214.0,"115 Eagle Rd, Klemtu, BC",Klemtu,Daycare
Kitchener Elementary,49.2729736,-123.0152813,465.0,"1351 Gilmore Ave, Burnaby, BC",Burnaby,Elementary Public School
Kitchener School Age Care,49.272919,-123.01538,292.0,"1351 Gilmore Ave, Burnaby, BC",Burnaby,Daycare
Kitchener ymca Kids Club,49.250586,-123.18024,178.0,"3455 King Edward Ave W, Vancouver, BC",Vancouver,Daycare
Kitimat City High,54.0568716,-128.6435065,200.0,"1426 Cormorant St, Kitimat, BC",Kitimat,Secondary Public School
Kitsilano Area Childcare Centre,49.26664,-123.151554,193.0,"2041 6Th Ave W, Vancouver, BC",Vancouver,Daycare
Kitsilano Neighbourhood House Hudson Preschool,49.272237,-123.150199,241.0,"1530 Maple St, Vancouver, BC",Vancouver,Daycare
Kitsilano Neighbourhood House Hudson School Age Care,49.272237,-123.150199,183.0,"1530 Maple St, Vancouver, BC",Vancouver,Daycare
Kitsilano Secondary,49.2621115,-123.1636044,1500.0,"2706 Trafalgar St, Vancouver, BC",Vancouver,Elementary Public School
Kitty's Korner,53.91385,-122.812072,337.0,"1117 Limestone Cres, Prince George, BC",Prince George,Daycare
Kitwanga Elementary,55.1174595,-128.0139392,320.0,"PO Box 88, Kitwanga, BC",Kitwanga,Elementary Public School
Kiwanis Child Care Centre,55.756756,-120.231232,222.0,"10401 10 St, Dawson Creek, BC",Dawson Creek,Daycare
Kiwassa In Norah Davis (Kind) Out Of School Care,49.281819,-123.057277,320.0,"2320 Franklin St, Vancouver, BC",Vancouver,Daycare
Kiwassa Out Of School Care,49.286005,-123.055856,130.0,"2425 Oxford St, Vancouver, BC",Vancouver,Daycare
Kiwassa-Longhouse Out Of School Care Program,49.282319,-123.052392,309.0,"2595 Franklin St, Vancouver, BC",Vancouver,Daycare
Kiwi Childcare Centre,49.160799,-122.773051,199.0,"8688 162 St, Surrey, BC",Surrey,Daycare
Kiwi Kare Family Daycare,49.343979,-123.038378,265.0,"3763 Mountain Hwy, North Vancouver, BC",North Vancouver,Daycare
Klarissa's Learning Center,49.230797,-123.094299,217.0,"490 49E Av E, Vancouver, BC",Vancouver,Daycare
Kleos Open Learning,49.8851255,-119.4980485,,"101-460 Doyle Ave., Kelowna, BC",Kelowna,Elementary-Secondary Independent School
Klover Kidz Learning Center,49.118079,-122.72324,136.0,"18011 63B Ave, Surrey, BC",Surrey,Daycare
Klub Kelvin Out-Of-School Care,49.210863,-122.929894,217.0,"1010 Hamilton St, New Westminster, BC",New Westminster,Daycare
Knowledge Castle Childcare,49.279187,-122.744708,293.0,"3731 Evergreen St, Port Coquitlam, BC",Port Coquitlam,Daycare
Knox Kids Co.,49.919014,-119.435495,187.0,"228 Valley Rd, Kelowna, BC",Kelowna,Daycare
Kolobok Family Child Care,49.238323,-123.08388,237.0,"5097 Elgin St, Vancouver, BC",Vancouver,Daycare
Komox Kids Care,49.7095,-124.914376,127.0,"1475 Salmonberry Dr, Comox, BC",Comox,Daycare
Kool Cats Family Care,53.849357,-122.765245,186.0,"8008 Malaspina Ave, Prince George, BC",Prince George,Daycare
Kool Cats Kid Care And Kool Cats Preschool,53.858187,-122.762041,172.0,"6989 Gladstone Dr, Prince George, BC",Prince George,Daycare
Kool Catz Family Child Care,49.230284,-122.986756,275.0,"48-5955 Oakdale Rd, Burnaby, BC",Burnaby,Daycare
Kool Kids Child Care,49.17247,-122.793699,265.0,"15479 93Rd Ave, Surrey, BC",Surrey,Daycare
Kool Kidz,50.63628,-120.362988,246.0,"817 Regent Cres, Kamloops, BC",Kamloops,Daycare
Kootenay Christian Academy,49.5240732,-115.7431499,,"1200 Kootenay St N, Cranbrook, BC",Cranbrook,Elementary-Secondary Independent School
Kootenay Christian Academy Preschool,49.522723,-115.744421,125.0,"1200 Kootenay St N, Cranbrook, BC",Cranbrook,Daycare
Kootenay Columbia Secondary,49.0978854,-117.6942633,125.0,"2001 Third Ave, Trail, BC",Trail,Secondary Public School
Kootenay Discovery School,49.5058867,-115.0583102,,"802 2nd Ave, Fernie, BC",Fernie,Elementary-Secondary Public School
Kootenay Educational Services,49.5133581,-115.7582117,,"25 17th Ave N, Cranbrook, BC",Cranbrook,Secondary Public School
Kootenay Kinderschool,49.489494,-117.290555,186.0,"523 Mill St, Nelson, BC",Nelson,Daycare
Kootenay Orchards Elementary,49.4957315,-115.7555554,240.0,"1301 - 20th Ave S, Cranbrook, BC",Cranbrook,Elementary Public School
Kootenay River Secondary,49.094471,-116.5043265,725.0,"223 18th Ave S, Creston, BC",Creston,Secondary Public School
Kootenay Street Clubhouse,49.520912,-115.755993,189.0,"918 Kootenay St N, Cranbrook, BC",Cranbrook,Daycare
Kootenay Valley Christian School,49.1086034,-116.5289534,,"1152 21 Hwy N, Creston, BC",Creston,Elementary Jr. Secondary Independent School
Kory's Family Child Care,49.193387,-123.959248,164.0,"20 White Eagle Terr, Nanaimo, BC",Nanaimo,Daycare
Kuddles Early Infant Stimulation Centre,49.336941,-123.125435,152.0,"370 Mathers Ave, West Vancouver, BC",West Vancouver,Daycare
Kuddles Early Infant Stimulation Centre,49.33703,-123.125457,141.0,"370 Mathers Ave, West Vancouver, BC",West Vancouver,Daycare
Kuddles Early Infant Stimulation Centre Ltd.,49.309029,-123.032556,238.0,"407 Mountain Hwy, North Vancouver, BC",North Vancouver,Daycare
Kuddles Early Infant Stimulation Centre Ltd.,49.324088,-123.112972,136.0,"1396 Marine Dr, North Vancouver, BC",North Vancouver,Daycare
Kuddles Early Infant Stimulation Centre Ltd.,49.324088,-123.112972,192.0,"1396 Marine Dr, North Vancouver, BC",North Vancouver,Daycare
Kumsheen ShchEma-meet,50.2215818,-121.5765498,,"PO Box 60, Lytton, BC",Lytton,Elementary-Secondary Public School
Kw'íyeqel Secondary,49.1633073,-121.947882,,"8855 Elm Dr, Chilliwack, BC",Chilliwack,Secondary Public School
Kwadacha Daycare,57.423062,-125.62713,207.0,"Band 610, Ware, BC",Ware,Daycare
Kwalikum Secondary,49.3477086,-124.4344747,900.0,"266 Village Way, Qualicum Beach, BC",Qualicum Beach,Secondary Public School
Kwantlen Park Secondary,49.1922161,-122.8566742,1200.0,"10441 132 St, Surrey, BC",Surrey,Elementary Public School
Kyuquot Elementary Secondary,50.069314,-127.34913,100.0,"General Delivery, Kyuquot, BC",Kyuquot,Elementary-Secondary Public School
L V Rogers Secondary,49.5011502,-117.2721215,725.0,"1004 Cottonwood Street, Nelson, BC",Nelson,Secondary Public School
L'Ecole Bilingue Elementary,49.2583142,-123.1303618,485.0,"1166 W 14th Ave, Vancouver, BC",Vancouver,Elementary Public School
L'ecole Bilingue Kindercare And Les Grands Enfants,49.258314,-123.130362,147.0,"Rm 160A - 1166 14Th Ave W, Vancouver, BC",Vancouver,Daycare
L'il Monsters Daycare,53.916121,-122.815843,308.0,"921 Ochakwin Cres, Prince George, BC",Prince George,Daycare
L'il Peanuts Daycare,48.797774,-123.729864,220.0,"6418 Herons Pl, Duncan, BC",Duncan,Daycare
L.A. Matheson Secondary,49.1752903,-122.8843961,1400.0,"9484 122 St, Surrey, BC",Surrey,Secondary Public School
La Calypso,49.265598,-123.140091,204.0,"1555 7Th Ave W, Vancouver, BC",Vancouver,Daycare
La Confluence,51.2963434,-116.9609953,95.0,"820 11 Ave S, Golden, BC",Golden,Elementary Public School
La Garde Scolaire Les Matelots,49.151139,-123.163639,181.0,"8580 Kilgour Pl, Richmond, BC",Richmond,Daycare
La Garderie,49.258314,-123.130362,143.0,"Rm 160 B - 1166 W 14Th, Vancouver, BC",Vancouver,Daycare
La Garderie Saute-Mouton,48.432033,-123.401318,169.0,"637 Head St, Victoria, BC",Victoria,Daycare
La Garderie/Prematernelle Les Moussaillons,49.151139,-123.163639,172.0,"8580 Kilgour Pl, Richmond, BC",Richmond,Daycare
La Grande-Ourse,54.7786947,-127.1576905,70.0,"3344 3rd Ave, Smithers, BC",Smithers,Elementary Public School
La Maison,49.333513,-123.131371,199.0,"595 Burley Dr, West Vancouver, BC",West Vancouver,Daycare
La Maison Montessori Comox,49.75644,-124.961996,199.0,"1936 Bates Rd, Courtenay, BC",Courtenay,Daycare
La Passerelle,50.0861953,-123.0215632,120.0,"1509 Spring Creek Dr, Whistler, BC",Whistler,Elementary Public School
La Paz Early Learning Center,49.064838,-122.813114,149.0,"3446 147A St, Surrey, BC",Surrey,Daycare
La Paz Early Learning Center Inc,49.120608,-122.731117,237.0,"6525 177B St, Surrey, BC",Surrey,Daycare
La Petite Ecole,49.243621,-123.194998,60.0,"4037 32Nd Ave W, Vancouver, BC",Vancouver,Daycare
La Petite France,49.274344,-123.024952,111.0,"3667 William St, Vancouver, BC",Vancouver,Daycare
La Pre-Maternelle Appletree Preschool,48.428511,-123.417628,242.0,"500 Admirals Rd, Victoria, BC",Victoria,Daycare
La Prematernelle Francophone Trottin-Trottinette,49.33795,-123.078135,195.0,"380 Kings Rd W, North Vancouver, BC",North Vancouver,Daycare
La Prematernelle Francophone Trottin-Trottinette(<36Months),49.337976,-123.078371,130.0,"380 Kings Rd W, North Vancouver, BC",North Vancouver,Daycare
La Prematernelle Francophone Trottin-Trottinette(School Age),49.337976,-123.078371,163.0,"380 Kings Rd W, North Vancouver, BC",North Vancouver,Daycare
La Vallee,50.3190836,-122.8037567,145.0,"1410 Portage Rd, Pemberton, BC",Pemberton,Elementary Jr. Secondary Public School
La Verendrye,49.1222386,-122.0057251,170.0,"6610 Lickman Rd, Chilliwack, BC",Chilliwack,Elementary Jr. Secondary Public School
La Vie Est Belle Childcare Centre,49.231861,-122.785907,194.0,"1103 Confederation Dr, Port Coquitlam, BC",Port Coquitlam,Daycare
Lac La Hache Elementary,51.8186098,-121.48234,95.0,"PO Box 128, Lac La Hache, BC",Lac La Hache,Elementary Public School
Lacy's Littles,55.748925,-120.244613,170.0,"1501 111 Ave, Dawson Creek, BC",Dawson Creek,Daycare
Ladner Animal Crackers,49.096445,-123.071431,274.0,"5160 Central Ave, Delta, BC",Delta,Daycare
Ladner Community Centre,49.089092,-123.082532,126.0,"4734 51 St, Delta, BC",Delta,Daycare
Ladner Elementary,49.0821012,-123.0856597,670.0,"5016 44 Ave, Delta, BC",Delta,Elementary Public School
Ladner Grown Daycare,49.094094,-123.048677,184.0,"6307 Crescent Pl, Delta, BC",Delta,Daycare
Lady Bug Club Family Child Care,48.787112,-123.724384,209.0,"5973 Stonehaven Dr, Duncan, BC",Duncan,Daycare
Lady Bug Family Childcare,49.283794,-123.138066,178.0,"100-1250 Nicola St, Vancouver, BC",Vancouver,Daycare
Lady Bugs Daycare,49.859445,-124.514837,165.0,"5288 Armstrong Crt, Powell River, BC",Powell River,Daycare
Lady Grey Elementary,51.2956813,-116.9721455,270.0,"PO Box 899, Golden, BC",Golden,Elementary Public School
Ladybird Group Daycare,49.119714,-122.920761,160.0,"6424 109 St, Delta, BC",Delta,Daycare
Ladybird Montessori Learning Academy,49.281452,-122.793883,118.0,"2-1180 Pinetree Way, Coquitlam, BC",Coquitlam,Daycare
Ladybird Montessori Learning Academy,49.281471,-122.793923,170.0,"8-1180 Pinetree Way, Coquitlam, BC",Coquitlam,Daycare
Ladybug Child Care,48.437966,-123.34052,197.0,"2665 Asquith St, Victoria, BC",Victoria,Daycare
Ladybug Child Care & Learning Centre,49.138869,-123.097883,140.0,"10200 Seacote Rd, Richmond, BC",Richmond,Daycare
Ladybug Landing Child Care Centre,50.699543,-119.253687,197.0,"140 27 St Se, Salmon Arm, BC",Salmon Arm,Daycare
Ladybug Landing Preschool,49.067202,-122.344067,211.0,"31789 Thornhill Pl, Abbotsford, BC",Abbotsford,Daycare
Ladysmith Intermediate,48.9934242,-123.8239841,300.0,"PO Box 849, Ladysmith, BC",Ladysmith,Elementary Public School
Ladysmith Primary,48.989128,-123.8240778,235.0,"510 6th Avenue, Ladysmith, BC",Ladysmith,Elementary Public School
Ladysmith Secondary,48.9901244,-123.8278377,800.0,"PO Box 190, Ladysmith, BC",Ladysmith,Secondary Public School
Lael Academy,49.252962,-122.984318,66.0,"5467 Hardy Crt, Burnaby, BC",Burnaby,Daycare
Lahso Child Care,49.027735,-122.789223,122.0,"15631 Thrift Ave, White Rock, BC",White Rock,Daycare
Laity View Active Kids Club,49.227211,-122.637708,85.0,"21023 123Rd Ave, Maple Ridge, BC",Maple Ridge,Daycare
Laity View Elementary,49.2270867,-122.6376242,710.0,"21023 123 Ave, Maple Ridge, BC",Maple Ridge,Elementary Public School
Lake City Secondary,52.1361973,-122.1402319,1700.0,"640 Carson Drive, Williams Lake, BC",Williams Lake,Elementary Public School
Lake Country Bloom Academy,50.030512,-119.406039,243.0,"10162 Newene Rd, Lake Country, BC",Lake Country,Daycare
Lake Cowichan Elementary,48.8216284,-124.0567318,300.0,"PO Box 40, Lake Cowichan, BC",Lake Cowichan,Elementary Public School
Lake Cowichan Secondary,48.8216284,-124.0567318,400.0,"PO Box 40, Lake Cowichan, BC",Lake Cowichan,Elementary Public School
Lake Hill Elementary,48.4783771,-123.3656347,340.0,"1031 Lucas Ave, Victoria, BC",Victoria,Elementary Public School
Lake Town Littles,48.831813,-124.045099,216.0,"200 Johnson Place, Lake Cowichan, BC",Lake Cowichan,Daycare
Lake Trail Childcare Centre,49.681374,-125.010055,234.0,"805 Willemar Ave, Courtenay, BC",Courtenay,Daycare
Lake Trail Community,49.6813744,-125.0100551,500.0,"805 Willemar Ave, Courtenay, BC",Courtenay,Middle School Public School
Lakehill Preschool Co-Op,48.463406,-123.338982,138.0,"3821 Cedar Hill X Rd, Victoria, BC",Victoria,Daycare
Lakepoint Childcare And Learning Centre Inc.,48.446275,-123.534203,249.0,"205-1331 Westhills Dr, Langford, BC",Langford,Daycare
Lakes District Secondary,54.2347519,-125.7693295,550.0,"Box 3000, Burns Lake, BC",Burns Lake,Secondary Public School
Lakes Learning Centre,54.233416,-125.763681,,"PO Box 3000, Burns Lake, BC",Burns Lake,Secondary Public School
Lakeshore Childcare,49.07262,-121.975751,166.0,"71 Sunnyside Blvd, Cultus Lake, BC",Cultus Lake,Daycare
Lakeshore Out Of School Care,49.822344,-119.48813,217.0,"4409 Lakeshore Rd, Kelowna, BC",Kelowna,Daycare
Lakeside Kinderhaus,49.817186,-119.499192,131.0,"429 Collett Rd, Kelowna, BC",Kelowna,Daycare
Lakeside Montessori,49.507535,-117.279609,141.0,"903B Nelson Ave, Nelson, BC",Nelson,Daycare
Lakeside School Kelowna,49.8171862,-119.4991918,,"429 Collett Rd, Kelowna, BC",Kelowna,Elementary Independent School
Lakeview Christian Preschool/Daycare,48.532117,-123.386367,148.0,"729 Cordova Bay Rd, Victoria, BC",Victoria,Daycare
Lakeview Christian School,48.5321173,-123.3863668,,"729 Cordova Bay Rd, Victoria, BC",Victoria,Elementary Jr. Secondary Independent School
Lakeview Elementary,49.2301643,-122.9456956,290.0,"7777 Mayfield St, Burnaby, BC",Burnaby,Elementary Public School
Lakeview Elementary,52.9542878,-122.444604,245.0,"1525 Beryl St, Quesnel, BC",Quesnel,Elementary Public School
Lakewood Elementary,48.4658234,-123.5068383,380.0,"2363 Setchfield Ave, Victoria, BC",Victoria,Elementary Public School
Lambrick Park Secondary,48.4793777,-123.3299449,725.0,"4139 Torquay Dr, Victoria, BC",Victoria,Secondary Public School
Lamrc Afterschool Program,50.59627,-126.935503,240.0,"A 49 Atli Rd, Alert Bay, BC",Alert Bay,Daycare
Langara Learning Center,49.223534,-123.103014,174.0,"142 51St Ave E, Vancouver, BC",Vancouver,Daycare
Langara Stars Multi-Age Daycare,49.217516,-123.116295,236.0,"7430 Cambie St, Vancouver, BC",Vancouver,Daycare
Langdale Daycare,49.43202,-123.479761,273.0,"1347 Marine Dr, Gibsons, BC",Gibsons,Daycare
Langdale Elementary,49.4391775,-123.4786125,145.0,"PO Box 280, Gibsons, BC",Gibsons,Elementary Public School
Langford Montessori Junior Kindergarten,48.44131,-123.518977,161.0,"1033 Jenkins Ave, Victoria, BC",Victoria,Daycare
Langley Christian School,49.0874976,-122.5892878,,"22930 48 Ave, Langley, BC",Langley,Elementary-Secondary Independent School
Langley Education Centre,49.1044394,-122.6289542,,"21405a 56 Ave, Langley, BC",Langley,Secondary Public School
Langley Fine Arts School,49.1681543,-122.5869218,900.0,"9096 Trattle St, Fort Langley, BC",Fort Langley,Elementary-Secondary Public School
Langley Forest School,49.163507,-122.583588,238.0,"8870 Glover Rd, Langley, BC",Langley,Daycare
Langley Fundamental Elementary,49.0938752,-122.6202716,465.0,"21789 50 Ave, Langley, BC",Langley,Elementary Public School
Langley Fundamental Middle/Secondary Sch,49.0774461,-122.6349455,775.0,"21250 42 Ave, Langley, BC",Langley,Elementary-Secondary Public School
Langley Meadows Community Association Out Of School Program,49.121102,-122.672128,136.0,"2244 Willoughby Way, Langley, BC",Langley,Daycare
Langley Meadows Elementary,49.1211058,-122.672134,440.0,"2244 Willoughby Way, Langley, BC",Langley,Elementary Public School
Langley Online and Distributed Learning,49.1054484,-122.6289222,,"21405a 56 Ave, Langley, BC",Langley,Secondary Public School
Langley Secondary,49.1054484,-122.6289222,800.0,"21405 56 Ave, Langley, BC",Langley,Secondary Public School
Language Arts Early Learning,49.230986,-122.905383,180.0,"8695 10Th Ave, Burnaby, BC",Burnaby,Daycare
Lansdowne Middle School,48.444906,-123.3297322,575.0,"1765 Lansdowne Rd, Victoria, BC",Victoria,Middle School Public School
Lariah's Little Learners Childcare,53.900322,-122.797773,193.0,"4110 Campbell Ave, Prince George, BC",Prince George,Daycare
Laronde Elementary,49.0360397,-122.8588221,490.0,"1880 Laronde Dr, Surrey, BC",Surrey,Elementary Public School
Larson Elementary,49.3338586,-123.0853959,415.0,"2605 Larson Rd, North Vancouver, BC",North Vancouver,Elementary Public School
Lasko Family Daycare,49.084568,-123.097891,201.0,"4540 44B Ave, Delta, BC",Delta,Daycare
Latimer Road Elementary,49.1114617,-122.6901909,515.0,"19233 60 Ave, Surrey, BC",Surrey,Elementary Public School
Laugh & Giggles Childcare Centre,49.126104,-122.721894,166.0,"18073 68 Ave, Surrey, BC",Surrey,Daycare
Laugh And Learn Children Branch Ii,49.172102,-121.945359,300.0,"9362 William St, Chilliwack, BC",Chilliwack,Daycare
Laugh And Learn Children Centre,49.205898,-122.906225,252.0,"101-335 Carnarvon St, New Westminster, BC",New Westminster,Daycare
Laugh And Learn Children Centre Branch,49.100184,-121.962297,234.0,"5412 Vedder Rd, Chilliwack, BC",Chilliwack,Daycare
Laugh And Learn Children Centre Branch Iii,49.122108,-121.977062,300.0,"6596 Evans Rd., Chilliwack, BC",Chilliwack,Daycare
Laugh And Learn Daycare,49.216285,-122.591272,199.0,"22762 Lougheed Hwy, Maple Ridge, BC",Maple Ridge,Daycare
Laugh And Learn Daycare,49.257854,-123.115816,273.0,"101-503 16Th Ave W, Vancouver, BC",Vancouver,Daycare
Laugh And Learn Family Childcare,49.059116,-122.482301,199.0,"3138 267A St, Aldergrove, BC",Aldergrove,Daycare
Laughing Together Family Daycare,54.757365,-127.163035,131.0,"1362 Hudson Bay Mountain Rd, Smithers, BC",Smithers,Daycare
Launchpad Early Learning Centre,49.283082,-122.807544,190.0,"2813 Glen Dr, Coquitlam, BC",Coquitlam,Daycare
Laura Lee's Little Learning Center,49.124613,-122.683052,199.0,"6652 195 St, Surrey, BC",Surrey,Daycare
Laura Secord Elementary,49.2617559,-123.0607886,690.0,"2500 Lakewood Dr, Vancouver, BC",Vancouver,Elementary Public School
Laurel Crescent Childcare,49.976648,-125.240301,232.0,"549 Laurel Cres, Campbell River, BC",Campbell River,Daycare
Laurie Middle School,49.5098449,-115.7552037,525.0,"1808 2nd St S, Cranbrook, BC",Cranbrook,Middle School Public School
Lavender Forest Child Care Center,49.269587,-122.800874,202.0,"979 Crystal Crt, Coquitlam, BC",Coquitlam,Daycare
Lavender Lily's Family Childcare,49.970678,-125.227437,197.0,"2241 Canterbury Lane, Campbell River, BC",Campbell River,Daycare
Lavington Elementary,50.2311747,-119.1050583,195.0,"9715 School Rd, Vernon, BC",Vernon,Elementary Public School
Lavington Elementary School,50.231206,-119.105124,264.0,"9715 School Rd, Coldstream, BC",Coldstream,Daycare
Lax Kxeen Elementary,54.318046,-130.309636,245.0,"PO Box 520 Stn Main, Prince Rupert, BC",Prince Rupert,Elementary Public School
Lcs Early Learning Programs,49.087498,-122.589288,272.0,"22930 48 Ave, Langley, BC",Langley,Daycare
Le Cerisier,49.275216,-123.052941,195.0,"1-2571 Napier St, Vancouver, BC",Vancouver,Daycare
Le Coin Des Petits,53.907998,-122.736563,251.0,"1752 Fir St, Prince George, BC",Prince George,Daycare
Le Jardin De Basile,49.443248,-123.723508,95.0,"5085 Davis Bay Rd, Sechelt, BC",Sechelt,Daycare
Le Jardin De Basile,49.473235,-123.792346,192.0,"6326 Norwest Bay Rd, Sechelt, BC",Sechelt,Daycare
Le Petit Hibou Preschool Society,49.839497,-119.655914,178.0,"3430 Webber Rd, West Kelowna, BC",West Kelowna,Daycare
Le Soleil Montessori Children's House,49.226076,-123.031859,148.0,"6318 Tyne St, Vancouver, BC",Vancouver,Daycare
Le Soleil Montessori Infant Community Ltd.,49.236045,-123.058394,227.0,"5398 Nanaimo St, Vancouver, BC",Vancouver,Daycare
Le' Lum' Uy' Lh,48.774361,-123.707365,106.0,"5588 River Rd, Duncan, BC",Duncan,Daycare
Lea's Cuddly Corner,49.244687,-122.781436,162.0,"1598 Elinor Cres, Port Coquitlam, BC",Port Coquitlam,Daycare
Leandra's Lil' Explorers,50.718953,-120.370355,144.0,"1883 Grouse Crt, Kamloops, BC",Kamloops,Daycare
Leanne's Lil Rugrats,49.392205,-119.602515,223.0,"162 Lakehill Rd, Kaleden, BC",Kaleden,Daycare
Leanne's Place Family Daycare,49.041587,-122.323498,237.0,"2065 Majestic Cres, Abbotsford, BC",Abbotsford,Daycare
Leap Forward,48.451025,-123.500016,99.0,"2758 Peatt Rd, Victoria, BC",Victoria,Daycare
Leap Forward,48.452093,-123.498518,174.0,"101-2717 Peatt Rd, Langford, BC",Langford,Daycare
Leap Forward Out Of School Care,49.170876,-122.909415,249.0,"9240 112Th St, Delta, BC",Delta,Daycare
Leapin Lizard's Daycare Parkway,49.471157,-119.5898,164.0,"265 Kinney Ave, Penticton, BC",Penticton,Daycare
Leapin Lizard's Daycares Inc. Camelot,49.485274,-119.556612,257.0,"1471 Allison Street, Penticton, BC",Penticton,Daycare
Leapin Lizard's Daycares Inc. Columbia,49.486036,-119.556505,177.0,"1437 Allison St, Penticton, BC",Penticton,Daycare
Leapin Lizard's Daycares Inc. West Bench,49.501105,-119.63116,127.0,"1604 West Bench Dr, Penticton, BC",Penticton,Daycare
Leaps & Bounds Childcare Center,49.225364,-122.679998,200.0,"19530 Park Rd, Pitt Meadows, BC",Pitt Meadows,Daycare
Leaps And Bounds Child Care Services,48.970221,-123.797833,284.0,"401 Ashwell Pl, Ladysmith, BC",Ladysmith,Daycare
Leaps And Bounds Family Child Care,48.470538,-123.297491,270.0,"2430 Alpine Cres, Victoria, BC",Victoria,Daycare
Learn & Play Preschool,49.290621,-122.766955,243.0,"1237 Beedie Dr, Coquitlam, BC",Coquitlam,Daycare
Learn And Play Daycare,49.22785,-123.103377,174.0,"111 47Th Ave E, Vancouver, BC",Vancouver,Daycare
Learn Inspire Thrive Childcare (Lit),49.171106,-122.801015,227.0,"9262 152 St, Surrey, BC",Surrey,Daycare
Learn N' Play Abbotsford,49.04795,-122.294295,150.0,"100-2525 mccallum Rd, Abbotsford, BC",Abbotsford,Daycare
Learn N' Play Childcare Centre,49.057334,-122.448037,140.0,"110-28040 Fraser Hwy, Abbotsford, BC",Abbotsford,Daycare
Learn N' Play Early Learning Centre Inc.,49.226939,-122.892906,246.0,"335 Columbia St E, New Westminster, BC",New Westminster,Daycare
Learn N' Play Home Daycare,49.936219,-119.359125,264.0,"3530 Weston Rd, Kelowna, BC",Kelowna,Daycare
Learn N' Play North Langley,49.175086,-122.665183,203.0,"2-9497 201 St, Langley, BC",Langley,Daycare
Learning Abc Infant & Toddler Daycare,49.139247,-122.677976,129.0,"19650 75A Ave, Langely, BC",Langely,Daycare
Learning Alternatives,49.1476812,-123.9509319,,"1270 Strathmore St, Nanaimo, BC",Nanaimo,Secondary Public School
Learning Circle Ocean Park Campus The,49.031463,-122.868413,259.0,"12761 16 Ave, Surrey, BC",Surrey,Daycare
Learning Circle mccallum Tower The,49.040929,-122.294607,226.0,"2151 mccallum Rd, Abbotsford, BC",Abbotsford,Daycare
Learning Express Early Learning Centre,49.135872,-122.6793,263.0,"19607 73A Ave, Langley, BC",Langley,Daycare
Learning For Little People Preschool,49.484513,-119.59407,287.0,"120 216 Hastings Ave, Penticton, BC",Penticton,Daycare
Learning Lab Kids Club,49.26951,-122.776789,220.0,"2255 Fraser Ave, Port Coquitlam, BC",Port Coquitlam,Daycare
Learning Ladder Childcare,49.156846,-122.901992,173.0,"8455 116 St, Delta, BC",Delta,Daycare
Learning Patch Children's Center,49.035217,-122.781174,177.0,"1845 King George Blvd, Surrey, BC",Surrey,Daycare
Learning Steps Daycare,49.288238,-122.801855,190.0,"1254 Johnson St, Coquitlam, BC",Coquitlam,Daycare
Learning Through Playing,56.247358,-120.83059,180.0,"9023 101 Ave, Fort St. John, BC",Fort St. John,Daycare
Learning Tree Montessori Day Care,49.1731,-122.974925,105.0,"22215 Garratt Dr, Richmond, BC",Richmond,Daycare
Learning Tree Preschool,48.434437,-123.493464,206.0,"2250 Sooke Rd, Victoria, BC",Victoria,Daycare
Learning Treehouse Daycare,49.150042,-122.932104,214.0,"10481 Santa Monica Dr, Delta, BC",Delta,Daycare
Learning Wonderland Daycare Center,49.135118,-122.313051,191.0,"32908 2Nd Ave, Mission, BC",Mission,Daycare
Learning Zone Childcare,49.163506,-122.790467,209.0,"8855 156 St, Surrey, BC",Surrey,Daycare
Leary Integrated Arts & Technology,49.1715977,-121.9207992,345.0,"9320 Walden St, Chilliwack, BC",Chilliwack,Elementary Public School
Lee's Li'l Rascals Childcare,49.144237,-122.905786,139.0,"7765 114A St, Delta, BC",Delta,Daycare
Leigh Elementary,49.2866512,-122.7517313,390.0,"1230 Soball St, Coquitlam, BC",Coquitlam,Elementary Public School
Leigh School Daycare,49.286634,-122.751717,129.0,"1230 Soball St, Coquitlam, BC",Coquitlam,Daycare
Len Wood Middle School,50.4403921,-119.2082115,525.0,"3700 Patten Dr, Armstrong, BC",Armstrong,Middle School Public School
Lena Shaw Elementary,49.1850161,-122.827135,830.0,"14250 100a Ave, Surrey, BC",Surrey,Elementary Public School
Lena Shaw Elementary - Just B4,49.185016,-122.827135,233.0,"14250 100A Ave, Surrey, BC",Surrey,Daycare
Lena's Daycare,53.906726,-122.740603,243.0,"1858 Ingledew St, Prince George, BC",Prince George,Daycare
Leq'á:Mel Iwesáwtxw Childcare Centre,49.208388,-122.026292,285.0,"62 Moq'wem Pl, Deroche, BC",Deroche,Daycare
Les Agneaux De Saute-Mouton,48.4323,-123.405244,270.0,"670 Lampson St, Victoria, BC",Victoria,Daycare
Les Aiglons,49.7067764,-123.1477687,220.0,"1150 Carson Place, Squamish, BC",Squamish,Elementary Jr. Secondary Public School
Les Bons Amis - Good Friends,49.279183,-123.135248,351.0,"414-1155 Pacific St, Vancouver, BC",Vancouver,Daycare
Les Grands Amis De Celine,49.180647,-123.977059,262.0,"1632 Bowen Rd, Nanaimo, BC",Nanaimo,Daycare
Les Melezes-dores,49.6924447,-115.9407439,45.0,"8687 95a Hwy, Kimberley, BC",Kimberley,Elementary Public School
Les Papillons,49.128389,-122.856909,164.0,"6887 132 St, Surrey, BC",Surrey,Daycare
Les Petit's Bout De Choux,49.145649,-123.184943,208.0,"3740 Raymond, Richmond, BC",Richmond,Daycare
Les Petits Artistes Montessori Centre,49.257397,-123.118065,244.0,"3146 Ash St, Vancouver, BC",Vancouver,Daycare
Les Petits Artistes Montessori Centre,49.257917,-123.117502,290.0,"3150 Ash St, Vancouver, BC",Vancouver,Daycare
Les Petits Aventuriers,49.738935,-123.126047,149.0,"2178 Skyline Dr, Garibaldi Highlands, BC",Garibaldi Highlands,Daycare
Les Petits De La Cote Du Soleil,49.833964,-124.523461,183.0,"4368 Michigan Ave, Powell River, BC",Powell River,Daycare
Les Petits Du Pacifique,49.473342,-123.763801,194.0,"5538 Shorncliffe Ave, Sechelt, BC",Sechelt,Daycare
Les Roudoudous Daycare,49.29318,-117.652262,334.0,"2116 Columbia Ave, Castlegar, BC",Castlegar,Daycare
Lesco Montessori Daycare,49.181202,-123.086235,229.0,"12720 Cameron Dr, Richmond, BC",Richmond,Daycare
Let Them Play Early Learning Centre,50.589722,-127.086142,213.0,"1595 Broughton Blvd, Port mcneill, BC",Port mcneill,Daycare
Let's Play Infant And Toddler Centre,50.724704,-127.507274,203.0,"9350 Granville St, Port Hardy, BC",Port Hardy,Daycare
Level Up Childcare Learning Centre,49.205734,-122.838016,291.0,"13859 Hansen Rd, Surrey, BC",Surrey,Daycare
Lfas Care Center,49.168154,-122.586922,204.0,"9096 Trattle St, Langley, BC",Langley,Daycare
Lfvas Childcare Centre,49.062746,-122.475076,328.0,"3300 270Th St, Langley, BC",Langley,Daycare
Li'l Acorn Childcare,49.047948,-122.316749,130.0,"2527 Gladwin Rd, Abbotsford, BC",Abbotsford,Daycare
Life Stars Child Care Corp.,49.26203,-122.757152,174.0,"1539 Angelo Ave, Port Coquitlam, BC",Port Coquitlam,Daycare
Lifeways Childcare,49.309818,-123.061715,242.0,"532 4Th St E, North Vancouver, BC",North Vancouver,Daycare
Lifeways Childcare,49.309818,-123.061715,245.0,"532 4Th St E, North Vancouver, BC",North Vancouver,Daycare
Lift Early Learning Centre,49.210289,-123.141356,78.0,"1518 W 68Th Ave, Vancouver, BC",Vancouver,Daycare
Lift Early Learning Centre,49.214563,-123.123569,194.0,"7768 Heather St, Vancouver, BC",Vancouver,Daycare
Lift Early Learning Centre,49.235864,-123.195975,184.0,"4069 40Th Ave W, Vancouver, BC",Vancouver,Daycare
Lift Early Learning Centre,49.2548,-123.162334,253.0,"2485 20Th Ave W, Vancouver, BC",Vancouver,Daycare
Lighthouse Childcare Center,49.223591,-122.632166,225.0,"12161 Laity St, Maple Ridge, BC",Maple Ridge,Daycare
Lighthouse Christian Academy,48.4381708,-123.5331542,,"1289 Parkdale Dr, Victoria, BC",Victoria,Elementary-Secondary Independent School
Likely Elem-Jr Secondary,52.6162242,-121.5584282,100.0,"PO Box 57, Likely, BC",Likely,Elementary Public School
Lil Amigos Daycare,50.716609,-127.505358,283.0,"9250 Elk Dr, Port Hardy, BC",Port Hardy,Daycare
Lil Bee's Family Child Care,49.245353,-123.067919,134.0,"4411 Commercial St, Vancouver, BC",Vancouver,Daycare
Lil Bloomers Childcare Centre,49.337978,-123.069024,97.0,"195 Windsor Rd E, North Vancouver, BC",North Vancouver,Daycare
Lil Bloomers Childcare Centre,49.337978,-123.069024,167.0,"195 East Windsor Rd, North Vancouver, BC",North Vancouver,Daycare
Lil Bloomers Daycare,49.5018,-115.76527,101.0,"517 12Th Ave S, Cranbrook, BC",Cranbrook,Daycare
Lil Charlie Browns Daycare,49.253163,-122.578446,99.0,"13822 232A St, Maple Ridge, BC",Maple Ridge,Daycare
Lil Clubhouse Childcare,49.186096,-123.098669,208.0,"11295 Mellis Dr, Richmond, BC",Richmond,Daycare
Lil Clubhouse Childcare,49.186096,-123.098669,212.0,"11295 Mellis Dr, Richmond, BC",Richmond,Daycare
Lil Hoppers Play Cafe,53.931266,-122.779937,178.0,"140-556 North Nechako Rd, Prince George, BC",Prince George,Daycare
Lil Monkeys Family Daycare,49.229123,-122.597695,220.0,"12505 Izon Crt, Maple Ridge, BC",Maple Ridge,Daycare
Lil Ones Early Learning Center,49.146867,-123.953077,169.0,"552 Nova St, Nanaimo, BC",Nanaimo,Daycare
Lil Prodigies Centre,49.27548,-122.955368,137.0,"7123 Curtis St, Burnaby, BC",Burnaby,Daycare
Lil Scholars Childcare,50.696747,-120.368694,170.0,"750 Cottonwood Ave, Kamloops, BC",Kamloops,Daycare
Lil Starz Childcare Inc.,48.460213,-123.388116,182.0,"3725 Tillicum Rd, Victoria, BC",Victoria,Daycare
Lil Tykes Daycare,49.669214,-115.974637,292.0,"350 Banks St, Kimberley, BC",Kimberley,Daycare
Lil Wildlings Daycare,49.875062,-119.400489,244.0,"725 Wayne Rd, Kelowna, BC",Kelowna,Daycare
Lil' Bloomers Childcare,49.890283,-119.388999,163.0,"215 Shepherd Rd, Kelowna, BC",Kelowna,Daycare
Lil' Boot Camp Day Care,48.780252,-123.737347,239.0,"3314 Gibbins Rd, Duncan, BC",Duncan,Daycare
Lil' Boundary Parker's Childcare,49.117566,-122.884962,227.0,"12227 Boundary Dr N, Surrey, BC",Surrey,Daycare
Lil' Chickadees Infant/Toddler Child Care Centre,49.137512,-123.117279,244.0,"9620 Snowdon Ave, Richmond, BC",Richmond,Daycare
Lil' Dancing Owls Educational Daycare,49.898641,-119.454858,204.0,"1896 Tronson Dr, Kelowna, BC",Kelowna,Daycare
Lil' Dreamers,49.122107,-123.926114,126.0,"2278 Kingsford Pl, Nanaimo, BC",Nanaimo,Daycare
Lil' Foot Childcare,50.659385,-120.358674,248.0,"1642 Springhaven Plc, Kamloops, BC",Kamloops,Daycare
Lil' Grownups Daycare,49.267472,-122.868174,256.0,"947 Blue Mountain St, Coquitlam, BC",Coquitlam,Daycare
Lil' Monkeys Family Childcare,49.238028,-123.019097,291.0,"3842 Hertford St, Burnaby, BC",Burnaby,Daycare
Lil' Quills Head Start/Daycare,50.674506,-121.934903,276.0,"818 99 South, Lillooet, BC",Lillooet,Daycare
Lil' Saints Early Learning Centre,49.074811,-123.078879,205.0,"3900 Arthur Dr, Delta, BC",Delta,Daycare
Lil'tiggers Day Home,49.288835,-124.432272,186.0,"2436 Grafton Ave, Coombs, BC",Coombs,Daycare
Lilac And Sage Child Care,54.191719,-125.561136,253.0,"13227 Stearns Sub Rd, Burns Lake, BC",Burns Lake,Daycare
Liliom Childcare,49.328903,-123.063352,171.0,"361 22Nd St E, North Vancouver, BC",North Vancouver,Daycare
Lillooet Secondary,50.6852569,-121.9421323,450.0,"PO Box 760, Lillooet, BC",Lillooet,Secondary Public School
Lilly Of The Valley,49.240563,-122.874714,135.0,"B-822 Quadling Ave, Coquitlam, BC",Coquitlam,Daycare
Lily Care Day Care,49.273708,-122.821461,275.0,"2546 Quay Pl, Coquitlam, BC",Coquitlam,Daycare
Lily Of The Valley Montessori Center,49.222724,-122.648842,241.0,"20645 120B Cres, Maple Ridge, BC",Maple Ridge,Daycare
Lily Pad Family Daycare,49.137092,-123.095464,186.0,"11591 Sealord Rd, Richmond, BC",Richmond,Daycare
Lily Pads Childcare Inc,49.113417,-122.804871,176.0,"15052 61 Ave, Surrey, BC",Surrey,Daycare
Limelight Childcare,49.338921,-123.083743,159.0,"547 St. James Rd W, North Vancouver, BC",North Vancouver,Daycare
Lincoln Park Childcare Centre,49.273161,-122.741816,162.0,"3369 Cornwall St, Port Coquitlam, BC",Port Coquitlam,Daycare
"Linda's ""Little People"" Family Daycare",49.874585,-119.487845,224.0,"2197 Richter St, Kelowna, BC",Kelowna,Daycare
Linda's After School Care,49.728534,-124.980304,180.0,"Green Annex 5120 Mottishaw Rd, Courtenay, BC",Courtenay,Daycare
Linda's Family Daycare,49.221983,-123.002812,120.0,"5-6797 Dow Ave, Burnaby, BC",Burnaby,Daycare
Lindsay Park Afterschool Program,49.692719,-115.983116,255.0,"602 Salmo St, Kimberley, BC",Kimberley,Daycare
Lindsay Park Elementary,49.6927192,-115.9831162,170.0,"602 Salmo St, Kimberley, BC",Kimberley,Elementary Public School
Lingo Childcare Centre,49.16983,-123.161009,289.0,"5660 Westminster Hwy, Richmond, BC",Richmond,Daycare
Lingo Rainbow Childcare Centre,49.16983,-123.161324,160.0,"6020 Dover Rd, Richmond, BC",Richmond,Daycare
Lions Bay Saplings,49.464215,-123.236636,190.0,"250 Bayview Rd, Lions Bay, BC",Lions Bay,Daycare
Lions Bay Saplings,49.464215,-123.236636,201.0,"250 Bayview Rd, Lions Bay, BC",Lions Bay,Daycare
Lions Bay Saplings,49.464215,-123.236636,297.0,"250 Bayview Rd, Lions Bay, BC",Lions Bay,Daycare
Lions Bay School,49.4642151,-123.2366359,95.0,"PO Box 220, Lions Bay, BC",Lions Bay,Elementary Public School
Lions Gate Christian Academy,49.3129328,-122.994553,,"919 Tollcross Rd, North Vancouver, BC",North Vancouver,Elementary-Secondary Independent School
Lions Park Montessori,49.265884,-122.778628,240.0,"50 2789 Shaughnessy St, Port Coquitlam, BC",Port Coquitlam,Daycare
Lisa's Busy Bees Childcare Ltd.,49.263109,-124.770833,222.0,"4890 Locke Rd, Port Alberni, BC",Port Alberni,Daycare
Lisa's Daycare,49.115022,-122.68653,259.0,"6195 Greenside Dr E, Surrey, BC",Surrey,Daycare
Lisa's Daycare,49.225608,-122.695289,182.0,"3-12267 190 St, Pitt Meadows, BC",Pitt Meadows,Daycare
Lisa's Daycare,53.9173,-122.805339,168.0,"4262 Merton Cres, Prince George, BC",Prince George,Daycare
Lisa's Family Daycare,50.105832,-120.801753,230.0,"1510 Fir Ave, Merritt, BC",Merritt,Daycare
Little Achievers Day Care,53.946227,-122.798001,255.0,"4188 Craig Dr, Prince George, BC",Prince George,Daycare
Little Acorn Care Centre,48.437032,-123.336965,166.0,"2629 Victor St, Victoria, BC",Victoria,Daycare
Little Acorns Junior Kindergarten & Child Care,49.030063,-122.780269,266.0,"1554 Stevens St, White Rock, BC",White Rock,Daycare
Little Adventurer Preschool,54.514155,-128.535356,139.0,"3091 Century St, Terrace, BC",Terrace,Daycare
Little Angel's Children Centre Ltd.,49.215981,-122.655991,191.0,"20387 Dale Dr, Maple Ridge, BC",Maple Ridge,Daycare
Little Angels Childcare,49.03207,-122.776291,280.0,"1648 King George Blvd, Surrey, BC",Surrey,Daycare
Little Angels Day Care,53.855035,-122.778118,261.0,"7538 Southridge Ave, Prince George, BC",Prince George,Daycare
Little Angels Daycare,49.745264,-123.134326,209.0,"42-40653 Tantalus Rd, Garibaldi Highlands, BC",Garibaldi Highlands,Daycare
Little Angels Daycare,56.250718,-120.866101,200.0,"11108 104A Ave, Fort St. John, BC",Fort St. John,Daycare
Little Arrows Vernon In-Home Multi-Age Child Care,50.302828,-119.233453,231.0,"6650 L & A Rd, Vernon, BC",Vernon,Daycare
Little Bam Bam's Licensed Daycare Facility,53.899282,-122.632063,110.0,"2108 Bittner Rd E, Prince George, BC",Prince George,Daycare
Little Bambinos Child Care,49.24728,-124.792729,183.0,"3973 Morton St, Port Alberni, BC",Port Alberni,Daycare
Little Bambinos Child Care,54.00597,-122.80366,334.0,"8263 Peter Rd, Prince George, BC",Prince George,Daycare
Little Beans Daycare,49.147814,-122.30741,257.0,"8021 Sykes St, Mission, BC",Mission,Daycare
Little Beans/Ucluelet Children's Centre,48.941572,-125.547364,241.0,"1604 Peninsula Rd, Ucluelet, BC",Ucluelet,Daycare
Little Bear Child Care,49.151329,-122.798305,188.0,"8180 153 St, Surrey, BC",Surrey,Daycare
Little Bear Child Care,49.2101,-123.127825,168.0,"8375 Fremlin St, Vancouver, BC",Vancouver,Daycare
Little Bear Daycare,49.583136,-119.67648,222.0,"8611 Pierre Dr, Summerland, BC",Summerland,Daycare
Little Bear Licensed Child Care,50.706358,-120.401469,194.0,"1076 Calmar Pl, Kamloops, BC",Kamloops,Daycare
Little Bears Early Childhood Education Centre,48.435218,-123.494041,194.0,"623 Kelly Rd, Victoria, BC",Victoria,Daycare
Little Beavers,49.18673,-122.815359,255.0,"14682 101A Ave, Surrey, BC",Surrey,Daycare
Little Beginners Childcare Centre Ltd,49.164959,-121.958481,167.0,"45840 Yale Rd, Chilliwack, BC",Chilliwack,Daycare
Little Bell Daycare Centre,49.21341,-122.950874,148.0,"101-7168 Stride Ave, Burnaby, BC",Burnaby,Daycare
Little Birds Academy Ltd.,49.106153,-122.661329,184.0,"20257 Fraser Hwy, Langley, BC",Langley,Daycare
Little Birds Child Care Centre,49.198552,-122.81368,96.0,"14750 108 Ave, Surrey, BC",Surrey,Daycare
Little Bits Of Joy Daycare,53.889061,-122.786855,310.0,"3194 Ospika Blvd S, Prince George, BC",Prince George,Daycare
Little Blessings Childcare Centre,49.285511,-122.743084,165.0,"1042 Victoria Dr, Port Coquitlam, BC",Port Coquitlam,Daycare
Little Blessings Daycare,53.853446,-122.781838,209.0,"8454 St Lawrence Ave, Prince George, BC",Prince George,Daycare
Little Blessings Early Learning Centre,49.165694,-121.93228,272.0,"46685 Ramona Dr, Chilliwack, BC",Chilliwack,Daycare
Little Bloomers,49.240823,-122.855141,205.0,"11-1383 Brunette Ave, Coquitlam, BC",Coquitlam,Daycare
Little Blooms Family Daycare,49.730764,-123.156006,219.0,"1038 Edgewater Crescent, Squamish, BC",Squamish,Daycare
Little Blossom Daycare,49.217608,-122.994492,141.0,"7283 Nelson Ave, Burnaby, BC",Burnaby,Daycare
Little Blossom's Family Daycare,49.601864,-119.68787,274.0,"11104 Young St, Summerland, BC",Summerland,Daycare
Little Blue Birds,49.68287,-125.036399,206.0,"46 Mills Rd, Courtenay, BC",Courtenay,Daycare
Little Blue Early Learning Centre,48.845066,-123.499199,173.0,"324 Fulford Ganges Rd, Salt Spring Island, BC",Salt Spring Island,Daycare
Little Boho Daycare,49.852391,-119.644757,191.0,"1-2730 Sugosa Pl, West Kelowna, BC",West Kelowna,Daycare
Little Boom Daycare,48.446485,-123.357161,193.0,"1115 Finlayson St, Victoria, BC",Victoria,Daycare
Little Branches Learning Childcare Centre,49.155585,-122.906552,196.0,"8378 114 St, Delta, BC",Delta,Daycare
Little Bright Learners,49.219673,-122.663202,189.0,"20145 119A Ave, Maple Ridge, BC",Maple Ridge,Daycare
Little Bright Minds Daycare,49.139904,-122.314632,176.0,"32858 7Th Ave, Mission, BC",Mission,Daycare
Little Bright Minds Preschool Ltd.,49.166928,-122.905382,140.0,"11451 90 Ave, Delta, BC",Delta,Daycare
Little Bubble's Daycare,49.122837,-122.668955,171.0,"2689 Wildwood Dr, Langley, BC",Langley,Daycare
Little Bubbles Child Care,49.168179,-122.879004,230.0,"9090 124 St, Surrey, BC",Surrey,Daycare
Little Bubz Daycare Inc,49.18328,-122.89859,105.0,"11689 99A Ave, Surrey, BC",Surrey,Daycare
Little Bugs Daycare,48.452972,-123.342791,112.0,"1435 Ocean View Pl, Victoria, BC",Victoria,Daycare
Little Bunnies Learning Center,49.337711,-123.082113,231.0,"496 Kings Rd W, North Vancouver, BC",North Vancouver,Daycare
Little Bunny,49.886075,-119.402036,210.0,"800 Dundee Rd, Kelowna, BC",Kelowna,Daycare
Little Busy Bee's,49.382347,-119.585777,137.0,"411 Linden Ave, Kaleden, BC",Kaleden,Daycare
Little Butterflies Daycare,49.27849,-122.806964,261.0,"16-2773 Barnet Hwy, Coquitlam, BC",Coquitlam,Daycare
Little Butterfly Montessori Childcare,49.258259,-122.951017,189.0,"2863 Southcrest Dr, Burnaby, BC",Burnaby,Daycare
Little Cabineers Childcare,50.236081,-119.106832,249.0,"6290 Highway 6, Coldstream, BC",Coldstream,Daycare
Little Cactus Central Daycare,49.167149,-123.159761,164.0,"6580 Bouchard Ct, Richmond, BC",Richmond,Daycare
Little Cactus Daycare Ltd,49.142519,-123.186517,197.0,"9311 Kirkmond Cres, Richmond, BC",Richmond,Daycare
Little Campus Montessori Preschool,48.474346,-123.381257,264.0,"765 Rogers Ave, Victoria, BC",Victoria,Daycare
Little Caterpillars Childcare & Preschool Inc,49.095643,-122.096306,226.0,"5137 Tolmie Rd, Abbotsford, BC",Abbotsford,Daycare
Little Cedar Montessori Preschool,49.250145,-123.072864,207.0,"1530 22Nd Ave E, Vancouver, BC",Vancouver,Daycare
Little Cedar School Age Care,49.250157,-123.07284,183.0,"1530 E 22Nd Ave, Vancouver, BC",Vancouver,Daycare
Little Cedar School Age Care - Commercial Street,49.253461,-123.067467,185.0,"3472 Commercial St, Vancouver, BC",Vancouver,Daycare
Little Champs Childcare,49.040478,-122.322371,221.0,"2124 Broadway St, Abbotsford, BC",Abbotsford,Daycare
Little Charm Daycare,49.213621,-122.99851,233.0,"4650 Neville St, Burnaby, BC",Burnaby,Daycare
Little Cherry Buds Daycare,49.120296,-121.975889,240.0,"6508 Tyson Rd, Chilliwack, BC",Chilliwack,Daycare
Little Chicks Early Learning Society,49.605156,-119.675598,177.0,"9105 Peach Orchard Rd, Summerland, BC",Summerland,Daycare
Little Chiefs Day Care,52.108878,-121.993482,163.0,"2659 Indian Dr, Williams Lake, BC",Williams Lake,Daycare
Little Children Family Daycare,49.241105,-122.981082,223.0,"5655 Cedarwood St, Burnaby, BC",Burnaby,Daycare
Little Children's Oasis Early Learning Daycare Centre,49.190983,-122.808001,199.0,"10371 149A St, Surrey, BC",Surrey,Daycare
Little Citizens Early Learning Centre,49.826423,-119.647378,312.0,"3718 Glenway Rd, West Kelowna, BC",West Kelowna,Daycare
Little Country Daycare,49.05061,-122.46761,168.0,"27316 26B Ave, Aldergrove, BC",Aldergrove,Daycare
Little Crayons Daycare,49.226966,-122.645969,214.0,"20770 123B Ave, Maple Ridge, BC",Maple Ridge,Daycare
Little Creations Childcare Centre,49.251665,-122.578814,210.0,"13716 232A St, Maple Ridge, BC",Maple Ridge,Daycare
Little Critters,50.251592,-118.961239,187.0,"2250 Shields Ave, Lumby, BC",Lumby,Daycare
Little Critters Childcare,50.245488,-118.649918,184.0,"1109 Hwy 6, Cherryville, BC",Cherryville,Daycare
Little Critters Childcare Centre,49.13551,-122.830073,96.0,"7298 141A St, Surrey, BC",Surrey,Daycare
Little Critters Family Daycare,48.479463,-123.399242,129.0,"4177 Carey Rd, Victoria, BC",Victoria,Daycare
Little Cub Daycare,50.270966,-119.250358,192.0,"3906 14 St, Vernon, BC",Vernon,Daycare
Little Cube Montessori Preschool & Kindergarten,49.270638,-122.790137,300.0,"106-3242 Westwood St, Port Coquitlam, BC",Port Coquitlam,Daycare
Little Cubs Daycare Centre,49.116091,-122.829451,189.0,"14186 62A Ave, Surrey, BC",Surrey,Daycare
Little Daisy Multi Age Childcare,49.226042,-123.122063,228.0,"738 49Th Ave W, Vancouver, BC",Vancouver,Daycare
Little Dandelions Childcare Centre Ltd.,56.247244,-120.85615,253.0,"10507 101 Ave, Fort St. John, BC",Fort St. John,Daycare
Little Deer Childcare,49.326124,-124.276457,238.0,"850 Ballenas Rd, Parksville, BC",Parksville,Daycare
Little Desert Dinos Early Learning Centre,50.68912,-120.34836,100.0,"225 Cypress Ave, Kamloops, BC",Kamloops,Daycare
Little Diamonds Multi-Age Childcare,49.318296,-123.116992,106.0,"1144 Maplewood Cres, North Vancouver, BC",North Vancouver,Daycare
Little Dino Childcare Centre,49.22615,-122.935334,246.0,"7929 19Th Ave, Burnaby, BC",Burnaby,Daycare
Little Dinosaurs Childcare,49.068079,-122.669846,193.0,"19988 36A Ave, Langley, BC",Langley,Daycare
Little Dinosaurs Childcare Centre,49.777629,-126.052374,244.0,"396 Nimpkish Dr, Gold River, BC",Gold River,Daycare
Little Dolphins Daycare Ltd,49.280765,-122.787029,119.0,"107-1135 Pipeline Rd, Coquitlam, BC",Coquitlam,Daycare
Little Doodles Family Child Care,49.262735,-123.146727,104.0,"1826 10Th Ave W, Vancouver, BC",Vancouver,Daycare
Little Dove Childcare,49.192624,-123.106944,167.0,"10440 mclennan Pl, Richmond, BC",Richmond,Daycare
Little Dreamers,49.066706,-122.361634,87.0,"31150 Blueridge Dr, Abbotsford, BC",Abbotsford,Daycare
Little Dreamers Childcare Ltd,49.066695,-122.36163,163.0,"31150 Blueridge Dr, Abbotsford, BC",Abbotsford,Daycare
Little Dreamers Childcare Ltd.,49.068683,-122.356438,201.0,"31321 Blueridge Dr, Abbotsford, BC",Abbotsford,Daycare
Little Dreamers Childcare Ltd.,49.069309,-122.358912,218.0,"#140 - #150 - 3720 Townline Rd, Abbotsford, BC",Abbotsford,Daycare
Little Dreamers Childcare Ltd.,49.110188,-122.292956,266.0,"5930 Riverside St, Abbotsford, BC",Abbotsford,Daycare
Little Dreamers Preschool Ltd.,49.031544,-122.305323,60.0,"33165 King Rd, Abbotsford, BC",Abbotsford,Daycare
Little Duck Family Child Care,49.844328,-119.625661,197.0,"2410 Reece Rd, West Kelowna, BC",West Kelowna,Daycare
Little Ducklings Daycare,48.385764,-123.7286,140.0,"6724 Rhodonite Dr, Sooke, BC",Sooke,Daycare
Little Ducklings Daycare,49.220283,-123.099776,231.0,"7081 Sophia St, Vancouver, BC",Vancouver,Daycare
Little Ducklings Family Day Care,49.218792,-123.076599,290.0,"7228 Knight St, Vancouver, BC",Vancouver,Daycare
Little Ducklings Home Daycare,49.03688,-122.304764,248.0,"1920 Eagle St, Abbotsford, BC",Abbotsford,Daycare
Little Eagle Childcare Centre Ltd,49.248793,-122.834711,214.0,"200-2188 Austin Ave, Coquitlam, BC",Coquitlam,Daycare
Little Eagles Childcare - Centre For Excellence,49.250574,-122.986574,145.0,"3755 Banff Ave, Burnaby, BC",Burnaby,Daycare
Little Eden Child Care Center,49.245088,-123.021408,172.0,"3755 Fir St, Burnaby, BC",Burnaby,Daycare
Little Einstein 2,49.344882,-123.085376,113.0,"622 Croydon Pl, North Vancouver, BC",North Vancouver,Daycare
Little Einstein Children's Centre,49.239219,-123.019793,135.0,"5014 Smith Ave, Burnaby, BC",Burnaby,Daycare
Little Einstein Day Care (Annex Ii) Ltd,49.158733,-121.934412,237.0,"46610 Brooks Ave, Chilliwack, BC",Chilliwack,Daycare
Little Einstein Day Care Ltd.,49.173592,-121.925852,216.0,"9435 James St, Chilliwack, BC",Chilliwack,Daycare
Little Elephant Montessori Centre,49.150545,-122.63758,158.0,"8150 211 St, Langley, BC",Langley,Daycare
Little Explorer's Learning Centre,49.870165,-119.357814,184.0,"1470 Feedham Ave, Kelowna, BC",Kelowna,Daycare
Little Explorers Family Childcare,48.455457,-123.471185,198.0,"2311 Chilco Rd, Victoria, BC",Victoria,Daycare
Little Fawn Nursery - Head Start Program,50.674839,-120.301201,211.0,"360 Chief Alex Thomas Way, Kamloops, BC",Kamloops,Daycare
Little Feet Childcare Centre,49.129328,-122.918121,257.0,"11016 Westridge Pl, Delta, BC",Delta,Daycare
Little Fish Daycare,49.148929,-122.324173,200.0,"32510 Badger Ave, Mission, BC",Mission,Daycare
Little Fish Daycare,49.255118,-123.057335,224.0,"2319 17Th Ave E, Vancouver, BC",Vancouver,Daycare
Little Fish Early Learning Center,49.860192,-119.576952,191.0,"1510 Ponderosa Rd, West Kelowna, BC",West Kelowna,Daycare
Little Flower Academy,49.2484149,-123.1422352,,"4195 Alexandra St, Vancouver, BC",Vancouver,Elementary Independent School
Little Flower Child Development Centre,49.479041,-123.790592,209.0,"5700 Nickerson Rd, Sechelt, BC",Sechelt,Daycare
Little Flower Daycare,50.86288,-119.383432,190.0,"2486 Highlands Dr, Blind Bay, BC",Blind Bay,Daycare
Little Folks Family Child Care,49.261601,-123.166122,157.0,"2695 12Th Ave W, Vancouver, BC",Vancouver,Daycare
Little Footprints Academy (Guildford),49.190298,-122.797362,189.0,"15326 103A Ave, Surrey, BC",Surrey,Daycare
Little Footprints Academy (New West),49.21238,-122.919273,156.0,"200-505 Sixth St, New Westminster, BC",New Westminster,Daycare
Little Footprints Academy (Peace Arch),49.029849,-122.78972,179.0,"202-1522 Finlay St, White Rock, BC",White Rock,Daycare
Little Footprints Academy (Russell),49.029626,-122.802778,236.0,"15141 Russell Ave, White Rock, BC",White Rock,Daycare
Little Footprints Academy (South Surrey),49.044729,-122.793058,230.0,"2355 King George Blvd, Surrey, BC",Surrey,Daycare
Little Footprints Daycare (72Nd),49.135092,-122.88504,155.0,"7233 122 Ave, Surrey, BC",Surrey,Daycare
Little Footprints Daycare (85Th),49.157643,-122.890102,98.0,"113/114-8532 120 St, Surrey, BC",Surrey,Daycare
Little Footprints Daycare (Nordel),49.162702,-122.894946,175.0,"11838 88Th Ave, Delta, BC",Delta,Daycare
Little Footsteps Child Care Centre Society,49.168129,-121.937591,111.0,"46510 1St Ave, Chilliwack, BC",Chilliwack,Daycare
Little Fox Child Care,49.25036,-123.177452,141.0,"3263 King Edward Ave W, Vancouver, BC",Vancouver,Daycare
Little Friend Circles Daycare,49.293556,-122.780424,219.0,"1346 El Camino Dr, Coquitlam, BC",Coquitlam,Daycare
Little Friends,49.411793,-123.511214,168.0,"789 Mountain View Dr, Gibsons, BC",Gibsons,Daycare
Little Friends Childcare Inc.,48.467015,-123.422081,189.0,"40 High St, Victoria, BC",Victoria,Daycare
Little Friends Children's Center #1,49.199009,-122.786731,131.0,"10808 157 St, Surrey, BC",Surrey,Daycare
Little Friends Children's Center #2,49.198073,-122.786754,198.0,"10752 157 St, Surrey, BC",Surrey,Daycare
Little Friends Children's Centre #3,49.203442,-122.778876,130.0,"11061 160 St, Surrey, BC",Surrey,Daycare
Little Friends Children's Centre #4,49.173163,-122.775443,144.0,"16126 93A Ave, Surrey, BC",Surrey,Daycare
Little Friends Children's Centre #5,49.19946,-122.778906,208.0,"626-10833 160 St, Surrey, BC",Surrey,Daycare
Little Friends Day Care,53.918711,-122.751284,330.0,"1600 3Rd Ave, Prince George, BC",Prince George,Daycare
Little Friends Habitat,49.073593,-117.807518,167.0,"1590 Victoria Ave, Rossland, BC",Rossland,Daycare
Little Froggies Family Day Care,49.785988,-124.343307,156.0,"11192 Tuck Rd, Powell River, BC",Powell River,Daycare
Little Garden Family Child Care,49.152735,-123.955829,138.0,"649 Howard Ave, Nanaimo, BC",Nanaimo,Daycare
Little Garden Montessori Center,49.217784,-122.604128,167.0,"22315 Selkirk Ave, Maple Ridge, BC",Maple Ridge,Daycare
Little Gems (Little Star Children's Centre Ltd.),49.350555,-124.407486,253.0,"825 Village Way E, Qualicum Beach, BC",Qualicum Beach,Daycare
Little Gems Daycare,49.828783,-119.482952,272.0,"700 Young Rd, Kelowna, BC",Kelowna,Daycare
Little Gems Daycare,55.779873,-120.253199,91.0,"1708 84 Ave, Dawson Creek, BC",Dawson Creek,Daycare
Little Genius Academy,48.436499,-123.3936,104.0,"1121 Dominion Rd, Victoria, BC",Victoria,Daycare
Little Giggles Family Daycare,49.860919,-119.567293,112.0,"2668 Alhambra Dr, West Kelowna, BC",West Kelowna,Daycare
Little Gnomes Childcare,49.320175,-124.309649,221.0,"124 Mccarter St, Parksville, BC",Parksville,Daycare
Little Go Getters Daycare,49.190659,-122.864873,215.0,"10343 129 St, Surrey, BC",Surrey,Daycare
Little Hands Child Care Humboldt,48.420983,-123.363779,205.0,"792 Humboldt St, Victoria, BC",Victoria,Daycare
Little Hands Learning Center,49.050139,-122.403151,262.0,"2626 Ross Rd, Abbotsford, BC",Abbotsford,Daycare
Little Hands Learning Centre Ltd,49.294999,-124.777131,252.0,"3220 Clayton Rd, Port Alberni, BC",Port Alberni,Daycare
Little Happy Faces Daycare,49.113971,-123.871969,271.0,"1644 Cedar Rd, Nanaimo, BC",Nanaimo,Daycare
Little Harvard Learning Centre Ltd.,49.129197,-122.830481,235.0,"6985 142 St, Surrey, BC",Surrey,Daycare
Little Hat Daycare,49.22337,-122.971181,165.0,"6669 Colborne Ave, Burnaby, BC",Burnaby,Daycare
Little Haven Childcare,49.159369,-123.940268,270.0,"527 Milton St, Nanaimo, BC",Nanaimo,Daycare
Little Haven Dayhome,49.184692,-119.556516,209.0,"6372 Haven St, Oliver, BC",Oliver,Daycare
Little Hearts And Hands,49.991309,-125.243655,180.0,"756 Serengeti Ave, Campbell River, BC",Campbell River,Daycare
Little Hearts Daycare,49.160328,-122.833262,204.0,"14052 86A Ave, Surrey, BC",Surrey,Daycare
Little Hearts Family Child Care,49.230284,-122.986756,277.0,"47-5955 Oakdale Rd, Burnaby, BC",Burnaby,Daycare
Little Hearts Family Childcare,49.271271,-123.108579,177.0,"309-1616 Columbia St, Vancouver, BC",Vancouver,Daycare
Little Hedgehog Child Care Centre,49.148554,-123.143706,183.0,"7311 Francis Rd, Richmond, BC",Richmond,Daycare
Little Heritage Learning Centre,52.980613,-122.529771,208.0,"1409 Lewis Dr, Quesnel, BC",Quesnel,Daycare
Little Hippo Family Child Care,49.22119,-123.096081,198.0,"439 54Th Ave E, Vancouver, BC",Vancouver,Daycare
Little Homestead Family Daycare,51.614662,-121.203389,158.0,"6001 Valleyview Dr, 100 Mile House, BC",100 Mile House,Daycare
Little Horizons Child Care,54.790766,-127.178208,320.0,"4414 Hwy 16, Smithers, BC",Smithers,Daycare
Little House Child Care,49.275981,-123.020265,135.0,"3849 Parker St, Burnaby, BC",Burnaby,Daycare
Little House On Graham,48.436741,-123.354683,245.0,"2545 Graham St, Victoria, BC",Victoria,Daycare
Little Inventors Early Learning Academy,49.146126,-122.835969,90.0,"7880 139A St, Surrey, BC",Surrey,Daycare
Little Jewels Daycare,50.700989,-120.340187,191.0,"120 West Shuswap Rd, Kamloops, BC",Kamloops,Daycare
Little Jj's Group Childcare Ltd.,49.229068,-122.900004,138.0,"343 8Th Ave E, New Westminster, BC",New Westminster,Daycare
Little Jungle Child Care,49.906351,-119.464784,188.0,"11 Caramillo Rd, Kelowna, BC",Kelowna,Daycare
Little Kangaroos Early Learning Centre Ltd.,49.151606,-122.803398,279.0,"15114 82 Ave, Surrey, BC",Surrey,Daycare
Little Kids Kingdom,49.126235,-122.805254,196.0,"15046 68 Ave, Surrey, BC",Surrey,Daycare
Little Kingdom Childcare Inc,49.149003,-122.313431,257.0,"32891 Bakerview Ave, Mission, BC",Mission,Daycare
Little Kingdom Childcare Mission Downtown,49.134685,-122.300969,270.0,"33365 1St Ave, Mission, BC",Mission,Daycare
Little Kings And Queens,54.312431,-130.305777,168.0,"1224 Brett Pl, Prince Rupert, BC",Prince Rupert,Daycare
Little Kinlings,49.080464,-122.662623,218.0,"20243 43 Ave, Langley, BC",Langley,Daycare
Little Koala Montessi Academy - Abbotsford,49.044338,-122.293884,161.0,"2335 mccallum Rd, Abbotsford, BC",Abbotsford,Daycare
Little Koala Montessori Academy Childcare,49.155761,-123.113767,163.0,"10011 Blundell Rd, Richmond, BC",Richmond,Daycare
Little Koala Montessori Academy Clarke,49.186128,-123.081866,201.0,"110-12855 Clarke Pl, Richmond, BC",Richmond,Daycare
Little Koala Montessori Academy Clarke,49.186128,-123.081866,216.0,"110-12855 Clarke Pl, Richmond, BC",Richmond,Daycare
Little Koala Montessori Academy Delta,49.090297,-123.078551,198.0,"5267 Ladner Trunk Rd, Delta, BC",Delta,Daycare
Little Koala Montessori Academy Ladner,49.09034,-123.0788,167.0,"C-5229 Ladner Trunk Road, Delta, BC",Delta,Daycare
Little Koala Montessori Surrey,49.19886,-122.807849,152.0,"14947 108 Ave, Surrey, BC",Surrey,Daycare
Little Kootenay Sprouts Daycare,49.48034,-117.290471,242.0,"1721 Creek St, Nelson, BC",Nelson,Daycare
Little Kritters Daycare,56.310316,-120.973415,198.0,"12954 Hilltop Rd, Charlie Lake, BC",Charlie Lake,Daycare
Little Lady Bug Laugh And Learn Family Child Care,56.25591,-120.822747,293.0,"11020 86A St, Fort St. John, BC",Fort St. John,Daycare
Little Ladybug Daycare-Langley,49.082553,-122.645213,59.0,"20867 44 Ave, Langley, BC",Langley,Daycare
Little Ladybugs Family Daycare,53.914179,-122.798283,210.0,"1112 Cluculz Ave, Prince George, BC",Prince George,Daycare
Little Lakers Learning Centre,49.044348,-118.204533,163.0,"B-1680 Santa Rosa Rd, Christina Lake, BC",Christina Lake,Daycare
Little Lamb's Daycare Inc.,49.273803,-122.761952,245.0,"1711 Dorset Ave, Port Coquitlam, BC",Port Coquitlam,Daycare
Little Lambs Childcare Center,49.206779,-122.914135,234.0,"613 Queens Ave, New Westminster, BC",New Westminster,Daycare
Little Lambs Playhouse Day Care,49.199667,-119.827296,189.0,"1224 Sykes Cres, Keremeos, BC",Keremeos,Daycare
Little Leaders Childcare Centre,49.030729,-122.292409,163.0,"1528 mccallum Rd, Abbotsford, BC",Abbotsford,Daycare
Little Leaders Childcare Centre,49.052201,-122.317751,152.0,"2760 Emerson St, Abbotsford, BC",Abbotsford,Daycare
Little Leaders Childcare Centre Inc.,49.040445,-122.293907,198.0,"4-33575 Mayfair Ave, Abbotsford, BC",Abbotsford,Daycare
Little Leaps And Bounds Day Center,49.886684,-119.415973,213.0,"265 Terai Court, Kelowna, BC",Kelowna,Daycare
Little Learners,54.506942,-128.617318,212.0,"5040 Graham Ave, Terrace, BC",Terrace,Daycare
Little Learners Child Care Centre,49.158989,-122.759146,190.0,"8596 167 St, Surrey, BC",Surrey,Daycare
Little Learners Childcare,49.103571,-122.65249,193.0,"102-20560 Fraser Hwy, Langely, BC",Langely,Daycare
Little Learners Family Daycare,49.235008,-123.000793,259.0,"5450 Elsom Ave, Burnaby, BC",Burnaby,Daycare
Little Learners Palace Family Daycare,49.202864,-122.556263,184.0,"11046 240 St, Maple Ridge, BC",Maple Ridge,Daycare
Little Legacies - Cilaire,49.192473,-123.965788,91.0,"25 Cilaire Dr, Nanaimo, BC",Nanaimo,Daycare
Little Legacies - Departure Bay,49.207958,-123.974981,176.0,"3004 Departure Bay Rd, Nanaimo, BC",Nanaimo,Daycare
Little Legacies - Frank J Ney,49.234811,-123.990936,210.0,"5301 Williamson Rd, Nanaimo, BC",Nanaimo,Daycare
Little Legacies - Grins And Giggles,49.192844,-123.992707,188.0,"2221 Bowen Rd, Nanaimo, BC",Nanaimo,Daycare
Little Legacies - Mcgirr,49.24031,-124.032907,107.0,"6199 Mcgirr Rd, Nanaimo, BC",Nanaimo,Daycare
Little Legacies - Park Ave.,49.142728,-123.942385,259.0,"395 Eighth St, Nanaimo, BC",Nanaimo,Daycare
Little Legacies - Pauline Haarer,49.169055,-123.943282,279.0,"400 Campbell St, Nanaimo, BC",Nanaimo,Daycare
Little Legends Academy,49.328977,-123.162908,188.0,"1821 Marine Dr, West Vancouver, BC",West Vancouver,Daycare
Little Legends Academy,49.328977,-123.162908,220.0,"1821 Marine Dr, West Vancouver, BC",West Vancouver,Daycare
Little Leopards Early Learning,49.115559,-122.850895,262.0,"6210 134 St, Surrey, BC",Surrey,Daycare
Little Lions Childcare,49.055429,-122.272052,179.0,"103-2955 Immel St, Abbotsford, BC",Abbotsford,Daycare
Little Lords And Ladies,48.477907,-123.390744,146.0,"600 Judah St, Victoria, BC",Victoria,Daycare
Little Mangos Childcare Centre,50.667782,-120.184249,249.0,"5201 Dallas Dr, Kamloops, BC",Kamloops,Daycare
Little Maples After School Care,49.138305,-123.141412,239.0,"7671 Alouette Dr, Richmond, BC",Richmond,Daycare
Little Maples Preschool,49.13755,-123.14113,303.0,"7671 Alouette Dr, Richmond, BC",Richmond,Daycare
Little Marines Training Center,49.246003,-122.891818,167.0,"211-403 North Rd, Coquitlam, BC",Coquitlam,Daycare
Little Me,49.504461,-115.063832,267.0,"521 4Th Ave, Fernie, BC",Fernie,Daycare
Little Meadows Academy,49.218562,-122.681154,234.0,"11887 Bonson Rd, Pitt Meadows, BC",Pitt Meadows,Daycare
Little Melody,49.216847,-123.021606,172.0,"3775 Watling St, Burnaby, BC",Burnaby,Daycare
Little Minds Childcare,50.046037,-119.413462,153.0,"11250 Pretty Rd, Lake Country, BC",Lake Country,Daycare
Little Miracles Montessori,49.704439,-123.129703,232.0,"40039 Plateau Dr, Squamish, BC",Squamish,Daycare
Little Miracles Preschool,50.26311,-119.271881,134.0,"3075 29Th Ave, Vernon, BC",Vernon,Daycare
Little Moccasins Learning Centre,52.132967,-122.140017,246.0,"228 5 Ave N, Williams Lake, BC",Williams Lake,Daycare
Little Moments Learning Centre,50.234989,-119.229501,96.0,"9308 Aberdeen Rd, Coldstream, BC",Coldstream,Daycare
Little Monkey's Day Care,53.899863,-122.74263,119.0,"2384 Jasper St, Prince George, BC",Prince George,Daycare
Little Monkey's Learning Centre,48.651318,-123.622186,277.0,"2704 Dundas Rd, Shawnigan Lake, BC",Shawnigan Lake,Daycare
Little Monkeys Childcare Inc.,49.118116,-122.765236,124.0,"6373 165 St, Surrey, BC",Surrey,Daycare
Little Monkeys Daycare,49.468646,-119.589259,139.0,"2497 mcgraw St, Penticton, BC",Penticton,Daycare
Little Monsters Academy - Fraser Sunset,49.231137,-123.090508,213.0,"5888 Fraser St, Vancouver, BC",Vancouver,Daycare
Little Monsters Academy - Mountain View,49.240646,-123.089964,219.0,"4866 Fraser St, Vancouver, BC",Vancouver,Daycare
Little Montessorians,49.278089,-123.011668,146.0,"719 Carleton Ave, Burnaby, BC",Burnaby,Daycare
Little Moon Childcare Centre,49.185582,-123.136348,148.0,"100-3871 No. 3 Rd, Richmond, BC",Richmond,Daycare
Little Moon Childcare Centre,49.185582,-123.136348,182.0,"100-3871 No. 3 Rd, Richmond, BC",Richmond,Daycare
Little Mountain Child Care Center,49.177332,-121.968424,166.0,"9601 Hamilton St, Chilliwack, BC",Chilliwack,Daycare
Little Mountain Child Development Centre,49.245181,-123.096433,209.0,"425 29 Ave E, Vancouver, BC",Vancouver,Daycare
Little Mountain Daycare,49.186093,-121.923077,129.0,"10148 Beaver Cres, Chilliwack, BC",Chilliwack,Daycare
Little Mountain Elementary,49.181666,-121.9293029,415.0,"9900 Carleton St, Chilliwack, BC",Chilliwack,Elementary Public School
Little Mountain Montessori School,49.247299,-123.098805,169.0,"304 26Th Ave E, Vancouver, BC",Vancouver,Daycare
Little Mountain Out Of School Care (Lmosc),49.243521,-123.07819,196.0,"1300 29 Ave E, Vancouver, BC",Vancouver,Daycare
Little Mountain ymca Kids Club,49.181666,-121.929289,173.0,"9900 Carleton St, Chilliwack, BC",Chilliwack,Daycare
Little Munchkin Daycare,49.224256,-123.13571,158.0,"1319 52Nd Ave W, Vancouver, BC",Vancouver,Daycare
Little Munchkin Daycare Ltd,49.222847,-123.138332,269.0,"1431 W 53Rd Ave, Vancouver, BC",Vancouver,Daycare
Little Munchkin Daycare Ltd,49.224043,-123.135659,245.0,"1317 52Nd Ave W, Vancouver, BC",Vancouver,Daycare
Little Munchkin Daycare Ltd,49.232227,-123.192405,132.0,"5979 Holland St, Vancouver, BC",Vancouver,Daycare
Little Munchkin Daycare Ltd,49.232241,-123.192789,160.0,"5981 Holland St, Vancouver, BC",Vancouver,Daycare
Little Munchkin Daycare Ltd,49.245377,-123.128985,249.0,"1070 29Th Ave W, Vancouver, BC",Vancouver,Daycare
Little Munchkin Daycare Ltd,49.245917,-123.187362,177.0,"3750 29Th Ave W, Vancouver, BC",Vancouver,Daycare
Little Munchkin Daycare Ltd,49.246141,-123.18739,129.0,"3752 29Th Ave W, Vancouver, BC",Vancouver,Daycare
Little Munchkin Daycare Ltd.,49.24515,-123.128855,224.0,"1068 29Th Ave W, Vancouver, BC",Vancouver,Daycare
Little Munchkin Daycare Ltd.,49.246231,-123.192703,278.0,"3967 29Th Ave W, Vancouver, BC",Vancouver,Daycare
Little Munchkin Daycare Ltd.,49.246436,-123.192741,119.0,"3969 29Th Ave W, Vancouver, BC",Vancouver,Daycare
Little Munchkin Daycare Ltd.,49.252064,-123.137606,246.0,"1467 Balfour Ave, Vancouver, BC",Vancouver,Daycare
Little Munchkin Daycare Ltd.,49.252275,-123.137671,254.0,"1469 Balfour Ave, Vancouver, BC",Vancouver,Daycare
Little Munchkins,53.301139,-120.165747,256.0,"1000 3Rd Ave, mcbride, BC",mcbride,Daycare
Little Munchkins Family Daycare,50.639612,-120.371121,210.0,"2267 Nairn Pl, Kamloops, BC",Kamloops,Daycare
Little Munchkins Main St,53.302026,-120.164417,88.0,"476 Main St, mcbride, BC",mcbride,Daycare
Little Mustard Seeds Early Learning,48.792981,-123.740129,177.0,"6117 Marsh Rd, Duncan, BC",Duncan,Daycare
Little Neighbours Nursery School,49.234733,-122.83545,167.0,"155 Finnigan St, Coquitlam, BC",Coquitlam,Daycare
Little Nest Child Learning Centre,49.04863,-122.757283,201.0,"2561 168 St, Surrey, BC",Surrey,Daycare
Little Niblets Family Daycare,53.915506,-122.809214,144.0,"853 Faulkner Cres, Prince George, BC",Prince George,Daycare
Little Oak Childcare Centre (Stride Burnaby),49.213794,-122.95137,224.0,"7171 Stride Ave, Burnaby, BC",Burnaby,Daycare
Little Oak Montessori Children's House,49.23428,-123.12048,259.0,"5668 Heather St, Vancouver, BC",Vancouver,Daycare
Little Oak Montessori School,49.224918,-123.031328,200.0,"3403 49Th Ave E, Vancouver, BC",Vancouver,Daycare
Little Orca's Early Learning Centre,50.003402,-125.242395,177.0,"415 Pinecrest Rd, Campbell River, BC",Campbell River,Daycare
Little Orchard Daycare,49.316677,-122.999172,181.0,"2707 Violet St, North Vancouver, BC",North Vancouver,Daycare
Little Orchard Family Care,49.191925,-121.932852,60.0,"46751 Osborne Rd, Chilliwack, BC",Chilliwack,Daycare
Little Oreos Daycare Ltd.,49.063202,-122.374238,266.0,"3347 Siskin Dr, Abbotsford, BC",Abbotsford,Daycare
Little Otters Daycare,53.857883,-122.803985,195.0,"6864 Chartwell Cres, Prince George, BC",Prince George,Daycare
Little Otters Preschool,49.09979,-122.535445,185.0,"5370 248Th St, Langley, BC",Langley,Daycare
Little Owl Academy,49.794539,-119.511865,134.0,"205 5315 Main St, Kelowna, BC",Kelowna,Daycare
Little Owl Academy,49.914423,-119.440642,180.0,"615-1984 Kane Rd, Kelowna, BC",Kelowna,Daycare
Little Owl Academy,50.033064,-119.402234,326.0,"10303 Bottom Wood Lake Rd, Lake Country, BC",Lake Country,Daycare
Little Owl Early Learning,48.417018,-123.334625,229.0,"1648 Richardson St, Victoria, BC",Victoria,Daycare
Little Owl Early Learning 2,48.435936,-123.337014,220.0,"2575 Victor St, Victoria, BC",Victoria,Daycare
Little Owls Daycare,49.46069,-123.736687,232.0,"5323 Snodgrass Rd, Sechelt, BC",Sechelt,Daycare
Little Owls Family Daycare,52.984131,-122.473953,323.0,"590 Nason St, Quesnel, BC",Quesnel,Daycare
Little Oysters Preschool And Child Care,49.50636,-124.828759,230.0,"7375 Island Hwy S, Fanny Bay, BC",Fanny Bay,Daycare
Little Paris Daycare,49.329915,-123.069731,206.0,"123 East 23Rd St, North Vancouver, BC",North Vancouver,Daycare
Little Peak Childcare Inc.,49.765463,-123.143633,199.0,"1534 Depot Rd, Brackendale, BC",Brackendale,Daycare
Little Peanuts Early Learning,53.91278,-122.769548,156.0,"1257 Carney St, Prince George, BC",Prince George,Daycare
Little Peeps Learning Centre,49.123005,-121.966128,324.0,"45467 Stevenson Rd, Chilliwack, BC",Chilliwack,Daycare
Little Penguin Family Child Care,49.22925,-123.009169,194.0,"114-6044 Wilson Ave, Burnaby, BC",Burnaby,Daycare
Little People's Community Preschool,49.235426,-123.166457,147.0,"2733 W 41St Ave, Vancouver, BC",Vancouver,Daycare
Little Petals Childcare Centre,49.149031,-122.912059,153.0,"8024 112 St, Delta, BC",Delta,Daycare
Little Phoenix Child Care Centre,48.429946,-123.355284,256.0,"1004 North Park St, Victoria, BC",Victoria,Daycare
Little Pilots Inclusive Program,49.189726,-123.142778,206.0,"3688 Cessna Dr, Richmond, BC",Richmond,Daycare
Little Plum Tree Daycare,49.259809,-122.755416,302.0,"2421 Gillespie St, Port Coquitlam, BC",Port Coquitlam,Daycare
Little Prairie Elementary,55.6964592,-121.6009946,295.0,"PO Box 1600, Chetwynd, BC",Chetwynd,Elementary Public School
Little Prince & Princess,49.135907,-122.892868,134.0,"11911 73 Ave, Delta, BC",Delta,Daycare
Little Professors,49.147074,-122.311253,321.0,"32948 Fourteenth Ave, Mission, BC",Mission,Daycare
Little Rainbow House Preschool & Daycare,49.25724,-122.805973,226.0,"700 Clearwater Way, Coquitlam, BC",Coquitlam,Daycare
Little Rainbows Early Learning Centre,48.855205,-123.510719,116.0,"262 Rainbow Rd, Salt Spring Island, BC",Salt Spring Island,Daycare
Little Rascals Daycare Ltd.,49.337539,-123.08535,100.0,"3111 Stanley Ave, North Vancouver, BC",North Vancouver,Daycare
Little Rascals Daycare Ltd.,49.337539,-123.08535,105.0,"3111 Stanley Ave, North Vancouver, BC",North Vancouver,Daycare
Little Rascals Daycare Ltd.,49.337539,-123.08535,255.0,"3111 Stanley Ave, North Vancouver, BC",North Vancouver,Daycare
Little Red Childcare Centre,49.230323,-119.546987,160.0,"7961 Highway 97, Oliver, BC",Oliver,Daycare
Little Red Wagon Childcare,49.06995,-122.235862,214.0,"35694 mckee Rd, Abbotsford, BC",Abbotsford,Daycare
Little River Childcare,50.03277,-125.265525,215.0,"1630 Island Highway, Campbell River, BC",Campbell River,Daycare
Little Roos Family Daycare,48.555825,-123.417736,170.0,"6392 Oldfield Rd, Saanichton, BC",Saanichton,Daycare
Little Royals Child Care,48.929132,-123.73025,195.0,"3109 Robertson St, Chemainus, BC",Chemainus,Daycare
Little Saints Learning Ctr Inc,49.220174,-122.598067,263.0,"200 22530 Dewdney Trunk Rd, Maple Ridge, BC",Maple Ridge,Daycare
Little Saplings Child Care,50.672449,-120.312596,159.0,"1152 Nicola St, Kamloops, BC",Kamloops,Daycare
Little Scholars Childcare,49.126311,-122.654005,213.0,"20523 68 Ave, Langley, BC",Langley,Daycare
Little Scholars Learning Academy,49.105839,-122.731456,244.0,"104-17720 57 Ave, Surrey, BC",Surrey,Daycare
Little School House Daycare,49.207173,-122.925581,95.0,"1020 Napanee St, New Westminster, BC",New Westminster,Daycare
Little Seedlings,49.861288,-125.202698,153.0,"4173 Macaulay Rd, Black Creek, BC",Black Creek,Daycare
Little Seedlings Daycare,50.450325,-119.200368,194.0,"3130 Wood Ave, Armstrong, BC",Armstrong,Daycare
Little Seedlings Daycare Centre,49.2138,-122.941104,107.0,"7352 12Th Ave, Burnaby, BC",Burnaby,Daycare
Little Seeds Early Learning Centre Inc.,49.464534,-120.507246,170.0,"143 Old Hedley Rd, Princeton, BC",Princeton,Daycare
Little Seeds Early Learning Centre Inc.,49.46806,-120.48889,179.0,"201 Old Merrit Rd, Princeton, BC",Princeton,Daycare
Little Semlin Montessori,49.269816,-123.063356,260.0,"2017 1St Ave E, Vancouver, BC",Vancouver,Daycare
Little Shakespeare Child Care Ltd.,49.276797,-123.011833,334.0,"4181 Venables St, Burnaby, BC",Burnaby,Daycare
Little Shooting Stars Family Day Care,53.979349,-122.79671,192.0,"3049 Poyner Cres, Prince George, BC",Prince George,Daycare
Little Skipper Daycare,50.10685,-120.781077,225.0,"2402 Coutlee Ave, Merritt, BC",Merritt,Daycare
Little Smiles Day Care Corp,49.15411,-122.822815,320.0,"14435 83 Ave, Surrey, BC",Surrey,Daycare
Little Smiles Daycare Corp - 1,49.15821,-122.823138,187.0,"8546 144Th St, Surrey, BC",Surrey,Daycare
Little Sparks Creative Learning Centre,49.686158,-125.003798,206.0,"780 mcphee Ave, Courtenay, BC",Courtenay,Daycare
Little Sparrows Academy Corporation,49.210654,-122.972614,199.0,"8049 Gilley Ave, Burnaby, BC",Burnaby,Daycare
Little Sparrows Day Care,49.240575,-122.866459,160.0,"1014 Quadling Ave, Coquitlam, BC",Coquitlam,Daycare
Little Sprout Preschool,49.289913,-123.136242,240.0,"870 Denman St, Vancouver, BC",Vancouver,Daycare
Little Sprouts Childcare,50.260025,-119.249712,178.0,"2503 14 St, Vernon, BC",Vernon,Daycare
Little Sprouts Childcare Centre,49.115712,-122.867566,233.0,"6210 128 St, Surrey, BC",Surrey,Daycare
Little Sprouts Childcare Centre,49.146074,-123.170482,189.0,"9251 Geal Rd, Richmond, BC",Richmond,Daycare
Little Sprouts Christian Preschool,49.700208,-124.917921,149.0,"1105 Pritchard Rd, Comox, BC",Comox,Daycare
Little Sprouts Daycare,49.185631,-119.556509,147.0,"841 Bing Ave, Oliver, BC",Oliver,Daycare
Little Sprouts Family Daycare,54.517607,-128.60938,172.0,"4925 Lazelle Ave, Terrace, BC",Terrace,Daycare
Little Sprouts Montessori Daycare Centre,49.242699,-123.006242,139.0,"4364 Moscrop St, Burnaby, BC",Burnaby,Daycare
Little Stampeders Daycare,52.108829,-121.927964,208.0,"3075 Cariboo Hwy 97, 150 Mile House, BC",150 Mile House,Daycare
Little Star,49.225229,-122.633804,164.0,"21180 Stonehouse Ave, Maple Ridge, BC",Maple Ridge,Daycare
Little Star Bugs Daycare,51.731311,-121.3345,123.0,"4917 Telqua Dr, 108 Mile Ranch, BC",108 Mile Ranch,Daycare
Little Star Children's Centre,49.344488,-124.443345,272.0,"744 Primrose St, Qualicum Beach, BC",Qualicum Beach,Daycare
Little Star Daycare,53.852221,-122.785079,240.0,"2821 Vista Ridge Crt, Prince George, BC",Prince George,Daycare
Little Star Family Child Care,49.269283,-123.063379,197.0,"2016 E 1St Ave, Vancouver, BC",Vancouver,Daycare
Little Star Family Child Care,49.287887,-122.836185,186.0,"409 Ioco Rd, Port Moody, BC",Port Moody,Daycare
Little Star Montessori Daycare Centre,49.177965,-122.805067,142.0,"9660 150A St, Surrey, BC",Surrey,Daycare
Little Star Montessori Preschool,49.336746,-123.038944,140.0,"100-1260 Lynn Valley Rd, North Vancouver, BC",North Vancouver,Daycare
Little Stars Child Care,50.586839,-127.079516,316.0,"2011 mcneill Rd, Port mcneill, BC",Port mcneill,Daycare
Little Stars Childcare Center,49.212681,-123.103732,228.0,"143 64Th Ave E, Vancouver, BC",Vancouver,Daycare
Little Stars Childcare Center E58th,49.21758,-123.08597,151.0,"969 East 58Th Ave, Vancouver, BC",Vancouver,Daycare
Little Stars Daycare,49.114346,-122.827734,207.0,"14235 61A Ave, Surrey, BC",Surrey,Daycare
Little Stars Daycare,49.229155,-122.967365,250.0,"6026 Brantford Ave, Burnaby, BC",Burnaby,Daycare
Little Stars Daycare Centre,49.114361,-122.804143,284.0,"6150 150B St, Surrey, BC",Surrey,Daycare
Little Stars Daycare Centre,49.260615,-122.940998,250.0,"7760 Lawrence Dr, Burnaby, BC",Burnaby,Daycare
Little Stars Family Child Care,49.256993,-122.812312,188.0,"2746 Westlake Dr, Coquitlam, BC",Coquitlam,Daycare
Little Stars Pre-School,52.981691,-122.46761,223.0,"301 North Star Rd, Quesnel, BC",Quesnel,Daycare
Little Step Child Care,49.256952,-123.013125,221.0,"4142 Manor St, Burnaby, BC",Burnaby,Daycare
Little Steps,49.030562,-122.839846,181.0,"13801 Coldicutt Ave, White Rock, BC",White Rock,Daycare
Little Steps Child Care Center,49.140839,-123.17911,146.0,"4160 Williams Rd, Richmond, BC",Richmond,Daycare
Little Steps Childcare Centre,49.161657,-121.971156,79.0,"8776 Bellevue Dr, Chilliwack, BC",Chilliwack,Daycare
Little Steps Educare Daycare,49.267903,-122.795371,175.0,"2986 Dewdney Trunk Rd, Coquitlam, BC",Coquitlam,Daycare
Little Steps Family Daycare,50.7119,-121.92418,230.0,"6-1230 Moha Rd, Lillooet, BC",Lillooet,Daycare
Little Steps Learning Centre,49.344617,-123.063924,165.0,"438 Braemar Rd E, North Vancouver, BC",North Vancouver,Daycare
Little Stingers,49.977454,-125.237207,126.0,"1789 Juniper Dr, Campbell River, BC",Campbell River,Daycare
Little Stubbies Learning Centre,49.51411,-115.752061,160.0,"2020 2Nd St N, Cranbrook, BC",Cranbrook,Daycare
Little Sunshine Child Care,50.660745,-119.202332,206.0,"5371 Mayfair Rd, Salmon Arm, BC",Salmon Arm,Daycare
Little Sunshine Day Care,49.050629,-122.346389,180.0,"2660 Albert Way, Abbotsford, BC",Abbotsford,Daycare
Little Sunshine Family Child Care,49.213979,-123.108661,213.0,"120 62Nd Ave W, Vancouver, BC",Vancouver,Daycare
Little Sunshines,49.138437,-123.184216,249.0,"10340 2Nd Ave, Richmond, BC",Richmond,Daycare
Little Swans Child Educare,49.202419,-122.802317,118.0,"10995 Swan Cres, Surrey, BC",Surrey,Daycare
Little Thinkers Daycare Centre,49.115796,-122.805789,194.0,"15023 62 Ave, Surrey, BC",Surrey,Daycare
Little Timbers Children's Centre Ltd.,49.99967,-125.246167,190.0,"A5-465 Merecroft Rd, Campbell River, BC",Campbell River,Daycare
Little Timbers Family Child Care,54.535471,-128.609456,124.0,"4938 Halliwell Ave, Terrace, BC",Terrace,Daycare
Little Toes Daycare,49.159884,-122.908172,218.0,"11355 86 Ave, Delta, BC",Delta,Daycare
Little Tots Childcare,53.854196,-122.806052,249.0,"7312 Aldeen Rd, Prince George, BC",Prince George,Daycare
Little Town Childcare Centre,49.260985,-122.945768,272.0,"7480 Broadway, Burnaby, BC",Burnaby,Daycare
Little Town Tots Family Child Care,48.92569,-123.722591,215.0,"2971 Oak St, Chemainus, BC",Chemainus,Daycare
Little Treasures Daycare,49.877782,-119.390014,162.0,"3048 Springfield Rd, Kelowna, BC",Kelowna,Daycare
Little Treasures Daycare Inc,49.248505,-122.870571,119.0,"450 Blue Mountain St, Coquitlam, BC",Coquitlam,Daycare
Little Triumphs Early Childhood Centre,49.49027,-119.581551,230.0,"500 Edmonton Ave, Penticton, BC",Penticton,Daycare
Little Turtle Child Care,49.215535,-123.063576,231.0,"2135 Newport Ave, Vancouver, BC",Vancouver,Daycare
Little Twinkle Preschool/Out Of School Care (Mount Lehman),49.066994,-122.379707,180.0,"3551 Crestview Ave, Abbotsford, BC",Abbotsford,Daycare
Little Tykes Day Care,53.915008,-122.786417,241.0,"1036 Babine Cres, Prince George, BC",Prince George,Daycare
Little Valley 123 Childcare Centre Ltd,49.161417,-121.863619,162.0,"49190 Chilliwack Central Rd, Chilliwack, BC",Chilliwack,Daycare
Little Valley Learning Centre And Daycare,49.198552,-122.81368,303.0,"14750 108 Ave, Surrey, BC",Surrey,Daycare
Little Vine Learning Centre,49.274765,-122.970614,304.0,"1005 Kensington Ave, Burnaby, BC",Burnaby,Daycare
Little Waddlers Daycare,49.135857,-123.10683,179.0,"10840 Maddocks Rd, Richmond, BC",Richmond,Daycare
Little Walkers Dayhome,50.499239,-116.041049,243.0,"1490 18Th St, Invermere, BC",Invermere,Daycare
Little Waves Childcare,49.994624,-125.248534,167.0,"870A Kit Cres, Campbell River, BC",Campbell River,Daycare
Little Wild Early Learning Inc.,48.41586,-123.374148,308.0,"5-230 Menzies St, Victoria, BC",Victoria,Daycare
Little Willows Alouette,49.229676,-122.608956,214.0,"22155 Issac Cres, Maple Ridge, BC",Maple Ridge,Daycare
Little Willows Child Care,49.972085,-125.244908,142.0,"4-2033 Varsity Landng, Campbell River, BC",Campbell River,Daycare
Little Willows Dewdney Church,49.219926,-122.569936,304.0,"23500 Dewdney Trunk Rd, Maple Ridge, BC",Maple Ridge,Daycare
Little Willows Dewdney House,49.220132,-122.569249,99.0,"23550 Dewdney Trunk Rd, Maple Ridge, BC",Maple Ridge,Daycare
Little Willows Early Learning Childcare Centre (119) Inc.,49.218561,-122.603604,208.0,"22328 119 Ave, Maple Ridge, BC",Maple Ridge,Daycare
Little Willows Edge,49.220013,-122.596564,123.0,"201-22590 Dewdney Trunk Rd, Maple Ridge, BC",Maple Ridge,Daycare
Little Willows Harry Hooge,49.225339,-122.583198,269.0,"12280 230Th St, Maple Ridge, BC",Maple Ridge,Daycare
Little Willows Lougheed,49.143194,-122.275121,248.0,"34110 Lougheed Hwy, Mission, BC",Mission,Daycare
Little Willows Silver Valley,49.251873,-122.579966,350.0,"100-13730 232 St, Maple Ridge, BC",Maple Ridge,Daycare
Little Willows Stave Falls,49.222505,-122.386872,127.0,"30204 Brackley Ave, Mission, BC",Mission,Daycare
Little Willows Sunshine,49.138781,-122.321055,211.0,"7521 Briskham St, Mission, BC",Mission,Daycare
Little Willows Webster's Corner,49.219819,-122.513822,144.0,"25554 Dewdney Trunk Rd, Maple Ridge, BC",Maple Ridge,Daycare
Little Willows Whonnock,49.178526,-122.440489,203.0,"28209 96 Ave, Maple Ridge, BC",Maple Ridge,Daycare
Little Wise Ones Preschool,49.090681,-122.609865,251.0,"22200 Fraser Hwy, Langley, BC",Langley,Daycare
Little Wonderland Childcare,49.219182,-122.932664,137.0,"7767 12Th Ave, Burnaby, BC",Burnaby,Daycare
Little Wonders Child Care,49.263219,-123.053693,127.0,"2543 8Th Ave E, Vancouver, BC",Vancouver,Daycare
Little Wonders Childcare,49.192246,-119.540178,211.0,"750 Merlot Ave, Oliver, BC",Oliver,Daycare
Little Wonders Montessori Childcare & Preschool Ltd.,49.064529,-122.285357,220.0,"33911 Hazelwood Ave, Abbotsford, BC",Abbotsford,Daycare
Little Wonders Montessori Childcare & Preschool Ltd.,49.083134,-122.218174,246.0,"115 36363 Auguston Pky S, Abbotsford, BC",Abbotsford,Daycare
Little Wonders Montessori Childcare Centre & Preschool Ltd,49.055156,-122.284832,80.0,"2884 Gladys Ave, Abbotsford, BC",Abbotsford,Daycare
Littles And Middles Dayhome,49.271868,-122.751962,188.0,"1352 Oriole Ave, Port Coquitlam, BC",Port Coquitlam,Daycare
Littleversity Daycare,49.263693,-122.80139,84.0,"2936 Wickham Dr, Coquitlam, BC",Coquitlam,Daycare
Living And Learning School,53.2539798,-132.082931,,"PO Box 850, Daajing Giids, BC",Daajing Giids,Elementary Independent School
Living Dreams Daycare,49.839088,-119.625647,224.0,"3440 Old Okanagan Hwy, West Kelowna, BC",West Kelowna,Daycare
Lni Childcare Learning Centre,49.182018,-121.806701,145.0,"51265 Yale Rd, Rosedale, BC",Rosedale,Daycare
Lo's Littles,48.702766,-123.560796,311.0,"3875 Lefran Rd, Cobble Hill, BC",Cobble Hill,Daycare
Lobat's Place Family Child Care,49.259928,-123.175532,58.0,"3175 14Th Ave W, Vancouver, BC",Vancouver,Daycare
Lochdale Community Elementary,49.2729054,-122.959591,415.0,"6990 Aubrey Street, Burnaby, BC",Burnaby,Elementary Public School
Lochdale Neighbourhood Care,49.272902,-122.959592,159.0,"6990 Aubrey St, Burnaby, BC",Burnaby,Daycare
Lochside After School Program,48.500509,-123.359954,318.0,"1145 Royal Oak Dr, Victoria, BC",Victoria,Daycare
Lochside Elementary,48.5005185,-123.3599938,465.0,"1145 Royal Oak Dr, Victoria, BC",Victoria,Elementary Public School
Logan Lake Elementary,50.4953225,-120.8144237,295.0,"PO Box 100, Logan Lake, BC",Logan Lake,Elementary Public School
Logan Lake Elementary Secondary,50.4896509,-120.8154726,325.0,"PO Box 280, Logan Lake, BC",Logan Lake,Elementary Public School
Logan Lake Laugh And Learn Daycare,50.492882,-120.815878,150.0,"130B Chartrand Ave, Logan Lake, BC",Logan Lake,Daycare
Logan Lake Little Learners Preschool,50.49495,-120.815124,193.0,"4 Galena, Logan Lake, BC",Logan Lake,Daycare
Lollipop Tree,49.326908,-123.081142,165.0,"1932 Jones Ave, North Vancouver, BC",North Vancouver,Daycare
Lollipops Home Daycare,50.0148,-125.24314,229.0,"360A 4Th Ave, Campbell River, BC",Campbell River,Daycare
Lollypop Childcare,49.357811,-123.093579,117.0,"4990 Cedarcrest Ave, North Vancouver, BC",North Vancouver,Daycare
Lonsdale Creek Day Care Centre  - Annex,49.328622,-123.077103,216.0,"240 21St St W, North Vancouver, BC",North Vancouver,Daycare
Lonsdale Creek Day Care Centre - Creekside,49.328618,-123.0771,68.0,"230 21St St W, North Vancouver, BC",North Vancouver,Daycare
Lonsdale Preschool Harry Jerome Complex,49.329915,-123.069731,271.0,"123 23Rd St E, North Vancouver, BC",North Vancouver,Daycare
Lord Baden-Powell Elementary,49.2476147,-122.8743348,335.0,"450 Joyce St, Coquitlam, BC",Coquitlam,Elementary Public School
Lord Beaconsfield Elementary,49.2519686,-123.052687,315.0,"3663 Penticton St, Vancouver, BC",Vancouver,Elementary Public School
Lord Byng Elementary,49.1308633,-123.1834679,390.0,"3711 Georgia St, Richmond, BC",Richmond,Elementary Public School
Lord Byng Secondary,49.2581474,-123.1922564,1200.0,"3939 16th Ave W, Vancouver, BC",Vancouver,Secondary Public School
Lord Kelvin Elementary,49.2108596,-122.9298929,460.0,"1010 Hamilton St, New Westminster, BC",New Westminster,Elementary Public School
Lord Kitchener Elementary,49.2506741,-123.1808524,510.0,"3455 W. King Edward Ave, Vancouver, BC",Vancouver,Elementary Public School
Lord Nelson Elementary,49.2725064,-123.0592966,490.0,"1355 Garden Drive, Vancouver, BC",Vancouver,Elementary Public School
Lord Roberts Elementary,49.2870568,-123.1381904,695.0,"1100 Bidwell St, Vancouver, BC",Vancouver,Elementary Public School
Lord Roberts ymca Kids Club,49.286765,-123.137923,140.0,"1100 Bidwell St, Vancouver, BC",Vancouver,Daycare
Lord Selkirk Annex,49.245291,-123.0727627,145.0,"4444 Dumfries St, Vancouver, BC",Vancouver,Elementary Public School
Lord Selkirk Elementary,49.249678,-123.0687915,775.0,"1750 22nd Ave E, Vancouver, BC",Vancouver,Elementary Public School
Lord Strathcona Community Elementary,49.2800092,-123.0925324,510.0,"592 Pender St E, Vancouver, BC",Vancouver,Elementary Public School
Lord Strathcona Elementary School Seamless Day,49.280009,-123.092532,168.0,"592 Pender St E, Vancouver, BC",Vancouver,Daycare
Lord Tennyson Elementary,49.2623759,-123.1490268,460.0,"1936 10th Ave W, Vancouver, BC",Vancouver,Elementary Public School
Lord Tennyson Out Of School Care,49.262349,-123.149372,232.0,"2650 Maple St, Vancouver, BC",Vancouver,Daycare
Lord Tweedsmuir Elementary,49.2054551,-122.9422844,405.0,"1714 Eighth Ave, New Westminster, BC",New Westminster,Elementary Public School
Lord Tweedsmuir Secondary,49.114454,-122.7240432,1400.0,"6151 180 St, Surrey, BC",Surrey,Elementary Public School
Lori’S Kids,48.466105,-123.383496,68.0,"642 Canterbury Rd, Victoria, BC",Victoria,Daycare
Lots Of Tots Childcare Center,52.984117,-122.493948,218.0,"450 Bowron Ave, Quesnel, BC",Quesnel,Daycare
Love & Care Family Daycare,49.281247,-122.753852,197.0,"3839 Toronto St, Port Coquitlam, BC",Port Coquitlam,Daycare
Love * Joy * Peace * Family Child Care,49.211341,-123.138752,206.0,"8236 French St, Vancouver, BC",Vancouver,Daycare
Love 2 Learn Childcare Services,49.221957,-122.691101,218.0,"107-12069 Harris Rd, Pitt Meadows, BC",Pitt Meadows,Daycare
Love 2 Learn Childcare Services Inc,49.22079,-122.690964,119.0,"12047 Harris Rd, Pitt Meadows, BC",Pitt Meadows,Daycare
Love And Laughter Family Child Care,49.102124,-116.507104,193.0,"701 16 Ave N, Creston, BC",Creston,Daycare
Love Bugs Childcare Centre,49.827801,-119.609279,199.0,"3775 Carrall Rd, West Kelowna, BC",West Kelowna,Daycare
Love Bugs Family Childcare,48.442043,-123.520193,190.0,"1062 Jenkins Ave, Victoria, BC",Victoria,Daycare
Love For Kids Childcare Centre,49.147528,-122.776335,129.0,"7966 161 St, Surrey, BC",Surrey,Daycare
Love Kids Daycare,49.263545,-122.802472,183.0,"3007 Pasture Cir, Coquitlam, BC",Coquitlam,Daycare
Love N Care Childcare,48.407877,-123.532225,92.0,"911 Wild Ridge Way, Victoria, BC",Victoria,Daycare
Love-Care Child Care Centre,49.347328,-123.082236,160.0,"504 Saville Crescent, North Vancouver, BC",North Vancouver,Daycare
Love-It Care,49.128347,-122.663796,271.0,"20131 69 Ave, Langley, BC",Langley,Daycare
Lovely Angels,49.240446,-123.041129,174.0,"4947 Manor St, Vancouver, BC",Vancouver,Daycare
Lovey's Little Angels Day Care,49.232281,-123.089632,192.0,"5761 Chester St, Vancouver, BC",Vancouver,Daycare
Loving Roots Childcare,49.130719,-122.643356,188.0,"7080 208A St, Langley, BC",Langley,Daycare
Lowell High School,49.279193,-123.1153389,,"210-750 Hamilton St, Vancouver, BC",Vancouver,Secondary Independent School
Lower Nicola Band Little Stars Head Start,50.137109,-120.8564,137.0,"201 Horn Rd, Merritt, BC",Merritt,Daycare
Lower Nicola Band School,50.142918,-120.8625637,,"201 Horn Rd, Merritt, BC",Merritt,Elementary Independent School
Lucerne Elem-Secondary,49.9926095,-117.3702659,270.0,"PO Box 130, New Denver, BC",New Denver,Elementary-Secondary Public School
Lucky Clover Daycare Centre,49.109749,-122.735872,293.0,"17579 59 Ave, Surrey, BC",Surrey,Daycare
Lucky Penny Garderie,50.991942,-118.188973,272.0,"722 4 St E, Revelstoke, BC",Revelstoke,Daycare
Lullaby Child Care,49.229696,-122.956518,128.0,"6368 Buckingham Dr, Burnaby, BC",Burnaby,Daycare
Lulu Berry And Lime Daycare,49.225539,-122.930323,260.0,"8013 16Th Ave, Burnaby, BC",Burnaby,Daycare
Lulu Land Infant Toddler Group Daycare,49.179936,-123.111464,151.0,"10128 Carter Crt, Richmond, BC",Richmond,Daycare
Lulu's Child Care Centre,49.180734,-122.781867,295.0,"15887 98 Ave, Surrey, BC",Surrey,Daycare
Lulu's Kids Corporation,48.649659,-123.399414,183.0,"9824 Fourth St, Sidney, BC",Sidney,Daycare
Lululala Child Care,49.246841,-122.783982,185.0,"1663 Mcpherson Dr, Port Coquitlam, BC",Port Coquitlam,Daycare
Luminosity Childcare,49.245649,-122.833799,341.0,"423 Mundy St, Coquitlam, BC",Coquitlam,Daycare
Luna Park Preschool,49.864371,-119.488975,200.0,"657 Raymer Rd, Kelowna, BC",Kelowna,Daycare
Lunar Early Childhood Learning Academy,49.157851,-122.288689,193.0,"8583 Kimball St, Mission, BC",Mission,Daycare
Lund Community Daycare,49.979191,-124.756982,232.0,"9654 Larson Road, Lund, BC",Lund,Daycare
Lund Puddlejumpers Preschool,49.979186,-124.756989,130.0,"9654 Larson Rd, Lund, BC",Lund,Daycare
Luvdale Childcare Centre,49.122006,-122.839691,168.0,"13804 65A Avenue, Surrey, BC",Surrey,Daycare
Luwechon Kots'ede'i Kime,58.437614,-129.992446,,"#1 Glacier Ave, Iskut, BC",Iskut,Elementary Jr. Secondary Independent School
Lux Mundi-Osc,48.422046,-123.358791,149.0,"912 Vancouver St, Victoria, BC",Victoria,Daycare
Lyndhurst Elementary,49.2593856,-122.8954271,145.0,"9847 Lyndhurst St, Burnaby, BC",Burnaby,Elementary Public School
Lynn Early Learning Centre,49.297193,-122.743705,158.0,"3504 Chandler St, Coquitlam, BC",Coquitlam,Daycare
Lynn Fripps Elementary,49.1519625,-122.6393963,660.0,"21020 83 Ave, Langley, BC",Langley,Elementary Public School
Lynn Valley Elementary,49.3390761,-123.0374557,295.0,"3207 Institute Road, North Vancouver, BC",North Vancouver,Elementary Public School
Lynn Valley Parent Participation Preschool,49.338328,-123.037197,178.0,"3220 Mountain Highway, North Vancouver, BC",North Vancouver,Daycare
Lynne's Daycare,49.082414,-123.090225,152.0,"4363 48A St, Delta, BC",Delta,Daycare
Lynnmour Creative Child Care Centre,49.318783,-123.024368,146.0,"1251 Lillooet Rd, North Vancouver, BC",North Vancouver,Daycare
Lynnmour Creative Childcare Centre,49.318783,-123.024368,231.0,"1251 Lillooet Rd, North Vancouver, BC",North Vancouver,Daycare
Lynnmour Elementary School,49.3146693,-123.0306403,270.0,"800 Forsman Ave, North Vancouver, BC",North Vancouver,Elementary Public School
M & B's Childcare,49.972476,-125.241667,262.0,"2060 College Dr, Campbell River, BC",Campbell River,Daycare
M B Sanford Elementary,49.1357373,-122.8258784,640.0,"7318 143 St, Surrey, BC",Surrey,Elementary Public School
M'n'm Montessori Childcare Centre Inc,49.151896,-122.284077,88.0,"33943 Barker Crt, Mission, BC",Mission,Daycare
M.V. Beattie Elementary,50.5535675,-119.142977,290.0,"PO Box 249, Enderby, BC",Enderby,Elementary Public School
Maaqtusiis Childcare Centre,49.276951,-126.060403,207.0,"520  Main St, Ahousat, BC",Ahousat,Daycare
Maaqtusiis Elementary,49.283333,-126.066667,,"530 Main Street, Ahousaht, BC",Ahousaht,Elementary Independent School
Maaqtusiis Secondary,49.2731994,-126.0529312,,"627 Hemlock Drive, Ahousaht, BC",Ahousaht,Secondary Independent School
Mackenzie Secondary,55.3409024,-123.0904421,550.0,"PO Box 578, Mackenzie, BC",Mackenzie,Elementary Public School
Mackenzie ymca Kids Club,49.234683,-123.086308,202.0,"960 39Th Ave E, Vancouver, BC",Vancouver,Daycare
Maddaugh Elementary,49.141108,-122.6851484,650.0,"19405 76 Ave, Surrey, BC",Surrey,Elementary Public School
Maddaugh Elementary Osc,49.141108,-122.685148,316.0,"19405 76Th Ave, Surrey, BC",Surrey,Daycare
Madeira Park Elementary,49.6212469,-124.0255344,120.0,"Box 151, Madeira Park, BC",Madeira Park,Elementary Public School
Madison Children's Centre,49.267764,-123.007359,112.0,"4397 Buchanan St, Burnaby, BC",Burnaby,Daycare
Madrona School,49.2625868,-123.1518987,,"2064 West 10th Avenue, Vancouver, BC",Vancouver,Elementary Jr. Secondary Independent School
Magee Secondary,49.2280789,-123.1515447,1200.0,"6360 Maple St, Vancouver, BC",Vancouver,Secondary Public School
Maggie's Multi-Age Day Home Ltd,49.478276,-117.28636,226.0,"212 Hart St, Nelson, BC",Nelson,Daycare
Magic Bean Daycare,49.137341,-123.170743,144.0,"4891 Hermitage Dr, Richmond, BC",Richmond,Daycare
Magic Day Daycare,49.994133,-125.248246,232.0,"900 Kit Cres, Campbell River, BC",Campbell River,Daycare
Magic Dragon Daycare,49.676274,-125.009071,72.0,"1589 Burgess Rd, Courtenay, BC",Courtenay,Daycare
Magic Hill Family Child Care,49.205849,-123.981269,213.0,"1860 Bay St, Nanaimo, BC",Nanaimo,Daycare
Magic Years Child Care Centre,49.030567,-122.787784,167.0,"1583 Lee St, White Rock, BC",White Rock,Daycare
Magic Years Child Development Center,49.231067,-122.777768,202.0,"2166 Drawbridge Close, Port Coquitlam, BC",Port Coquitlam,Daycare
Magical Beginnings,49.196967,-122.564405,110.0,"23711 106 Ave, Maple Ridge, BC",Maple Ridge,Daycare
Magical Memories Daycare,49.224137,-122.584509,197.0,"12200 230 St, Maple Ridge, BC",Maple Ridge,Daycare
Magical Moments Childcare,50.648899,-120.361834,261.0,"943 Laurel Pl, Kamloops, BC",Kamloops,Daycare
Magical Nook Childcare Centre,51.645818,-121.293785,231.0,"1-170 Cedar Ave, 100 Mile House, BC",100 Mile House,Daycare
Magnolia Early Learning Centre,49.709757,-124.983939,279.0,"4687 mclauchlin Dr, Courtenay, BC",Courtenay,Daycare
Mahi Family Child Care,49.195443,-122.823844,214.0,"10629 144 St, Surrey, BC",Surrey,Daycare
Mahon Park Childcare Centre,49.323473,-123.085093,209.0,"1601 Forbes Ave, North Vancouver, BC",North Vancouver,Daycare
Mahon Park Childcare Centre,49.323475,-123.085086,127.0,"1601 Forbes Ave, North Vancouver, BC",North Vancouver,Daycare
Maison Montessori Child Care,49.034449,-122.850045,320.0,"13444 Amblewood Dr, Surrey, BC",Surrey,Daycare
Majagaleehl Gali Aks Elementary,55.2535714,-127.6701884,220.0,"3990 John Field Rd, Hazelton, BC",Hazelton,Elementary Public School
Makannah's Daycare,49.085696,-123.092647,100.0,"4706 45A Ave, Delta, BC",Delta,Daycare
Making Friends Daycare,48.486014,-123.406389,89.0,"1222 Glyn Rd, Victoria, BC",Victoria,Daycare
Making Waves Childcare,49.600205,-119.68003,195.0,"119-12809 Kelly Ave, Summerland, BC",Summerland,Daycare
Malakwa Playschool,50.932682,-118.793125,220.0,"4055 Malakwa Cemetery Rd, Malakwa, BC",Malakwa,Daycare
Malaspina Child Care Centre,49.15716,-123.966663,223.0,"900 Fifth St, Nanaimo, BC",Nanaimo,Daycare
Malaspina Elementary,53.8496362,-122.7629659,315.0,"7900 Malaspina Ave, Prince George, BC",Prince George,Elementary Public School
Malaspina Preschool,49.165609,-123.956672,209.0,"205 Howard Ave, Nanaimo, BC",Nanaimo,Daycare
Malkin Park ymca Outdoor Adventures,49.232818,-123.17694,222.0,"3250 43Rd Ave W, Vancouver, BC",Vancouver,Daycare
Mama Bear Childcare,56.241863,-120.819547,204.0,"8507 96 Ave, Fort St. John, BC",Fort St. John,Daycare
Mama Bear Family Daycare,49.852905,-119.399941,213.0,"3680 Reekie Rd, Kelowna, BC",Kelowna,Daycare
Mama Bear's After School Care,52.099864,-122.123447,199.0,"1222 Dog Creek Rd, Williams Lake, BC",Williams Lake,Daycare
Mama Duck's Daycare,49.217778,-124.016157,218.0,"4162 Orchard Cir, Nanaimo, BC",Nanaimo,Daycare
Mama Luna Daycare,49.84246,-124.525885,205.0,"4672 Harvie Ave, Powell River, BC",Powell River,Daycare
Mama Moon Childcare Center,49.230588,-122.942194,194.0,"6736 6Th St, Burnaby, BC",Burnaby,Daycare
Mama Moose Family Child Care,49.28937,-123.055672,147.0,"2442 Trinity St, Vancouver, BC",Vancouver,Daycare
Mamacare Daycare Ltd,49.156787,-121.959095,318.0,"3-45676 Yale Rd, Chilliwack, BC",Chilliwack,Daycare
Mamacare Daycare Ltd,49.158837,-122.890886,262.0,"#2 - 8555 120Th St, Delta, BC",Delta,Daycare
Mamalina's Primary Montessori Childcare Centre,49.32651,-122.951318,239.0,"4317 Gallant Ave, North Vancouver, BC",North Vancouver,Daycare
Mamma Bears Cub House Daycare Ltd.,49.891263,-119.382065,191.0,"250 Gibbs Road W, Kelowna, BC",Kelowna,Daycare
Mamquam Elementary,49.7379456,-123.1366986,390.0,"PO Box 160, Squamish, BC",Squamish,Elementary Public School
Mandarin Immersion Childcare Center,49.295559,-122.757955,70.0,"1342 Canary Pl, Coquitlam, BC",Coquitlam,Daycare
Mandy's Childcare,54.217756,-130.288922,283.0,"160 Hillcrest Ave, Port Edward, BC",Port Edward,Daycare
Mandy's Family Daycare,49.324401,-123.097292,218.0,"881 17Th St W, North Vancouver, BC",North Vancouver,Daycare
Manoah Steves Elementary,49.1394569,-123.1886061,390.0,"10111 Fourth Ave, Richmond, BC",Richmond,Elementary Public School
Manoah ymca Kids Club,49.139457,-123.188606,201.0,"10111 4Th Ave, Richmond, BC",Richmond,Daycare
Mapes Elementary,53.8831796,-123.8746533,195.0,"14907 Mapes Rd, Vanderhoof, BC",Vanderhoof,Elementary Public School
Maple Bay Elementary,48.7983834,-123.6395328,390.0,"1500 Donnay Dr, North Cowichan, BC",North Cowichan,Elementary Public School
Maple Bay Preschool,48.781511,-123.666847,157.0,"5800 Church Rd, Duncan, BC",Duncan,Daycare
Maple Bay's Rising Stars After School Care,48.798462,-123.639441,202.0,"1500 Donnay Dr, Duncan, BC",Duncan,Daycare
Maple Child Care,49.675746,-124.93221,292.0,"260 Ivy Pl, Comox, BC",Comox,Daycare
Maple Childcare Center,49.178503,-122.805855,204.0,"15032 97 Ave, Surrey, BC",Surrey,Daycare
Maple Corner Daycare,49.21939,-122.560474,194.0,"23856 119B Ave, Maple Ridge, BC",Maple Ridge,Daycare
Maple Green Elementary,49.1573269,-122.8097361,540.0,"14898 Spenser Dr, Surrey, BC",Surrey,Elementary Public School
Maple Grove Elementary,49.2298453,-123.1502146,535.0,"6199 Cypress St, Vancouver, BC",Vancouver,Elementary Public School
Maple Grove ymca Kids Club,49.230752,-123.150076,251.0,"1924 45Th Ave W, Vancouver, BC",Vancouver,Daycare
Maple Hill School,49.1841245,-123.1357521,,"120-6411 Buswell St, Richmond, BC",Richmond,Secondary Independent School
Maple House Infant Toddler Daycare 1,49.137318,-123.139565,135.0,"7791 Tweedsmuir Ave, Richmond, BC",Richmond,Daycare
Maple House Infant/Toddler Daycare,49.14128,-123.153078,272.0,"6451 Williams Rd, Richmond, BC",Richmond,Daycare
Maple Lane Elementary,49.1383035,-123.1414092,245.0,"7671 Alouette Dr, Richmond, BC",Richmond,Elementary Public School
Maple Meadows Out Of School Care,49.217357,-122.595421,258.0,"22-22621 Lougheed Hwy, Maple Ridge, BC",Maple Ridge,Daycare
Maple Pathway Childcare Center,49.252205,-123.135354,211.0,"1329 Balfour Ave, Vancouver, BC",Vancouver,Daycare
Maple Ridge Adventure Preschool,49.22031,-122.620264,254.0,"21698 Dewdney Trunk Road, Maple Ridge, BC",Maple Ridge,Daycare
Maple Ridge Christian School,49.2233071,-122.6534127,,"12140 204b St, Maple Ridge, BC",Maple Ridge,Elementary-Secondary Independent School
Maple Ridge Elementary,49.211976,-122.6442776,515.0,"20820 River Rd, Maple Ridge, BC",Maple Ridge,Elementary Public School
Maple Ridge Secondary,49.225722,-122.614463,1300.0,"21911 122 Ave, Maple Ridge, BC",Maple Ridge,Elementary-Secondary Public School
Maple Treasure Children's Learning Centre,49.214864,-122.634322,157.0,"21176 117 Ave, Maple Ridge, BC",Maple Ridge,Daycare
Maple Treasure Children's Learning Centre Ltd,49.223105,-122.665207,154.0,"12081 201 St, Maple Ridge, BC",Maple Ridge,Daycare
Maple Tree Children's Centre (Pandora),48.4266,-123.353839,282.0,"1075 Pandora Ave, Victoria, BC",Victoria,Daycare
Maple Tree Children's Centre (Phoenix),48.439168,-123.397376,170.0,"846 Phoenix St, Esquimalt, BC",Esquimalt,Daycare
Maple Tree Children's Centre Aldersmith,48.448839,-123.426882,275.0,"A1 100 Aldersmith Pl, Victoria, BC",Victoria,Daycare
Maple Tree Montessori,49.110601,-123.921639,207.0,"1922 Kells Bay, Nanaimo, BC",Nanaimo,Daycare
Maple Tree Montessori,50.693032,-119.271052,115.0,"931 12 St Se, Salmon Arm, BC",Salmon Arm,Daycare
Maples Academy Keremeos,49.205742,-119.829075,208.0,"1-607 4Th St, Keremeos, BC",Keremeos,Daycare
Maples School Program,49.2522657,-123.0068751,,"2721 Lougheed Hwy, Coquitlam, BC",Coquitlam,Secondary Public School
Maquinna Elementary,49.2277402,-124.7921944,420.0,"3881 Bruce St, Port Alberni, BC",Port Alberni,Elementary Public School
Maquinna ymca Kids Club,49.268031,-123.0508,178.0,"2684 2Nd Ave E, Vancouver, BC",Vancouver,Daycare
Mar Jok Elementary,49.8759482,-119.5709013,460.0,"2101 Mcdougall Rd, West Kelowna, BC",West Kelowna,Elementary Public School
Maranatha Christian School,52.126253,-122.1169408,,"1278 Lakeview Cres, Williams Lake, BC",Williams Lake,Elementary Jr. Secondary Independent School
Maranatha Kids Care,49.066948,-122.337322,172.0,"3580 Clearbrook Rd, Abbotsford, BC",Abbotsford,Daycare
Maranatha Minis Daycare,52.125935,-122.117907,278.0,"1278 Lakeview Cres, Williams Lake, BC",Williams Lake,Daycare
Marble Hill Childcare,49.131184,-121.834882,141.0,"7105B Tahoma Pl, Chilliwack, BC",Chilliwack,Daycare
Marco's Daycare,48.461951,-123.325046,136.0,"3816 Kremlin St, Victoria, BC",Victoria,Daycare
Margaret Heights Day Care Centre,49.324439,-123.04267,224.0,"21-1800 Rufus Drive, North Vancouver, BC",North Vancouver,Daycare
Margaret Jenkins Elementary,48.415898,-123.3295351,485.0,"1824 Fairfield Rd, Victoria, BC",Victoria,Elementary Public School
Margaret Jenkins Osc,48.415898,-123.329549,170.0,"1824 Fairfield Rd, Victoria, BC",Victoria,Daycare
Margaret Ma Murray Community School,56.2511636,-120.8718142,385.0,"11504 105th Ave, Fort St John, BC",Fort St John,Elementary Public School
Margaret Stenersen Elementary,49.0576629,-122.2691363,400.0,"3060 Old Clayburn Rd, Abbotsford, BC",Abbotsford,Elementary Public School
Margie's Family Childcare,49.170529,-122.65675,145.0,"9224 204 St, Langley, BC",Langley,Daycare
Marguerite Out Of School Care,49.248447,-123.143797,173.0,"4250 Marguerite St, Vancouver, BC",Vancouver,Daycare
Maria Montessori Academy,48.4734628,-123.3185421,,"1841 Fairburn Dr, Victoria, BC",Victoria,Elementary Independent School
Maria Montessori Academy,48.473473,-123.318569,211.0,"1841 Fairburn Dr, Victoria, BC",Victoria,Daycare
Marie Sharpe Elementary,52.1348847,-122.1458444,370.0,"260 Cameron St, Williams Lake, BC",Williams Lake,Elementary Public School
Marigold Kids Klub,48.465168,-123.402601,232.0,"505 Marigold Rd, Victoria, BC",Victoria,Daycare
Marin Learning Center,49.205372,-122.99022,214.0,"5110 Marine Dr, Burnaby, BC",Burnaby,Daycare
Marina Bay Academy,49.35897,-123.267228,156.0,"3-5775 Marine Dr, West Vancouver, BC",West Vancouver,Daycare
Marina Bay Academy,49.35897,-123.267228,160.0,"3-5775 Marine Dr, West Vancouver, BC",West Vancouver,Daycare
Marion Schilling Childcare,50.676134,-120.256406,230.0,"2200 Park Dr, Kamloops, BC",Kamloops,Daycare
Marion Schilling Elementary,50.6761336,-120.2564058,315.0,"2200 Park Dr, Kamloops, BC",Kamloops,Elementary Public School
Mariposa Arts Academy,49.285986,-122.754184,213.0,"3421 Victoria Dr, Coquitlam, BC",Coquitlam,Daycare
Marlborough Early Years Care,49.229297,-122.989822,255.0,"6051 Royal Oak Ave, Burnaby, BC",Burnaby,Daycare
Marlbrough Neighbourhood Care,49.227953,-122.9897,250.0,"5151 Sanders St, Burnaby, BC",Burnaby,Daycare
Marpole Nghbrhd House Child Care And Early Learning Centre,49.210237,-123.136351,169.0,"1338 67Th Ave W, Vancouver, BC",Vancouver,Daycare
Marpole Nghbrhd House Child Care And Early Learning Centre,49.210237,-123.136351,181.0,"1338 67Th Ave W, Vancouver, BC",Vancouver,Daycare
Marpole Nghbrhd House Child Care And Early Learning Centre,49.210237,-123.136351,188.0,"1338 67Th Ave W, Vancouver, BC",Vancouver,Daycare
Marpole Oakridge Family Place Society,49.210109,-123.118342,262.0,"8188 Lord St, Vancouver, BC",Vancouver,Daycare
Marpole Oakridge Family Place Society (Mofp),49.210207,-123.117993,219.0,"8188 Lord St, Vancouver, BC",Vancouver,Daycare
Martha Currie Elementary,49.1078163,-122.7129516,680.0,"5811 184 St, Surrey, BC",Surrey,Elementary Public School
Martha Currie Out Of School Care,49.107815,-122.712947,155.0,"5811 184 St, Surrey, BC",Surrey,Daycare
Martha Jane Norris Elementary,49.1237254,-122.8642598,515.0,"12928 66a Ave, Surrey, BC",Surrey,Elementary Public School
Martha's Family Childcare,49.215535,-123.135902,105.0,"7731 Montcalm St, Vancouver, BC",Vancouver,Daycare
Martin Morigeau Elementary,50.1614008,-115.8177075,120.0,"4891 Beatty Avenue, Canal Flats, BC",Canal Flats,Elementary Public School
Mary Jane Shannon Elementary,49.1965552,-122.8227659,490.0,"10682 144 St, Surrey, BC",Surrey,Elementary Public School
Mary Poppins Daycare,48.472204,-123.524395,288.0,"1185 Natures Gate, Langford, BC",Langford,Daycare
Marysville Elementary,49.6345692,-115.9509509,220.0,"546 309 Ave, Kimberley, BC",Kimberley,Elementary Public School
Marzanna's Montessori Preschool,49.241043,-123.067579,146.0,"4824 Commercial St, Vancouver, BC",Vancouver,Daycare
Mathieson After School Childcare Centre,49.135523,-121.9739,184.0,"45195 Wells Rd, Chilliwack, BC",Chilliwack,Daycare
Mathxwí Elementary School,49.1059076,-122.292749,170.0,"33661 Elizabeth Ave, Abbotsford, BC",Abbotsford,Elementary Public School
Matthew McNair Secondary,49.1423045,-123.114043,1125.0,"9500 No. 4 Rd, Richmond, BC",Richmond,Elementary Public School
Maum Green Early Care & Learning Centre,49.111725,-121.917401,295.0,"47240 Laughington Pl, Chilliwack, BC",Chilliwack,Daycare
Maven Lane - Creekside,50.222612,-119.232901,180.0,"10104 Kalamalka Rd, Coldstream, BC",Coldstream,Daycare
Maven Lane Coldstream,50.22402,-119.231142,318.0,"9909 Kalamalka Rd, Coldstream, BC",Coldstream,Daycare
Mayne Island Daycare,48.8471,-123.289071,188.0,"493A Felix Jack Rd, Mayne Island, BC",Mayne Island,Daycare
Mayne Island School,48.8479245,-123.2827886,100.0,"535 Fernhill Road, Mayne Island, BC",Mayne Island,Elementary Public School
Mayra's Daycare,54.057569,-128.634128,152.0,"4 Grebe St, Kitimat, BC",Kitimat,Daycare
Maywood Community Elementary,49.22286,-122.9996562,465.0,"4567 Imperial St, Burnaby, BC",Burnaby,Elementary Public School
Maywood Neighbourhood Care,49.222893,-122.999763,284.0,"4567 Imperial St, Burnaby, BC",Burnaby,Daycare
Mb Sanford ymca Kids Club,49.135737,-122.825878,124.0,"7318 143 St, Surrey, BC",Surrey,Daycare
McBride Centennial Elementary,53.3011385,-120.1657467,195.0,"PO Box 187, Mcbride, BC",Mcbride,Elementary Public School
McBride Secondary,53.2973411,-120.1640551,200.0,"PO Box 200, Mcbride, BC",Mcbride,Secondary Public School
McCammon Elementary,49.1773321,-121.9684239,465.0,"9601 Hamilton St, Chilliwack, BC",Chilliwack,Elementary Public School
McCloskey Elementary,49.1495183,-122.9033236,515.0,"11531 80 Ave, Delta, BC",Delta,Elementary Public School
McGirr Elementary,49.2404607,-124.0324409,390.0,"6199 Mcgirr Rd, Nanaimo, BC",Nanaimo,Elementary Public School
McGowan Park Elementary,50.6446041,-120.3419866,285.0,"2080 Tremerton Dr, Kamloops, BC",Kamloops,Elementary Public School
McKenzie Elementary,48.4671392,-123.3910686,340.0,"4005 Raymond St N, Victoria, BC",Victoria,Elementary Public School
McLeod Elementary Secondary,55.7873217,-120.8463359,145.0,"PO Box 157, Groundbirch, BC",Groundbirch,Elementary Jr. Secondary Public School
McLeod Road Traditional,49.1180003,-122.8291153,195.0,"6325 142 St, Surrey, BC",Surrey,Elementary Public School
McMillan Elementary,49.0439172,-122.2591141,390.0,"34830 Oakhill Dr, Abbotsford, BC",Abbotsford,Elementary Public School
Mckim Middle School,49.6801578,-115.9799118,400.0,"689 Rotary Dr, Kimberley, BC",Kimberley,Elementary Public School
Mcnaughton Centre,52.9767716,-122.4943008,,"241 Kinchant St, Quesnel, BC",Quesnel,Elementary Public School
Meadow Montessori,49.2093409,-122.6499446,,"11391 Dartford St, Maple Ridge, BC",Maple Ridge,Elementary Independent School
Meadow Montessori School Society,49.209264,-122.649966,254.0,"11391 Dartford St, Maple Ridge, BC",Maple Ridge,Daycare
Meadow Ridge Centre For Child Care,49.217604,-122.627699,344.0,"4-21409 Lougheed Hwy, Maple Ridge, BC",Maple Ridge,Daycare
Meadowbrook Elementary,49.2662438,-122.8005273,265.0,"900 Sharpe St, Coquitlam, BC",Coquitlam,Elementary Public School
Meadowbrook Players,49.266256,-122.800539,205.0,"900 Sharpe St, Coquitlam, BC",Coquitlam,Daycare
Meadowland Childcare Ltd,49.067173,-122.331637,249.0,"32241 Clinton Ave, Abbotsford, BC",Abbotsford,Daycare
Meadowood Munchkins F.C.C.,49.321158,-124.570179,236.0,"1915 Pierce Way, Qualicum Beach, BC",Qualicum Beach,Daycare
Meadowridge School,49.2241661,-122.554271,,"12224 240 St, Maple Ridge, BC",Maple Ridge,Elementary-Secondary Independent School
Meadowridge School - Junior Kindergarten & School Age Care,49.224745,-122.557117,60.0,"12224 240 St, Maple Ridge, BC",Maple Ridge,Daycare
Meadowside,48.433837,-123.3896,172.0,"740 Sherk St, Victoria, BC",Victoria,Daycare
Meaningful Mind Daycare Centre,49.111726,-122.860343,246.0,"13070 60 Ave, Surrey, BC",Surrey,Daycare
Meaningful Minds,49.226864,-122.688952,170.0,"10-12350 Harris Rd, Pitt Meadows, BC",Pitt Meadows,Daycare
Mee Wee's Corner Family Daycare,49.23225,-122.624796,178.0,"12628 215Th St, Maple Ridge, BC",Maple Ridge,Daycare
Megan's Ll Sparwood Kid's Corp,49.746695,-114.89365,144.0,"102-1290 Ponderosa Dr, Sparwood, BC",Sparwood,Daycare
Megan's Munchkins,49.096216,-122.649253,183.0,"20701 51A Ave, Langley, BC",Langley,Daycare
Megans Nature Childcare,53.94497,-122.79841,172.0,"4236 Churchill Rd, Prince George, BC",Prince George,Daycare
Megans Puddle Jumpers,48.420915,-123.496066,280.0,"519 Acland Ave, Victoria, BC",Victoria,Daycare
Mei Elementary Preschool,49.075743,-122.347627,181.0,"31655 Downes Rd, Abbotsford, BC",Abbotsford,Daycare
Mel's Monsters,48.975154,-123.806192,192.0,"408 Davis Rd, Ladysmith, BC",Ladysmith,Daycare
Melody's Daycare,49.040582,-122.842257,304.0,"13681 21 Ave, Surrey, BC",Surrey,Daycare
Melody's Munchkins Daycare,49.185374,-121.79889,263.0,"51535 Old Yale Rd, Rosedale, BC",Rosedale,Daycare
Mem7iman Child Development Centre,49.471927,-123.752514,227.0,"5601 Swiyk'als Dr, Sechelt, BC",Sechelt,Daycare
Mem7iman Child Development Centre - Mena Program,49.471927,-123.752514,121.0,"5601 Swiyk'als Dr, Sechelt, BC",Sechelt,Daycare
Meme Childcare,49.294916,-122.743782,154.0,"3495 David Ave, Coquitlam, BC",Coquitlam,Daycare
Mennonite Educational Institute,49.0757702,-122.3477023,,"4081 Clearbrook Rd, Abbotsford, BC",Abbotsford,Elementary-Secondary Independent School
Mer-et-montagne,49.9874368,-125.2337629,95.0,"1102 South Alder St, Campbell River, BC",Campbell River,Elementary Jr. Secondary Public School
Meraki Learning Centre,49.25937,-123.198567,175.0,"4147 15 Ave W, Vancouver, BC",Vancouver,Daycare
Meri's Kids,49.259775,-122.746908,182.0,"2451 Ottawa St, Port Coquitlam, BC",Port Coquitlam,Daycare
Meridian Centre,49.039091,-122.806477,219.0,"2040 150Th St, Surrey, BC",Surrey,Daycare
Meridian Park ymca Kids Club,49.045457,-122.805973,120.0,"15024 24 Ave, Surrey, BC",Surrey,Daycare
Merita Learning Center,49.150878,-122.755555,177.0,"16845 81A Ave, Surrey, BC",Surrey,Daycare
Merritt Bench Elementary,50.1212523,-120.7762295,120.0,"3341 Grimmet St, Merritt, BC",Merritt,Elementary Public School
Merritt Central Elementary,50.1072853,-120.7920784,345.0,"PO Box 4100, Merritt, BC",Merritt,Elementary Public School
Merritt Secondary,50.1089668,-120.7954184,675.0,"PO Box 5100, Merritt, BC",Merritt,Elementary Public School
Merry King Preschool,49.14686,-123.181249,190.0,"9180 No. 1 Rd, Richmond, BC",Richmond,Daycare
Merryland Daycare,49.341396,-123.088861,226.0,"776 Donegal Pl, North Vancouver, BC",North Vancouver,Daycare
Merseyside Early Learning Centre,49.192546,-122.932489,147.0,"401 Ewen Ave, New Westminster, BC",New Westminster,Daycare
Merville Montessori School,49.786754,-125.062887,192.0,"1245 Fenwick Rd, Merville, BC",Merville,Daycare
Mes Amis Childcare,49.166032,-121.969945,151.0,"45345 Westview Ave, Chilliwack, BC",Chilliwack,Daycare
Messy Hands Early Learning Center,49.241218,-122.77337,179.0,"1457 Pitt River Rd, Port Coquitlam, BC",Port Coquitlam,Daycare
Meta Montessori House,49.254658,-123.029761,229.0,"3405 Worthington Dr, Vancouver, BC",Vancouver,Daycare
Metchosin Preschool,48.3808,-123.532383,252.0,"1023-4495 Happy Valley Rd, Victoria, BC",Victoria,Daycare
Metlakatla Aboriginal Head Start,54.33691,-130.443741,104.0,"5 L Duncan, Metlakatla, BC",Metlakatla,Daycare
Metrotown Daycare,49.217879,-123.0026,97.0,"7250 Dow Ave, Burnaby, BC",Burnaby,Daycare
Mgp Mother Goose Playschool,49.099126,-122.699338,224.0,"18878 53A Ave, Surrey, BC",Surrey,Daycare
Mi Alegria Daycare,48.473457,-123.326174,163.0,"1732 Carnegie Cres, Victoria, BC",Victoria,Daycare
Mi Mundo Childcare Center,48.44829,-123.356053,142.0,"3145 Blackwood St, Victoria, BC",Victoria,Daycare
Mi Otra Casa Family Daycare,50.267273,-119.263918,168.0,"2-2404 35 Ave, Vernon, BC",Vernon,Daycare
Mia Montessori Academy,49.116753,-123.157029,270.0,"110-6111 Dyke Rd, Richmond, BC",Richmond,Daycare
Mia Montessori Academy,49.117269,-123.158135,252.0,"100-6160 London Rd, Richmond, BC",Richmond,Daycare
Mia Montessori Academy,49.117269,-123.1581346,,"3128 Regent St, Richmond, BC",Richmond,Elementary Independent School
Mickey's Playhouse Family Child Care,49.324602,-123.11654,164.0,"1657 Bowser Ave, North Vancouver, BC",North Vancouver,Daycare
Midtown Childcare & Learning Center,49.158223,-121.964457,95.0,"45564 Meadowbrook Dr, Chilliwack, BC",Chilliwack,Daycare
Midtown Childcare & Learning Center - Sardis,49.104265,-121.972028,261.0,"45255 Keith Wilson Rd, Chilliwack, BC",Chilliwack,Daycare
Mighty Cubs Childcare,49.159923,-122.806432,197.0,"15010 Ashby Pl, Surrey, BC",Surrey,Daycare
Mighty Learners,49.269987,-124.816867,265.0,"5055 Compton Rd, Port Alberni, BC",Port Alberni,Daycare
Mighty Learners Day Home,50.70345,-120.385629,138.0,"1631 Spartan Pl, Kamloops, BC",Kamloops,Daycare
Mighty Minds Child Care,49.121626,-122.650862,179.0,"6550 207 St, Langely, BC",Langely,Daycare
Mighty Mouse Daycare,50.26055,-119.2692,250.0,"8-2601 Highway 6, Vernon, BC",Vernon,Daycare
Mighty Munchkins,50.825389,-119.686188,171.0,"519 Arbutus St, Chase, BC",Chase,Daycare
Mile 108 Elementary,51.7277384,-121.3320038,220.0,"PO Box 27, 108 Mile Ranch, BC",108 Mile Ranch,Elementary Public School
Miles Of Smiles,49.151404,-122.830964,143.0,"8186 141 St, Surrey, BC",Surrey,Daycare
Miles Of Smiles Childcare,49.481486,-117.296257,192.0,"1511 Robertson Ave, Nelson, BC",Nelson,Daycare
Milestones Childcare,48.434837,-123.414213,218.0,"1284 Rockcrest Ave, Esquimalt, BC",Esquimalt,Daycare
Milezero Academy,55.758467,-120.238244,200.0,"1300 104 Ave, Dawson Creek, BC",Dawson Creek,Daycare
Military Family Resource Centre Daycare,48.441598,-123.464064,182.0,"2610 Rosebank Rd, Victoria, BC",Victoria,Daycare
Military Family Resource Centre Out Of School Care,48.435955,-123.455795,270.0,"720 Galiano Cres, Victoria, BC",Victoria,Daycare
Milky Way Childcare Centre,49.174959,-122.851629,90.0,"9483 134 St, Surrey, BC",Surrey,Daycare
Millennium Family Daycare,49.703885,-124.980859,186.0,"1601B mclauchlin Dr, Courtenay, BC",Courtenay,Daycare
Miller Park Community School,49.2658223,-122.8789793,390.0,"800 Egmont Ave, Coquitlam, BC",Coquitlam,Elementary Public School
Miller Park Kidz Clubhouse,49.265822,-122.878979,193.0,"800 Egmont Ave, Coquitlam, BC",Coquitlam,Daycare
Millstream Elementary,48.4660969,-123.4958729,295.0,"626 Hoylake Ave, Victoria, BC",Victoria,Elementary Public School
Mimi Kids Paradise,49.320677,-123.118797,208.0,"1319 Oakwood Cres, North Vancouver, BC",North Vancouver,Daycare
Mimi's Family Childcare,49.761509,-123.15696,240.0,"41553 Brennan Rd, Squamish, BC",Squamish,Daycare
Mind Nest,49.238203,-122.870712,107.0,"915B Roderick Ave, Coquitlam, BC",Coquitlam,Daycare
Mindful Kids Childcare Center,49.172456,-122.634239,177.0,"21209 93A Ave, Langley, BC",Langley,Daycare
Mini Marvels Daycare,53.993834,-122.799733,316.0,"4369 Turner Rd, Prince George, BC",Prince George,Daycare
Mini Marvels Family Child Care Centre,49.201553,-124.023488,230.0,"2736 Goldfinch Cres, Nanaimo, BC",Nanaimo,Daycare
Mini Me Montessori Child Care,49.155993,-122.75964,170.0,"8425 167 St, Surrey, BC",Surrey,Daycare
Mini Meadow Childcare,49.228682,-123.048715,241.0,"2773 46Th Ave E, Vancouver, BC",Vancouver,Daycare
Mini Mingos Child Care Centre,49.236908,-122.51837,241.0,"25374 130 Ave, Maple Ridge, BC",Maple Ridge,Daycare
Mini Miracles,49.182798,-122.804265,351.0,"15083 99A Ave, Surrey, BC",Surrey,Daycare
Mini Miracles Children Centre,49.249637,-122.862088,173.0,"1102 Ridgeway Ave, Coquitlam, BC",Coquitlam,Daycare
Mini Miracles Family Centre,49.249355,-124.80128,220.0,"4006 8Th Ave, Port Alberni, BC",Port Alberni,Daycare
Mini Miracles Toddler Centre,49.246495,-122.871773,170.0,"913 Madore Ave, Coquitlam, BC",Coquitlam,Daycare
Mini Peak - Group Child Care (Under 36 Months),49.702066,-123.124458,98.0,"38398 Hemlock Ave, Squamish, BC",Squamish,Daycare
Minnekhada Middle School,49.2745916,-122.7524524,600.0,"1390 Laurier Ave, Port Coquitlam, BC",Port Coquitlam,Elementary Public School
Minnie Mouse And Friends,48.450012,-123.488707,180.0,"539 Hoffman Ave, Victoria, BC",Victoria,Daycare
Mira's Happy House,49.334537,-123.072488,188.0,"2705 Lonsdale Ave, North Vancouver, BC",North Vancouver,Daycare
Miracle Beach Elementary,49.8554928,-125.1183733,240.0,"8763 Paulsen Rd, Black Creek, BC",Black Creek,Elementary Public School
Mis Amiguitos Family Child Care,49.276396,-123.028115,192.0,"9-3550 Adanac St, Vancouver, BC",Vancouver,Daycare
Mis Amiguitos Family Daycare,50.270354,-119.266966,153.0,"3900 27 St, Vernon, BC",Vernon,Daycare
Mish Mash,49.733878,-123.141171,247.0,"40022 Government Rd, Squamish, BC",Squamish,Daycare
Mish Mash,49.733879,-123.141166,147.0,"40022 Government Rd, Squamish, BC",Squamish,Daycare
Miss B's Family Daycare,49.566267,-115.777188,98.0,"5372 Hwy 95A, Cranbrook, BC",Cranbrook,Daycare
Miss Jenny's,49.231683,-122.926209,225.0,"7275 Newcombe St, Burnaby, BC",Burnaby,Daycare
Miss Mandy's Play And Learn,49.206646,-122.527241,123.0,"11238 250B St, Maple Ridge, BC",Maple Ridge,Daycare
Miss Melanie's Munchkins,54.774561,-127.169787,257.0,"3539 Alfred Ave, Smithers, BC",Smithers,Daycare
Miss Melissa's Preschool,49.925324,-119.433659,177.0,"108 Naito Crt, Kelowna, BC",Kelowna,Daycare
Miss Sarah's Daycare,48.429218,-123.517417,225.0,"923 Walfred Rd, Langford, BC",Langford,Daycare
Miss Vicki's Childcare Centre,49.147387,-122.636574,181.0,"21150 80 Ave, Langley, BC",Langley,Daycare
Miss Vicki's Daycare,49.669607,-124.99218,257.0,"1170 27Th St, Courtenay, BC",Courtenay,Daycare
Mission Central Elementary,49.1371556,-122.3038839,415.0,"7466 Welton St, Mission, BC",Mission,Elementary Public School
Mission Hill Elementary,50.2539418,-119.2827549,365.0,"1510 36 St, Vernon, BC",Vernon,Elementary Public School
Mission Hill Elementary School,50.253942,-119.282755,132.0,"1510 36 St, Vernon, BC",Vernon,Daycare
Mission Montessori Academy,49.13776,-122.307744,231.0,"33070 5Th Ave, Mission, BC",Mission,Daycare
Mission Montessori Outdoor Education Program,49.165764,-122.195289,149.0,"37151 Hawkins Pickle Rd, Mission, BC",Mission,Daycare
Mission Mountain Family Daycare,50.253167,-119.279889,310.0,"1502 34A St, Vernon, BC",Vernon,Daycare
Mission Online School,49.1412088,-122.3119379,,"Portable #7 32939 7th Ave, Mission, BC",Mission,Elementary-Secondary Public School
Mission Senior Secondary,49.1412088,-122.3119379,1250.0,"32939 7th Ave, Mission, BC",Mission,Secondary Public School
Mission Stars Childcare Centre,49.147166,-122.332196,139.0,"32222 14Th Ave, Mission, BC",Mission,Daycare
Mission Stars Childcare Centre (Hurd St),49.136133,-122.332984,242.0,"7381 Hurd St, Mission, BC",Mission,Daycare
Misty Meadows Out-Of-School Care,49.226212,-122.911597,271.0,"91 Courtney Cres, New Westminster, BC",New Westminster,Daycare
Mitchell Elementary,49.1855797,-123.0892241,540.0,"3800 No.5 Rd, Richmond, BC",Richmond,Elementary Public School
Mm Learning Inc Victoria 61,49.214525,-123.064952,115.0,"2043 E 61St Ave, Vancouver, BC",Vancouver,Daycare
Mm Learning Inc. Fraserview,49.211145,-123.061302,90.0,"2228 Fraserview Dr, Vancouver, BC",Vancouver,Daycare
Moberly Childcare Centre,49.214447,-123.084382,218.0,"1052 61St Ave E, Vancouver, BC",Vancouver,Daycare
Moberly Childcare Centre Inc. Prince Albert,49.2143,-123.088289,131.0,"7751 Prince Albert St, Vancouver, BC",Vancouver,Daycare
Moberly Childcare Centre Victoria,49.221207,-123.066265,303.0,"6905 Victoria Dr, Vancouver, BC",Vancouver,Daycare
Moberly Childcare Learning Centre,49.216409,-123.090641,199.0,"700 59Th Ave E, Vancouver, BC",Vancouver,Daycare
Moberly Lake Elementary,55.8330271,-121.7566476,50.0,"6531 Lakeshore Drive, Moberly Lake, BC",Moberly Lake,Elementary Public School
Modern Day Mommy Daycare,49.179698,-119.560965,209.0,"842 Stemwinder Ave, Oliver, BC",Oliver,Daycare
Moloo's Learning Centre,49.2383,-123.07789,257.0,"1356 35Th Ave E, Vancouver, BC",Vancouver,Daycare
Moloo's Learning Centre 59Th,49.216142,-123.078786,226.0,"1340 E 59Th Ave, Vancouver, BC",Vancouver,Daycare
Mom And Me Daycare,52.150807,-122.146783,219.0,"1275 Pigeon Ave, Williams Lake, BC",Williams Lake,Daycare
Mom's Lap Daycare,56.258082,-120.825784,155.0,"8813 113 Ave, Fort St. John, BC",Fort St. John,Daycare
Mom's Pride Childcare Centre,49.270977,-122.949989,227.0,"7328 Dunvegan Crt, Burnaby, BC",Burnaby,Daycare
Momentos De Ninos Childcare Ltd,49.211416,-122.97793,183.0,"5875 mckee St, Burnaby, BC",Burnaby,Daycare
Momentum Childcare,49.511239,-115.765198,172.0,"21 12Th Ave S, Cranbrook, BC",Cranbrook,Daycare
Momiji Japanese School,49.249107,-123.064672,247.0,"4010 Victoria Dr, Vancouver, BC",Vancouver,Daycare
Momma Joe's Day Care,49.694493,-124.962477,321.0,"1823 Hawk Dr, Courtenay, BC",Courtenay,Daycare
Mommy And Me Childcare,49.353481,-123.094649,350.0,"4540 Highland Blvd, North Vancouver, BC",North Vancouver,Daycare
Mommy Goose Child Care,49.026152,-122.778204,128.0,"1335 160A St, Surrey, BC",Surrey,Daycare
Mommy Goose Child Care Sullivan,49.111625,-122.810376,204.0,"1-14858 60 Ave, Surrey, BC",Surrey,Daycare
Mommy's Daycare,49.049219,-122.476231,154.0,"26994 26 Ave, Aldergrove, BC",Aldergrove,Daycare
Monarch Montessori School,49.266064,-123.206476,201.0,"4405 8Th Ave W, Vancouver, BC",Vancouver,Daycare
Mongio Early Learning Center,49.20521,-122.910959,287.0,"600 Royal Ave, New Westminster, BC",New Westminster,Daycare
Monica's Family Child Care,49.147279,-123.953851,196.0,"581 Seventh St, Nanaimo, BC",Nanaimo,Daycare
Monkey Butts Daycare,49.210478,-122.671522,228.0,"19844 Wildwood Cres S, Pitt Meadows, BC",Pitt Meadows,Daycare
Monkey Minders,49.220868,-122.921667,239.0,"220 Blackman St, New Westminster, BC",New Westminster,Daycare
Monkey Tree Learning Centre,49.169721,-124.000553,171.0,"2312 Towerview Cres, Nanaimo, BC",Nanaimo,Daycare
Monkey Tree Montessori Preschool,49.272392,-123.056498,272.0,"1394 Nanaimo St, Vancouver, BC",Vancouver,Daycare
Monkey Ville Childcare,49.154809,-122.805798,147.0,"8365 150A St, Surrey, BC",Surrey,Daycare
Monkey Ville Childcare Cloverdale,49.111583,-122.715186,200.0,"18309 60 Ave, Surrey, BC",Surrey,Daycare
Monkeytree Daycare,50.229675,-119.109041,172.0,"6454 Wilmar Way, Coldstream, BC",Coldstream,Daycare
Monte-Reggio Child Care,49.259185,-122.754467,266.0,"2407 Bennie Pl, Port Coquitlam, BC",Port Coquitlam,Daycare
Montecito Elementary,49.2645527,-122.9521696,315.0,"2176 Duthie Ave, Burnaby, BC",Burnaby,Elementary Public School
Monterey Middle School,48.4181845,-123.3140401,500.0,"851 Monterey Ave, Victoria, BC",Victoria,Elementary Public School
Montessori And More Learning Centre,49.282326,-123.055046,218.0,"2475 Franklin St, Vancouver, BC",Vancouver,Daycare
Montessori Bambini Family Child Care,49.283798,-123.139239,107.0,"101-1516 Burnaby St, Vancouver, BC",Vancouver,Daycare
Montessori Beginnings Preschool And Kindergarten,49.216415,-122.618997,84.0,"21746 Lougheed Hwy, Maple Ridge, BC",Maple Ridge,Daycare
Montessori Children's Centre,50.674731,-120.322532,268.0,"759 Seymour St, Kamloops, BC",Kamloops,Daycare
Montessori Infant/Toddler's Cottage,50.674729,-120.322305,232.0,"767 Seymour St, Kamloops, BC",Kamloops,Daycare
Montessori Mes Petits Academy 2010,49.317563,-123.068995,220.0,"1046 St. Georges Ave, North Vancouver, BC",North Vancouver,Daycare
Montessori Minds Childcare Centre Ltd #2,49.204356,-122.930357,287.0,"526 1310 Cariboo St, New Westminster, BC",New Westminster,Daycare
Montessori Minds Childcare Centre Ltd.,50.028167,-125.245361,237.0,"1003 1287 Shoppers Row, Campbell River, BC",Campbell River,Daycare
Montessori Village Child Care,49.202545,-122.779597,231.0,"15969 110 Ave, Surrey, BC",Surrey,Daycare
Montessori World Daycare,49.231128,-123.104353,298.0,"75 43Rd Ave E, Vancouver, BC",Vancouver,Daycare
Montroyal Elementary,49.3616194,-123.0968917,345.0,"5310 Sonora Dr, North Vancouver, BC",North Vancouver,Elementary Public School
Montroyal Learning Academy And Child Care Center Ltd,49.36205,-123.098517,309.0,"5390 Cliffridge Ave, North Vancouver, BC",North Vancouver,Daycare
Moody Elementary,49.2761257,-122.8513441,270.0,"110 Buller St, Port Moody, BC",Port Moody,Elementary Public School
Moon And Sun Day Care,49.215463,-123.123541,111.0,"7648 Heather St, Vancouver, BC",Vancouver,Daycare
Moon Childcare Centre,49.148374,-122.78021,217.0,"15945 80 Ave, Surrey, BC",Surrey,Daycare
Moonlight Daycare,53.992194,-122.781924,154.0,"6896 Helm Dr, Prince George, BC",Prince George,Daycare
Moontides,49.70153,-124.927993,168.0,"1840 Knight Rd, Comox, BC",Comox,Daycare
Mooshy Daycare,49.351096,-123.084403,233.0,"4417 Valencia Ave, North Vancouver, BC",North Vancouver,Daycare
Morfee Elementary,55.3411468,-123.1036459,395.0,"PO Box 1150, Mackenzie, BC",Mackenzie,Elementary Public School
Morgan Creek Montessori Ltd,49.063334,-122.798173,149.0,"144-3388 Rosemary Heights Cres, Surrey, BC",Surrey,Daycare
Morgan Elementary,49.0631938,-122.78849,625.0,"3366 156a St, Surrey, BC",Surrey,Elementary Public School
Morgan Point Children's Centre,49.063199,-122.788496,197.0,"3366 156A St, Surrey, BC",Surrey,Daycare
Morley Elementary,49.2266835,-122.9583211,565.0,"7355 Morley St, Burnaby, BC",Burnaby,Elementary Public School
Mormon Hills Elementary Secondary,49.0156004,-116.4315711,,"876 Lyons Rd, Creston, BC",Creston,Elementary Jr. Secondary Independent School
Morning Glory Montessori Children's Centre,49.145369,-123.120544,212.0,"9491 Ash St, Richmond, BC",Richmond,Daycare
Morning Glory Montessori Children's Centre,49.145369,-123.120544,214.0,"9491 Ash St, Richmond, BC",Richmond,Daycare
Morning Star Child Educare,49.272097,-122.955298,245.0,"1345 Aldrin Pl, Burnaby, BC",Burnaby,Daycare
Morning Star Daycare,49.131861,-122.666747,167.0,"7099 200A St, Langley, BC",Langley,Daycare
Mosaic Child Care Centre,49.260203,-123.069386,133.0,"2710 Commercial Dr, Vancouver, BC",Vancouver,Daycare
Mosaic Child Care Centre,49.260203,-123.069386,186.0,"2710 Commercial Dr, Vancouver, BC",Vancouver,Daycare
Mosaic Montessori Preschool,49.266039,-123.170467,227.0,"2268 Bayswater St, Vancouver, BC",Vancouver,Daycare
Moscrop Secondary,49.243877,-123.0051776,1375.0,"4433 Moscrop St, Burnaby, BC",Burnaby,Secondary Public School
Mossy Branches Inc,49.382521,-121.443885,121.0,"310 Queen St, Hope, BC",Hope,Daycare
Mossy Creek Childcare,49.177857,-121.951169,168.0,"46017 Lewis Ave, Chilliwack, BC",Chilliwack,Daycare
Mother Bear Child Development Capilano,49.322218,-123.121326,150.0,"206 Lawa Ave, West Vancouver, BC",West Vancouver,Daycare
Mother Bear Child Development Capilano,49.322218,-123.121326,186.0,"206 Lawa Ave, West Vancouver, BC",West Vancouver,Daycare
Mother Bear Child Development Program,49.315905,-123.087328,152.0,"427 1St St W, North Vancouver, BC",North Vancouver,Daycare
Mother Bear Child Development Program,49.315905,-123.087328,185.0,"427 1St St W, North Vancouver, BC",North Vancouver,Daycare
Mother Heart Childcare,49.228819,-122.699798,112.0,"12445 188A St, Pitt Meadows, BC",Pitt Meadows,Daycare
Mother Nature's Daycare,49.171904,-121.961183,177.0,"45647 Kipp Ave, Chilliwack, BC",Chilliwack,Daycare
Mother's Care,49.905321,-119.364143,79.0,"1290 Gibson Rd, Kelowna, BC",Kelowna,Daycare
Mother's Love Day Care,49.18193,-122.85638,148.0,"9866 132 St, Surrey, BC",Surrey,Daycare
Mother's Touch Daycare,50.258082,-119.308353,201.0,"2812 Lardeau Way, Vernon, BC",Vernon,Daycare
Mount Baker Secondary,49.5130347,-115.7616032,925.0,"1410 Baker St, Cranbrook, BC",Cranbrook,Elementary Public School
Mount Benson Elementary,49.2058103,-124.0194803,,"4355 Jingle Pot Rd, Nanaimo, BC",Nanaimo,Elementary Public School
Mount Boucherie Secondary,49.8589999,-119.5827126,1325.0,"2751 Cameron Rd, West Kelowna, BC",West Kelowna,Secondary Public School
Mount Cheam Christian School,49.1759728,-121.8712022,,"48988 Yale Rd East, Chilliwack, BC",Chilliwack,Elementary-Secondary Independent School
Mount Currie View Family Childcare,50.316017,-122.802244,230.0,"9-7370 Hwy 99, Pemberton, BC",Pemberton,Daycare
Mount Douglas Secondary,48.4716012,-123.3187423,975.0,"3970 Gordon Head Rd, Victoria, BC",Victoria,Secondary Public School
Mount Elizabeth Middle/Secondary,54.0615124,-128.6273535,1175.0,"1491 Kingfisher Ave N, Kitimat, BC",Kitimat,Elementary Public School
Mount Pleasant Elementary,49.2641707,-123.0940746,315.0,"2300 Guelph St, Vancouver, BC",Vancouver,Elementary Public School
Mount Pleasant Nbrhd House Before & After School Care (Bac),49.260205,-123.093993,209.0,"2740 Guelph St, Vancouver, BC",Vancouver,Daycare
Mount Pleasant Neighbourhood House Group Day Care,49.262145,-123.08677,89.0,"800 Broadway E, Vancouver, BC",Vancouver,Daycare
Mount Pleasant Neighbourhood House Preschool,49.262145,-123.08677,238.0,"800 Broadway E, Vancouver, BC",Vancouver,Daycare
Mount Pleasant ymca Kids Club,49.26404,-123.094042,208.0,"2300 Guelph St, Vancouver, BC",Vancouver,Daycare
Mount Sentinel Secondary,49.4463804,-117.5373076,400.0,"PO Box 99, South Slocan, BC",South Slocan,Elementary-Secondary Public School
Mount Slesse Middle School,49.1095786,-121.9776519,650.0,"5871 Tyson Rd, Chilliwack, BC",Chilliwack,Elementary Public School
Mountain Bear Daycare,49.134743,-121.838321,158.0,"7240 Bryant Pl, Chilliwack, BC",Chilliwack,Daycare
Mountain Child Early Learning & Care Centre,51.295178,-116.952956,160.0,"1000 14 Ave S, Golden, BC",Golden,Daycare
Mountain Christian School,55.7647324,-120.218233,,"9700 5 St, Dawson Creek, BC",Dawson Creek,Elementary-Secondary Independent School
Mountain Elementary,49.0429861,-122.2348098,385.0,"2299 Mountain Dr, Abbotsford, BC",Abbotsford,Elementary Public School
Mountain Meadows Elementary,49.290215,-122.8245821,335.0,"999 Noons Creek Dr, Port Moody, BC",Port Moody,Elementary Public School
Mountain Minis,50.079196,-123.041921,154.0,"40 1040 Legacy Way, Whistler, BC",Whistler,Daycare
Mountain Montessori Early Learning Centre,49.500562,-117.278976,188.0,"310 Nelson Ave, Nelson, BC",Nelson,Daycare
Mountain View Childcare,49.334652,-123.072123,142.0,"2725 Lonsdale Ave, North Vancouver, BC",North Vancouver,Daycare
Mountain View Christian,50.6180071,-119.1826457,,"20 Gardom Lake Rd, Enderby, BC",Enderby,Elementary Jr. Secondary Independent School
Mountain View Christian Academy,54.5203613,-128.6457124,,"3306 Griffith St, Terrace, BC",Terrace,Elementary-Secondary Independent School
Mountain View Elementary,49.25914,-122.8791086,270.0,"740 Smith Ave, Coquitlam, BC",Coquitlam,Elementary Public School
Mountain View Elementary,49.2623,-124.1938161,390.0,"2480 Wellington Rd E, Nanaimo, BC",Nanaimo,Elementary Public School
Mountain View Group Daycare 7,49.25914,-122.879109,103.0,"740 Smith Ave, Coquitlam, BC",Coquitlam,Daycare
Mountain View Modified Montessori Preschool,49.871159,-119.355188,219.0,"1375 Loseth Dr, Kelowna, BC",Kelowna,Daycare
Mountains Of Fun Daycare Inc,49.323069,-123.037538,213.0,"1336 16Th St E, North Vancouver, BC",North Vancouver,Daycare
Mountainside Secondary,49.3405154,-123.0814266,,"3365 Mahon Ave, North Vancouver, BC",North Vancouver,Secondary Public School
Mountainview Montessori,49.1807643,-122.7994587,440.0,"15225 98 Ave, Surrey, BC",Surrey,Elementary Public School
Mountview Elementary,52.0998637,-122.1234469,195.0,"1222 Dog Creek Rd, Williams Lake, BC",Williams Lake,Elementary Public School
Mouse Mountain Elementary,54.0602558,-124.8374751,265.0,"Po Bag 3001, Fraser Lake, BC",Fraser Lake,Elementary Public School
Mouse Mountain Elementary School,54.060256,-124.837475,299.0,"266 Taluk Ave, Fraser Lake, BC",Fraser Lake,Daycare
Movin On Up,54.235854,-125.756531,256.0,"270 9Th Ave, Burns Lake, BC",Burns Lake,Daycare
Mowachaht/Muchalaht Kaackamin Centre,49.779184,-126.051988,52.0,"100 Ouwatin Rd, Gold River, BC",Gold River,Daycare
Mr. Moose's Childcare Learning Centre Ltd.,49.047724,-122.333877,218.0,"32130 Hillcrest Ave, Abbotsford, BC",Abbotsford,Daycare
Mrs Dolling's Family Daycare,49.267741,-122.976548,86.0,"6050 Halifax St, Burnaby, BC",Burnaby,Daycare
Mrs. Appleberry Daycare,55.779535,-120.256082,184.0,"1825 83 Ave, Dawson Creek, BC",Dawson Creek,Daycare
Mrs. D's Playschool/Afterschool Program,49.38767,-119.595796,212.0,"Rm. 25 - 152 Linden Ave, Kaleden, BC",Kaleden,Daycare
Mrs. Malan's Music & Movement Preschool,49.256774,-124.22052,226.0,"1985 Rena Rd, Nanoose Bay, BC",Nanoose Bay,Daycare
Ms Patty's Westside Montessori Children's Centre,49.837407,-119.667494,252.0,"3155 Glenrosa Rd, West Kelowna, BC",West Kelowna,Daycare
Ms Sue's Daycare,49.835582,-119.648518,193.0,"3545 Dunbarton Rd, West Kelowna, BC",West Kelowna,Daycare
Ms. Lucy's Family Day Care,49.332869,-124.395361,189.0,"1065 Symons Cres, Qualicum Beach, BC",Qualicum Beach,Daycare
Msa Montessori Preschool,49.106986,-122.291858,303.0,"33676 St. Olaf Ave, Abbotsford, BC",Abbotsford,Daycare
Mt Lehman Elementary,49.1181532,-122.3836444,170.0,"6381 Mt Lehman Rd, Abbotsford, BC",Abbotsford,Elementary Public School
Mt Pleasant Neighbourhood House Kid's Peak After School Care,49.262154,-123.086769,168.0,"800 Broadway E, Vancouver, BC",Vancouver,Daycare
Mt. Arrowsmith Childcare,49.284028,-124.789022,164.0,"6211 Cherry Creek Rd, Port Alberni, BC",Port Alberni,Daycare
Mud Puddle Daycare,48.483048,-123.406282,248.0,"1170 Gerda Rd, Victoria, BC",Victoria,Daycare
Muddy Boots Child Care,48.427091,-123.493715,289.0,"3168 Pearkes Rd, Victoria, BC",Victoria,Daycare
Muddy Boots Child Care,49.202463,-124.033885,177.0,"3787 Avonlea Dr, Nanaimo, BC",Nanaimo,Daycare
Muheim Memorial Elementary,54.7781195,-127.1673682,270.0,"PO Box 2260, Smithers, BC",Smithers,Elementary Public School
Mulberry Tree Infant And Toddler Childcare,49.279063,-123.021486,249.0,"3784 Frances St, Burnaby, BC",Burnaby,Daycare
Mulgrave Early Learning Centre,49.349178,-123.196132,325.0,"2330 Cypress Lane, West Vancouver, BC",West Vancouver,Daycare
Mulgrave School,49.3493639,-123.19385,,"2330 Cypress Bowl Lane, West Vancouver, BC",West Vancouver,Elementary-Secondary Independent School
Multi Colours Daycare,49.126314,-122.700162,289.0,"18841 68Th Ave, Surrey, BC",Surrey,Daycare
Mum's Montessori Child Care Center,49.319092,-123.058651,170.0,"530 12Th St E, North Vancouver, BC",North Vancouver,Daycare
Munchkaroo Child Care,48.424597,-123.496532,217.0,"3260 Galloway Rd, Victoria, BC",Victoria,Daycare
Munchkin Korner Child Care Centre,49.151776,-123.1306,242.0,"8680 St. Albans Rd, Richmond, BC",Richmond,Daycare
Munchkin Magic,54.57685,-128.653643,296.0,"5625 Oscar Rd, Terrace, BC",Terrace,Daycare
Munchkin Manor Early Years Childcare Centre,49.220747,-122.905686,212.0,"497 Glenbrook Dr, New Westminster, BC",New Westminster,Daycare
Munchkins Family Daycare,53.978214,-122.776308,177.0,"5494 Lehman St, Prince George, BC",Prince George,Daycare
Mundy Road Elementary,49.2479534,-122.8331333,290.0,"2200 Austin Ave, Coquitlam, BC",Coquitlam,Elementary Public School
Murrayville Academy,49.0906171,-122.6278738,,"21488 Old Yale Road, Langley, BC",Langley,Elementary Independent School
Murrayville Academy And Early Learning Centre,49.090231,-122.627239,202.0,"21514 Old Yale Rd, Langley, BC",Langley,Daycare
Mustard Seed Children's Centre,49.133668,-123.065965,182.0,"14511 Steveston Highway, Richmond, BC",Richmond,Daycare
Mustard Seed Children's Centre,49.188583,-123.127252,283.0,"3360 Sexsmith Rd, Richmond, BC",Richmond,Daycare
Mustard Seed Children's Centre - Gcc 30 Months To School Age,49.188583,-123.127252,87.0,"3360 Sexsmith Rd, Richmond, BC",Richmond,Daycare
My Chosen Child Care Ltd.,48.364109,-123.554639,200.0,"4983 Rocky Point Rd, Victoria, BC",Victoria,Daycare
My Chosen Child Care Ltd.,48.421325,-123.49394,145.0,"3307 Wishart Rd, Victoria, BC",Victoria,Daycare
My Daycare Centre,49.109271,-122.862974,233.0,"12972 58B Ave, Surrey, BC",Surrey,Daycare
My Forest Childcare,56.242925,-120.829342,129.0,"9007 96A Ave, Fort St. John, BC",Fort St. John,Daycare
My Friends Family Daycare,50.032816,-119.389744,136.0,"10376 Sherman Dr, Lake Country, BC",Lake Country,Daycare
My Little Artist Holistic Daycare,48.466247,-123.448495,216.0,"2312 Francis View Dr, Victoria, BC",Victoria,Daycare
My Little School Daycare (1991) Inc.,49.323896,-122.953094,136.0,"1890 Deep Cove Rd, North Vancouver, BC",North Vancouver,Daycare
My Little School Daycare (1991) Inc.,49.323896,-122.953094,183.0,"1890 Deep Cove Rd, North Vancouver, BC",North Vancouver,Daycare
My Little School Daycare (1991) Inc.,49.323896,-122.953094,202.0,"1890 Deep Cove Rd, North Vancouver, BC",North Vancouver,Daycare
My Little School Daycare (1991) Inc.,49.323896,-122.953094,257.0,"1890 Deep Cove Rd, North Vancouver, BC",North Vancouver,Daycare
My Mommy Daycare,49.314061,-122.978173,238.0,"852 Nairn Crt, North Vancouver, BC",North Vancouver,Daycare
My Sky Childcare Ltd,49.169563,-122.892911,199.0,"9142 Carver Cres, Delta, BC",Delta,Daycare
My Special Place Daycare,48.650942,-123.693559,118.0,"2840 Woodcroft Pl, Shawnigan Lake, BC",Shawnigan Lake,Daycare
My Sunshine Childcare,49.228715,-122.57883,150.0,"12450 232 St, Maple Ridge, BC",Maple Ridge,Daycare
My Whole Earth Academy,49.234809,-123.152944,192.0,"208-2031 41 Ave W, Vancouver, BC",Vancouver,Daycare
Mybaby Daycare,49.319553,-123.059157,217.0,"517 13Th St E, North Vancouver, BC",North Vancouver,Daycare
Myrtle Philip Community School,50.1281073,-122.9633928,315.0,"6195 Lorimer Rd, Whistler, BC",Whistler,Elementary Public School
Mystic Kids Daycare,53.978369,-122.779784,206.0,"5473 Cook Cres, Prince George, BC",Prince George,Daycare
N'kwala School,50.1435837,-120.2853602,,"General Delivery, Douglas Lake, BC",Douglas Lake,Elementary-Secondary Independent School
N'quatqua Child & Family Development Centre,50.550366,-122.483829,150.0,"64 Casper Charlie Place, D'arcy, BC",D'arcy,Daycare
N'quatqua Child & Family Development Centre,50.550366,-122.483829,185.0,"64 Casper Charlie Pl, D'arcy, BC",D'arcy,Daycare
N'quatqua Child & Family Development Centre,50.550366,-122.483829,305.0,"64 Casper Charlie Pl, D'arcy, BC",D'arcy,Daycare
N'quatqua Child And Family Development Centre,50.550366,-122.483829,146.0,"64 Casper Charlie Place, Darcy, BC",Darcy,Daycare
NW Regional Trades & Training Centre,54.5135958,-128.5389927,350.0,"3120 16 Hwy E, Terrace, BC",Terrace,Senior Secondary Public School
Nadi's Family Child Care,49.285786,-123.132548,221.0,"201-990 Broughton St, Vancouver, BC",Vancouver,Daycare
Naghtaneqed Elem-Jr Secondary,51.4641359,-123.9480133,75.0,"PO Box 100, Nemaiah Valley, BC",Nemaiah Valley,Elementary Jr. Secondary Public School
Nagin's Daycare,49.247598,-122.874302,230.0,"450 Joyce St, Coquitlam, BC",Coquitlam,Daycare
Nahar Family Day Care,49.227041,-123.089727,167.0,"6329 Chester St, Vancouver, BC",Vancouver,Daycare
Nak'al Bun Child Care Centre,54.45262,-124.27415,185.0,"10 Lakeshore Dr, Fort St. James, BC",Fort St. James,Daycare
Nak'al Bun Elementary School,54.4520871,-124.2669745,,"PO Box 1390, Fort St James, BC",Fort St James,Elementary Independent School
Nakusp Early Learning And Child Care Centre,50.243903,-117.804619,222.0,"619A 4Th St Nw, Nakusp, BC",Nakusp,Daycare
Nakusp Elementary,50.2439204,-117.8047685,175.0,"PO Box 250, Nakusp, BC",Nakusp,Elementary Public School
Nakusp Secondary,50.2459419,-117.8059754,300.0,"PO Box 249, Nakusp, BC",Nakusp,Secondary Public School
Nala'atsi Alternate Program,49.6820633,-124.9960655,,"665 16th St, Courtenay, BC",Courtenay,Secondary Public School
Nana Daycare,49.21635,-123.093801,271.0,"518 59Th Ave E, Vancouver, BC",Vancouver,Daycare
Nana's Angels,49.209502,-122.572836,278.0,"11440 234A St, Maple Ridge, BC",Maple Ridge,Daycare
Nana's Playroom Family Child Care,49.188488,-123.986676,282.0,"2102A Robbie Pl, Nanaimo, BC",Nanaimo,Daycare
Nanaimo Christian School,49.1728212,-123.9991903,,"198 Holland Rd, Nanaimo, BC",Nanaimo,Elementary-Secondary Independent School
Nanaimo Christian School Early Care And Learning,49.172821,-123.99919,261.0,"198 Holland Rd, Nanaimo, BC",Nanaimo,Daycare
Nanaimo District Secondary,49.1610794,-123.961769,1400.0,"355 Wakesiah Ave, Nanaimo, BC",Nanaimo,Secondary Public School
Nanaimo Innovation Academy,49.156963,-123.939494,226.0,"929 Hecate St, Nanaimo, BC",Nanaimo,Daycare
Nanaimo Innovation Academy,49.15712,-123.939199,207.0,"905 Hecate St, Nanaimo, BC",Nanaimo,Daycare
Nancy's Daycare,50.501856,-119.555066,182.0,"5701 Tuktakamin Rd, Falkland, BC",Falkland,Daycare
Nancy's House,49.341695,-123.092009,236.0,"3525 Fairmont Rd, North Vancouver, BC",North Vancouver,Daycare
Nancy's House,49.341695,-123.092009,250.0,"3525 Fairmont Rd, North Vancouver, BC",North Vancouver,Daycare
Nancy's Little Angels,48.479271,-123.409489,326.0,"1180 Dunsterville Ave, Victoria, BC",Victoria,Daycare
Nanoose Bay Elementary,49.2737429,-124.1907732,390.0,"2875 Northwest Bay Road, Nanoose Bay, BC",Nanoose Bay,Elementary Public School
Nanoose Children's Centre,49.272488,-124.19181,138.0,"2925 N.W. Bay Rd, Nanoose Bay, BC",Nanoose Bay,Daycare
Naramata Child Development Centre,49.596997,-119.592835,72.0,"3660 8Th St, Naramata, BC",Naramata,Daycare
Naramata Elementary,49.5969972,-119.5928351,195.0,"General Delivery, Naramata, BC",Naramata,Elementary Public School
Nathan Barton Elementary,55.1479668,-129.5326466,95.0,"1310 Volunteer St, Kincolith, BC",Kincolith,Elementary Public School
Natural Beginnings Child Care Centre,53.936329,-122.807039,119.0,"995 Heritage Cres, Prince George, BC",Prince George,Daycare
Natural Beginnings Childcare,49.906613,-119.391119,135.0,"310 Hillaby Ave, Kelowna, BC",Kelowna,Daycare
Natural Connections Child Care Centre,49.396362,-123.50991,172.0,"360 Glassford Rd, Gibsons, BC",Gibsons,Daycare
Natural Connections Child Care Centre,49.396362,-123.50991,183.0,"360 Glassford Rd, Gibsons, BC",Gibsons,Daycare
Nature And Grow Daycare,49.116096,-122.829629,139.0,"14182 62A Ave, Surrey, BC",Surrey,Daycare
Nature And Nurture Academy,49.105836,-122.732826,226.0,"17672 57 Ave, Surrey, BC",Surrey,Daycare
Nature Bound Daycare,48.487193,-123.436137,237.0,"4165 Prospect Lake Rd, Victoria, BC",Victoria,Daycare
Nature Childcare,49.265701,-122.759698,277.0,"2928 Cumberland St, Port Coquitlam, BC",Port Coquitlam,Daycare
Nature Dreams Daycare,49.844501,-119.622767,322.0,"426-2440 Old Okanagan Hwy, Westbank, BC",Westbank,Daycare
Nature's Garden Childcare Centre,49.334093,-123.027523,263.0,"2801 Hoskins Rd, North Vancouver, BC",North Vancouver,Daycare
Nature's Playground Daycare,49.114477,-122.738291,101.0,"17490 61B Ave, Surrey, BC",Surrey,Daycare
Natures Way Childcare Centre #1,49.841013,-124.523248,131.0,"4620 Michigan Ave, Powell River, BC",Powell River,Daycare
Natures Way Childcare Centre #2,49.841013,-124.523248,116.0,"4620 Michigan Ave, Powell River, BC",Powell River,Daycare
Natures Way Childcare Centre #3,49.841013,-124.523248,151.0,"4620 Michigan Ave, Powell River, BC",Powell River,Daycare
Natures Way Childcare Centre #4,49.841013,-124.523248,136.0,"4620 Michigan Ave, Powell River, BC",Powell River,Daycare
Navigate Academy,49.7666748,-125.0274359,,"2505 Smith Rd, Courtenay, BC",Courtenay,Elementary Public School
Nazko Valley Elementary,52.9962097,-122.6976857,75.0,"9560 Nazko Rd, Quesnel, BC",Quesnel,Elementary Public School
Nechako Elementary,54.0554395,-128.6285833,490.0,"61 Nightingale St, Kitimat, BC",Kitimat,Elementary Public School
Nechako Valley Secondary,54.0171887,-124.0036497,800.0,"PO Box 950, Vanderhoof, BC",Vanderhoof,Elementary-Secondary Public School
Neilson Grove Elementary,49.1061278,-123.0732846,220.0,"5500 Admiral Blvd, Delta, BC",Delta,Elementary Public School
Nelson Avenue Daycare,49.231632,-122.994926,240.0,"5825 Nelson Ave, Burnaby, BC",Burnaby,Daycare
Nelson Christian Community School,49.5058353,-117.268061,,"570 Johnstone Rd, Nelson, BC",Nelson,Elementary Jr. Secondary Independent School
Nelson Community Preschool,49.51125,-117.289544,181.0,"570 Johnstone Rd, Nelson, BC",Nelson,Daycare
Nelson Elementary,49.2153048,-122.9949153,320.0,"4850 Irmin St, Burnaby, BC",Burnaby,Elementary Public School
Nelson Home Daycare,49.245334,-122.865183,175.0,"400 Nelson St, Coquitlam, BC",Coquitlam,Daycare
Nelson Park ymca Kids Club,49.280788,-123.130655,185.0,"1155 Thurlow St, Vancouver, BC",Vancouver,Daycare
Nelson Waldorf Childcare,49.460263,-117.284787,212.0,"3648 Silver King Ski Hill Rd, Nelson, BC",Nelson,Daycare
Nelson Waldorf School,49.49672926,-117.3590741,,"3648 Silverking Ski Hill Road, Nelson, BC",Nelson,Elementary Jr. Secondary Independent School
Nesika Elementary,52.1464601,-122.1543579,220.0,"1180 Moon Ave, Williams Lake, BC",Williams Lake,Elementary Public School
Nest Early Learning,49.151185,-123.186472,163.0,"8380 Elsmore Rd, Richmond, BC",Richmond,Daycare
Nette's Family Childcare,48.449114,-123.35574,257.0,"3175 Stevenson Pl, Victoria, BC",Victoria,Daycare
Never Never Land Family Child Care Home,49.1914,-123.985923,225.0,"2171 Spencer Rd, Nanaimo, BC",Nanaimo,Daycare
Neverland Children's Centre,49.074808,-123.078878,178.0,"3900 Arthur Dr, Delta, BC",Delta,Daycare
Neville Childcare,49.214141,-122.979284,246.0,"5769 Neville St, Burnaby, BC",Burnaby,Daycare
New Beginnings Early Years Center (Lake Country) Ltd.,50.055443,-119.410821,235.0,"12008 Pretty Rd, Lake Country, BC",Lake Country,Daycare
New Children's Choice Daycare Inc,49.156156,-122.900401,188.0,"11637 84 Ave, Delta, BC",Delta,Daycare
New Creation Christian Childcare Center Inc,49.065123,-122.339203,237.0,"3471 Clearbrook Rd, Abbotsford, BC",Abbotsford,Daycare
New Cubs On The Block,50.990123,-118.182092,175.0,"403 Leach St, Revelstoke, BC",Revelstoke,Daycare
New Denver Nursery School,49.992496,-117.370529,158.0,"604 7Th Avenue, New Denver, BC",New Denver,Daycare
New Direction Academy,49.155922,-123.109255,136.0,"10331 Blundell Rd, Richmond, BC",Richmond,Daycare
New Hazelton Elementary,55.2450569,-127.5859787,195.0,"PO Box 220, New Hazelton, BC",New Hazelton,Elementary Public School
New Hope Child Care (3-5 Gdc),49.225119,-123.055462,147.0,"2551 49Th Ave E, Vancouver, BC",Vancouver,Daycare
New Hope Out Of School Child Care,49.225119,-123.055462,326.0,"2551 49Th Ave E, Vancouver, BC",Vancouver,Daycare
New Horizon Montessori School Ltd,49.168254,-122.658665,155.0,"20338 91A Ave, Langley, BC",Langley,Daycare
New Horizon Montessori School Ltd.,49.295975,-122.817636,209.0,"1415 Noons Creek Dr, Coquitlam, BC",Coquitlam,Daycare
New Horizons Childcare,49.838756,-119.585934,117.0,"3488 Ridge Blvd, West Kelowna, BC",West Kelowna,Daycare
New Kids On The Block Daycare - Obed,48.447035,-123.392367,247.0,"121 Obed Ave, Victoria, BC",Victoria,Daycare
New Leaf Learning And Childcare Centre,49.047367,-122.341679,225.0,"#100 - 31838 South Fraser Way, Abbotsford, BC",Abbotsford,Daycare
New Leaf Learning And Childcare Centre Inc.,49.049296,-122.297759,266.0,"33442 South Fraser Way, Abbotsford, BC",Abbotsford,Daycare
New Life Child Care Centre,49.163754,-122.867798,51.0,"8868 128 St, Surrey, BC",Surrey,Daycare
New Look Daycare,49.213476,-122.644993,253.0,"20816 Stoney Ave, Maple Ridge, BC",Maple Ridge,Daycare
New Path Child Care,49.043366,-122.662599,137.0,"20084 Fernridge Cres, Langley, BC",Langley,Daycare
New Sprout Child Care Centre,49.350436,-123.026722,275.0,"1647 Coleman St, North Vancouver, BC",North Vancouver,Daycare
New Westminster Continuing Education,49.2167229,-122.9298346,,"820 6th St, New Westminster, BC",New Westminster,Senior Secondary Public School
New Westminster Online Schools,49.2003629,-122.9191103,,"200-1065 Columbia St, New Westminster, BC",New Westminster,Elementary Public School
New Westminster Secondary,49.2174389,-122.9257552,2025.0,"820 6th St, New Westminster, BC",New Westminster,Secondary Public School
Newbridge Academy,49.0372746,-122.8014605,,"246-1959 152 St, Surrey, BC",Surrey,Elementary Independent School
Newport Child Care Center,49.283018,-122.826552,221.0,"235 Newport Dr, Port Moody, BC",Port Moody,Daycare
Newport Childcare Center,49.283075,-122.825924,131.0,"265B Newport Dr, Port Moody, BC",Port Moody,Daycare
Newton Elementary,49.1502236,-122.8527827,640.0,"13359 81 Ave, Surrey, BC",Surrey,Elementary Public School
Newton Learning Zone Ltd,49.150224,-122.852783,130.0,"13359 81 Ave, Surrey, BC",Surrey,Daycare
Newton Recreation Centre,49.13312,-122.841965,42.0,"13730 72Nd Ave, Surrey, BC",Surrey,Daycare
Next Generation Children's Center,49.166367,-122.789602,197.0,"15618 90 Ave, Surrey, BC",Surrey,Daycare
Next Level Childcare Fraser Valley Inc.,49.05107,-122.289874,268.0,"2699 West Railway St, Abbotsford, BC",Abbotsford,Daycare
Next Level Childcare Society - Clearbrook,49.051329,-122.326735,90.0,"112-2653 Trethewey St, Abbotsford, BC",Abbotsford,Daycare
Next Level Childcare Society Afterschool Club,48.468721,-123.428609,365.0,"110-25 Helmcken Rd, Victoria, BC",Victoria,Daycare
Next Level Childcare Society Royal Bay,48.407352,-123.489204,107.0,"345 Latoria Boulevard 200, Victoria, BC",Victoria,Daycare
Next Level Childcare Valley Fair,49.217542,-122.591941,152.0,"200-22709 Lougheed Hwy, Maple Ridge, BC",Maple Ridge,Daycare
Next Prep Academy,49.280674,-122.99337,173.0,"4838 Hastings St, Burnaby, BC",Burnaby,Daycare
Nice Kids Child Care Centre,49.138482,-123.156318,286.0,"6280 Goldsmith Dr, Richmond, BC",Richmond,Daycare
Nicholson Elementary,51.2442873,-116.9089217,120.0,"PO Box 331, Golden, BC",Golden,Elementary Public School
Nicola Canford Elementary,50.101291,-120.7704364,195.0,"2311 Postell St, Lower Nicola, BC",Lower Nicola,Elementary Public School
Nicole's Daycare,48.429894,-123.3205,145.0,"2072 Meadow Pl, Victoria, BC",Victoria,Daycare
Nicomekl Elementary,49.097607,-122.667337,590.0,"20050 53 Ave, Langley, BC",Langley,Elementary Public School
Nicomekl Seamless Day,49.097607,-122.667337,178.0,"20050 53 Ave, Langley, BC",Langley,Daycare
Nido De Montessori,49.179075,-123.125436,136.0,"2125-4653 Garden City Rd, Richmond, BC",Richmond,Daycare
Nido De Montessori,49.179075,-123.125436,295.0,"2125-4653 Garden City Rd, Richmond, BC",Richmond,Daycare
Nik Kids Academy,49.25548,-122.852649,126.0,"622 Schoolhouse St, Coquitlam, BC",Coquitlam,Daycare
Nini Family Child Care,49.224809,-123.093074,184.0,"565 50Th Ave E, Vancouver, BC",Vancouver,Daycare
Nisga'a Secondary School,55.2041812,-129.0721637,345.0,"Box 239, New Aiyansh, BC",New Aiyansh,Secondary Public School
Noah's Ark Daycare,50.702468,-120.381716,190.0,"1550 Tranquille Rd, Kamloops, BC",Kamloops,Daycare
Noah's Ark Family Childcare,49.394401,-123.558248,207.0,"1694 Ocean Beach Esp, Gibsons, BC",Gibsons,Daycare
Noah's Ark School,49.130042,-123.138188,258.0,"11371 No.3 Rd, Richmond, BC",Richmond,Daycare
Noel Booth Child Care,49.065036,-122.661848,190.0,"20202 35Th Ave, Langley, BC",Langley,Daycare
Noel Booth Elementary,49.0650371,-122.6618536,370.0,"20202 35 Ave, Langley, BC",Langley,Elementary Public School
Noelle Reign Daycare,49.108394,-122.723621,166.0,"5846 180 St, Surrey, BC",Surrey,Daycare
Noisy Monkeys French Immersion & Language Academy,49.167753,-122.846152,319.0,"110  9093 King George Blvd, Surrey, BC",Surrey,Daycare
Noke Childcare,49.0975,-117.695599,227.0,"1958 Fourth Ave, Trail, BC",Trail,Daycare
Noorunissa Montessori Academy of Canada,48.7499365,-123.6940803,,"2375 Koksilah Rd, Duncan, BC",Duncan,Elementary Independent School
Nootka Community Elementary,49.2538184,-123.0429272,560.0,"3375 Nootka St, Vancouver, BC",Vancouver,Elementary Public School
Norgate Community Elementary,49.320463,-123.1097731,270.0,"1295 Sowden St, North Vancouver, BC",North Vancouver,Elementary Public School
Norkam Secondary School,50.6991403,-120.3723717,1025.0,"730 12th St, Kamloops, BC",Kamloops,Secondary Public School
Norma Rose Point Elementary Junior,49.2619574,-123.2315418,860.0,"5488 Ortona Ave, Vancouver, BC",Vancouver,Elementary Public School
Norquay School Age Child Care,49.241497,-123.051129,228.0,"4710 Slocan St, Vancouver, BC",Vancouver,Daycare
North Canoe Elementary,50.746833,-119.2291293,145.0,"PO Box 78, Canoe, BC",Canoe,Elementary Public School
North Cariboo Christian School,52.9239129,-122.4660053,,"2876 Red Bluff Rd, Quesnel, BC",Quesnel,Elementary Jr. Secondary Independent School
North Coast Distance Education,54.5135958,-128.5389927,,"3120 Highway 16 East, Terrace, BC",Terrace,Senior Secondary Public School
North Creek Montessori Preschool,49.274198,-123.131888,252.0,"#108-1500 Howe St, Vancouver, BC",Vancouver,Daycare
North Delta Daycare,49.134309,-122.893622,134.0,"11881 72 Ave, Delta, BC",Delta,Daycare
North Delta Recreation Centre,49.15688,-122.905205,143.0,"11415 84Th Ave, Delta, BC",Delta,Daycare
North Delta Secondary,49.1531698,-122.9049721,1300.0,"11447 82 Ave, Delta, BC",Delta,Secondary Public School
North Douglas Preschool,48.46665,-123.383451,287.0,"675 Jolly Pl, Victoria, BC",Victoria,Daycare
North Fleetwood Montessori School,49.155702,-122.779088,272.0,"8415 160 St, Surrey, BC",Surrey,Daycare
North Glenmore Elementary,49.9285683,-119.43686,625.0,"125 Snowsell St North, Kelowna, BC",Kelowna,Elementary Public School
North Island Distance Education,49.7666748,-125.0274359,,"2505 Smith Rd, Courtenay, BC",Courtenay,Elementary-Secondary Public School
North Island Secondary,50.584887,-127.07978,525.0,"PO Box 100, Port Mcneill, BC",Port Mcneill,Elementary Public School
North Okanagan Junior Academy,50.3974503,-119.2845783,,"4699 Grandview Flats Rd S, Spallumcheen, BC",Spallumcheen,Elementary Jr. Secondary Independent School
North Otter Elementary,49.0997903,-122.5354451,315.0,"5370 248 St, Aldergrove, BC",Aldergrove,Elementary Public School
North Oyster Elementary,49.0448175,-123.8452326,290.0,"13470 Cedar Rd, Ladysmith, BC",Ladysmith,Elementary Public School
North Peace Gymnastics Association,56.241219,-120.848886,119.0,"10023 95 Ave, Fort St. John, BC",Fort St. John,Daycare
North Peace Secondary,56.2398822,-120.821883,900.0,"9304 86 St, Fort St John, BC",Fort St John,Secondary Public School
North Rd Montessori Child Care,49.259217,-122.893453,253.0,"2781 North Rd, Burnaby, BC",Burnaby,Daycare
North Ridge Elementary,49.1152511,-122.8490116,465.0,"13460 62 Ave, Surrey, BC",Surrey,Elementary Public School
North Saanich Middle School,48.6657658,-123.4178481,400.0,"10400 Mcdonald Park Rd, North Saanich, BC",North Saanich,Middle School Public School
North Shore Child Care Centre,49.307798,-122.958801,284.0,"4085 Dollar Rd, North Vancouver, BC",North Vancouver,Daycare
North Shore Child Care Centre,49.307798,-122.958801,310.0,"4085 Dollar Rd, North Vancouver, BC",North Vancouver,Daycare
North Shuswap Child Care,50.943025,-119.351991,158.0,"5295 Squilax-Anglemont Rd, Celista, BC",Celista,Daycare
North Shuswap Elementary,50.9432307,-119.3518173,195.0,"5295 Squilax-Anglemont Rd, Celista, BC",Celista,Elementary Jr. Secondary Public School
North Star Montessori,49.311694,-123.037102,154.0,"1325 Keith Rd E, North Vancouver, BC",North Vancouver,Daycare
North Star Montessori,49.311694,-123.037096,99.0,"1325 East Keith Rd, North Vancouver, BC",North Vancouver,Daycare
North Star Montessori,49.311694,-123.037096,128.0,"1325 East Keith Rd, North Vancouver, BC",North Vancouver,Daycare
North Star Montessori Elementary School,49.3116942,-123.0371022,,"1325 Keith Rd E, North Vancouver, BC",North Vancouver,Elementary Independent School
North Surrey Learning Centre,49.1712539,-122.8343549,,"9260 140 St, Surrey, BC",Surrey,Elementary Public School
North Surrey Secondary,49.1770676,-122.780334,1175.0,"15945 96 Ave, Surrey, BC",Surrey,Elementary Public School
North Vancouver Child Development Centre (Multi-Age),49.316947,-123.004659,192.0,"1090 Berkley Rd, North Vancouver, BC",North Vancouver,Daycare
North Vancouver Child Development Centre (Under 36 Months),49.316947,-123.004659,295.0,"1090 Berkley Rd, North Vancouver, BC",North Vancouver,Daycare
North Vancouver Online Learning,49.3405154,-123.0814266,,"3365 Mahon Ave, North Vancouver, BC",North Vancouver,Secondary Public School
Northern Baby Bear Daycare Inc.,56.239882,-120.821883,272.0,"9304  86 St, Fort St. John, BC",Fort St. John,Daycare
Northpoint Childcare Centre,49.17945,-122.77744,204.0,"9739 160A St, Surrey, BC",Surrey,Daycare
Northridge Elementary,48.4806104,-123.4020495,340.0,"4190 Carey Rd, Victoria, BC",Victoria,Elementary Public School
Northridge Neighbours Daycare,48.482009,-123.400394,148.0,"4231 Carey Rd, Victoria, BC",Victoria,Daycare
Northside Childcare Facility,49.264808,-122.763511,198.0,"1770 Westminster Ave, Port Coquitlam, BC",Port Coquitlam,Daycare
Northside Christian School,54.0282574,-124.0435892,,"3400 Voth Rd, Vanderhoof, BC",Vanderhoof,Elementary-Secondary Independent School
Northside ymca Child Care,49.164731,-121.965953,227.0,"45465 Bernard Ave, Chilliwack, BC",Chilliwack,Daycare
Norval-Morrisseau,49.2662139,-123.044926,220.0,"2882 4th Ave E, Vancouver, BC",Vancouver,Elementary Public School
Notre Dame,55.756288,-120.2297179,,"925 104 Ave, Dawson Creek, BC",Dawson Creek,Elementary Independent School
Notre Dame Morning And A/S Care Program & Nd Preschool,55.756288,-120.229718,180.0,"925 104 Ave, Dawson Creek, BC",Dawson Creek,Daycare
Notre Dame Regional Secondary,49.2760032,-123.0455115,,"2880 Venables St, Vancouver, BC",Vancouver,Secondary Independent School
Nsnh - Capilano Kids' Club,49.328023,-123.108889,146.0,"1230 20Th St W, North Vancouver, BC",North Vancouver,Daycare
Nsnh - Cleveland Kids' Club,49.346179,-123.108451,221.0,"1255 Eldon Rd, North Vancouver, BC",North Vancouver,Daycare
Nsnh - Jbcc Kids' Club,49.312281,-123.080496,191.0,"145 1St St W, North Vancouver, BC",North Vancouver,Daycare
Nsnh - Lynn Valley Kid's Club,49.339649,-123.038796,144.0,"3361 Mountain Hwy, North Vancouver, BC",North Vancouver,Daycare
Nsnh - Mountainside,49.340553,-123.081415,205.0,"3365 Mahon Ave, North Vancouver, BC",North Vancouver,Daycare
Nsnh - Norgate Kids' Club,49.320467,-123.109801,180.0,"1295 Sowden St, North Vancouver, BC",North Vancouver,Daycare
Nsnh - Queen Mary Kid's Club,49.319433,-123.077844,173.0,"230 Keith Rd W, North Vancouver, BC",North Vancouver,Daycare
Nsnh - Ridgeway Kids' Club,49.308565,-123.067652,264.0,"420 2Nd St E, North Vancouver, BC",North Vancouver,Daycare
Nsnh - Westview Out Of School Care,49.323792,-123.089523,112.0,"Flr-641 17Th St W, North Vancouver, BC",North Vancouver,Daycare
Ntacs After School Program,51.188983,-120.134287,242.0,"4936 Barriere Town Rd, Barriere, BC",Barriere,Daycare
Nubo Kids Center,49.216604,-122.963483,89.0,"101-7312 Magnolia Terr, Burnaby, BC",Burnaby,Daycare
Nukko Lake Child Care,54.085229,-122.988115,179.0,"23955 Chief Lake Rd, Prince George, BC",Prince George,Daycare
Nukko Lake Elementary,54.0851105,-122.987976,245.0,"23955 Chief Lake Rd, Prince George, BC",Prince George,Elementary Public School
Nurture & Grow Learning Center,49.071661,-122.545544,168.0,"24497 Fraser Hwy, Langley, BC",Langley,Daycare
Nurture And Grow Childcare,50.836984,-118.973347,189.0,"710 Whitehead St, Sicamous, BC",Sicamous,Daycare
Nurture Early Childhood Education Centre,48.435647,-123.387665,243.0,"1008 Russell St, Victoria, BC",Victoria,Daycare
Nurture Early Childhood Education Centre Ltd.,48.428578,-123.408314,300.0,"477 Joffre St S, Esquimalt, BC",Esquimalt,Daycare
Nurturing Education Through Security And Trust,49.881116,-119.551035,167.0,"1927 Horizon Dr, West Kelowna, BC",West Kelowna,Daycare
Nurturing Hearts Daycare Ltd,49.155678,-122.249162,240.0,"8436 Jack Cres, Mission, BC",Mission,Daycare
Nurturing Hearts Montessori Daycare - James Hill,49.084176,-122.610085,328.0,"22144 Old Yale Rd, Langley, BC",Langley,Daycare
Nurturing Hearts Montessori Daycare - Newlands,49.091895,-122.639597,196.0,"21025 48 Ave, Langley, BC",Langley,Daycare
Nurturing Roots Child Care,50.239169,-117.787117,220.0,"372 Hwy 6 S, Nakusp, BC",Nakusp,Daycare
Nusatsum Elementary,52.3869918,-126.5383471,175.0,"PO Box 18, Hagensborg, BC",Hagensborg,Elementary Public School
Nusdeh Yoh,53.8982322,-122.7555616,440.0,"2579 Victoria St, Prince George, BC",Prince George,Elementary Public School
Nutsumaat Lelum Child Care Centre,48.991645,-123.77167,247.0,"3947 B Shell Beach Rd, Ladysmith, BC",Ladysmith,Daycare
Nuxalk Snxaalh Child Care,52.361442,-126.714146,158.0,"832 Snuquaxx Mamnta, Bella Coola, BC",Bella Coola,Daycare
Nuxalk Snxaalh Child Care,52.361442,-126.714146,160.0,"832 Snuquaxx Mamnta, Bella Coola, BC",Bella Coola,Daycare
Náang Naay,53.280073,-131.973973,218.0,"500 Skidegate Heights, Skidegate, BC",Skidegate,Daycare
Oak Bay Parent Owned Preschool,48.428056,-123.318823,167.0,"1701 Elgin St, Victoria, BC",Victoria,Daycare
Oak Bay Secondary,48.4305527,-123.3177502,1300.0,"2121 Cadboro Bay Rd, Victoria, BC",Victoria,Secondary Public School
Oak Park Family Child Care,48.466591,-123.339999,138.0,"1541 Oak Park Pl, Victoria, BC",Victoria,Daycare
Oak Tree Montessori Langford,48.44683,-123.501699,290.0,"2865 Peatt Rd, Victoria, BC",Victoria,Daycare
Oak and Orca Bioregional School,48.4417482,-123.3497786,,"2738 Higgins Street, Victoria, BC",Victoria,Elementary-Secondary Independent School
Oak and Orca School (DL),48.4417482,-123.3497786,,"2738 Higgins St, Victoria, BC",Victoria,Elementary-Secondary Independent School
Oaklands Elementary,48.4408688,-123.3380855,430.0,"2827 Belmont Ave, Victoria, BC",Victoria,Elementary Public School
Oaklands Out Of School Care,48.440869,-123.338099,250.0,"1-2827 Belmont Ave, Victoria, BC",Victoria,Daycare
Oaklands Out Of School Care #2,48.438831,-123.345255,191.0,"2736 Fernwood Rd, Victoria, BC",Victoria,Daycare
Oakridge Family Care Centre,48.479394,-123.398162,158.0,"4163 Oakridge Cres, Victoria, BC",Victoria,Daycare
Oakridge Montessori Children's Learning,49.2206384,-123.1277766,,"619 45th Ave W, Vancouver, BC",Vancouver,Elementary Independent School
Oakridge Montessori Children's Learning Centre,49.220423,-123.12779,175.0,"7190 Oak St, Vancouver, BC",Vancouver,Daycare
Oasis Des Papillons,56.235669,-120.825,186.0,"8907 88 St, Fort St. John, BC",Fort St. John,Daycare
Oasis Montessori Academy,49.264435,-123.118957,235.0,"655 8Th Ave W, Vancouver, BC",Vancouver,Daycare
Occa Child Care Centre,49.878077,-119.467551,216.0,"1460 Inkar Rd, Kelowna, BC",Kelowna,Daycare
Ocean Cliff Elementary,49.0384263,-122.8748235,340.0,"12550 20 Ave, Surrey, BC",Surrey,Elementary Public School
Ocean Cliff Treehouse Childcare,49.039335,-122.872903,137.0,"12598 Ocean Cliff Dr, Surrey, BC",Surrey,Daycare
Ocean Grove Elementary,49.9412089,-125.1944315,215.0,"3773 Mclelan, Campbell River, BC",Campbell River,Elementary Public School
Ocean Grove Elementary,49.941209,-125.194432,170.0,"3773 Mclelan Rd, Campbell River, BC",Campbell River,Daycare
Ocean Rain International Daycare Center - Hillside,48.439942,-123.3576,207.0,"1038 Hillside Ave, Victoria, BC",Victoria,Daycare
Ocean Rain International Daycare Center - Shelbourne,48.468008,-123.332141,201.0,"100-3941 Shelbourne St, Victoria, BC",Victoria,Daycare
Oceane,49.1888201,-123.9615946,120.0,"1951 Estevan Rd, Nanaimo, BC",Nanaimo,Elementary Public School
Oceangrove Family Daycare,49.943086,-125.196359,260.0,"182 Crawford Rd, Campbell River, BC",Campbell River,Daycare
Oceanside Elementary,49.3387005,-124.3545762,510.0,"980 Wright Road, Parksville, BC",Parksville,Elementary Public School
Oceanside Elementary Afer School Program,49.338701,-124.354576,164.0,"980 Wright Rd, Parksville, BC",Parksville,Daycare
Octopus Academy,49.185125,-123.080749,116.0,"12880 Clarke Pl, Richmond, BC",Richmond,Daycare
Octopus Academy,49.185125,-123.080749,270.0,"12880 Clarke Pl, Richmond, BC",Richmond,Daycare
Octopus Academy Surrey,49.191784,-122.844357,238.0,"13639 104 Ave, Surrey, BC",Surrey,Daycare
Odyssey K-9 SD 42,49.2237163,-122.6515022,,"12209, Maple Ridge, BC",Maple Ridge,Elementary Jr. Secondary Public School
Oes Childcare,49.182259,-119.55629,220.0,"809 School Ave, Oliver, BC",Oliver,Daycare
Ohana Academy Inc.,49.876824,-119.444233,260.0,"2091 Springfield Rd, Kelowna, BC",Kelowna,Daycare
Ohana Academy Inc. Springfield East,49.876757,-119.44251,286.0,"3-2121 Springfield Road, Kelowna, BC",Kelowna,Daycare
Ohana Academy Inc. West Kelowna,49.862869,-119.562703,243.0,"1162 Hudson Rd, West Kelowna, BC",West Kelowna,Daycare
Okanagan Boys & Girls Clubs-Peter Greer Afterschool Program,50.031804,-119.389871,278.0,"10300 Sherman Dr, Lake Country, BC",Lake Country,Daycare
Okanagan Boys And Girls Club - Lakers Club,50.242742,-119.340336,186.0,"6990 Cummins Rd, Vernon, BC",Vernon,Daycare
Okanagan Boys And Girls Club Of Penticton,49.485745,-119.582472,228.0,"1295 Manitoba St, Penticton, BC",Penticton,Daycare
Okanagan Boys And Girls Clubs - A.S. Matheson,49.875998,-119.477795,253.0,"2090 Gordon Dr, Kelowna, BC",Kelowna,Daycare
Okanagan Boys And Girls Clubs - Cedar Creek,49.795985,-119.50243,209.0,"5160 Chute Lake Rd, Kelowna, BC",Kelowna,Daycare
Okanagan Boys And Girls Clubs - Chief Tomat Preschool,49.84237,-119.588594,146.0,"3365 East Boundary Rd, West Kelowna, BC",West Kelowna,Daycare
Okanagan Boys And Girls Clubs - Ellison,50.250599,-119.31447,226.0,"2400 Fulton Rd, Vernon, BC",Vernon,Daycare
Okanagan Boys And Girls Clubs - Harwood,50.276459,-119.258687,111.0,"4320 20 St, Vernon, BC",Vernon,Daycare
Okanagan Boys And Girls Clubs - Hudson Road,49.862468,-119.565692,207.0,"1221 Hudson Rd, Kelowna, BC",Kelowna,Daycare
Okanagan Boys And Girls Clubs - Mission Hill,50.253942,-119.282755,176.0,"1510 36 St, Vernon, BC",Vernon,Daycare
Okanagan Boys And Girls Clubs - Ok Falls,49.34197,-119.575025,98.0,"1141 Cedar St, Okanagan Falls, BC",Okanagan Falls,Daycare
Okanagan Boys And Girls Clubs - Oyama,50.108428,-119.369757,314.0,"15525 Greenhow Rd, Lake Country, BC",Lake Country,Daycare
Okanagan Boys And Girls Clubs - Peachland,49.777205,-119.734307,306.0,"5684 Beach Ave, Peachland, BC",Peachland,Daycare
Okanagan Boys And Girls Clubs - Summerland,49.604411,-119.676105,259.0,"9111 Peach Orchard Rd, Summerland, BC",Summerland,Daycare
Okanagan Boys And Girls Clubs- Alexis Park,50.273967,-119.279216,120.0,"4205 35 St, Vernon, BC",Vernon,Daycare
Okanagan Christian School,49.8772606,-119.3972146,,"1035 Hollywood Rd S, Kelowna, BC",Kelowna,Elementary-Secondary Independent School
Okanagan Christian School Preschool,49.877261,-119.397215,165.0,"1035 Hollywood Rd S, Kelowna, BC",Kelowna,Daycare
Okanagan Falls Elementary,49.34197,-119.5750242,220.0,"PO Box 6, Okanagan Falls, BC",Okanagan Falls,Elementary Public School
Okanagan Kids,50.699582,-119.263557,259.0,"1870 Okanagan Ave Se, Salmon Arm, BC",Salmon Arm,Daycare
Okanagan Landing Elementary,50.2380417,-119.3444042,370.0,"7322 Grant Rd, Vernon, BC",Vernon,Elementary Public School
Okanagan Landing Elementary School,50.238042,-119.344404,220.0,"7322 Grant Rd, Vernon, BC",Vernon,Daycare
Okanagan Mission Secondary,49.8185945,-119.4851097,1050.0,"4544 Gordon Dr, Kelowna, BC",Kelowna,Elementary Public School
Okanagan Mission ymca Child Care,49.818851,-119.483957,170.0,"4548 Gordon Dr, Kelowna, BC",Kelowna,Daycare
Okanagan Montessori East Kelowna,49.866742,-119.405507,156.0,"3439 Kelowna Rd E, Kelowna, BC",Kelowna,Daycare
Okanagan Montessori Elementary School,49.8668326,-119.4054837,,"3439 East Kelowna Rd, Kelowna, BC",Kelowna,Elementary Independent School
Okanagan Sunshower Academy,50.26223,-119.291952,220.0,"2702 41 St, Vernon, BC",Vernon,Daycare
Okanagan Waldorf School,50.2182937,-119.029751,,"730 Whitevale Rd, Lumby, BC",Lumby,Elementary Independent School
Old Yale Road Elementary,49.1869232,-122.8568402,495.0,"10135 132 St, Surrey, BC",Surrey,Elementary Public School
Olio,49.166634,-122.774518,233.0,"16141 90 Ave, Surrey, BC",Surrey,Daycare
Olive Branch Childcare,49.338533,-123.135816,297.0,"1525 Taylor Way, West Vancouver, BC",West Vancouver,Daycare
Olive Grove Childcare,49.334151,-123.044733,28.0,"1070 Lynn Valley Rd, North Vancouver, BC",North Vancouver,Daycare
Olive Grove Childcare,49.334151,-123.044733,126.0,"1070 Lynn Valley Rd, North Vancouver, BC",North Vancouver,Daycare
Olive Grove Hillside,49.331588,-123.049189,178.0,"870 Lynn Valley Rd, North Vancouver, BC",North Vancouver,Daycare
Olive Grove Hillside,49.331852,-123.048867,214.0,"870 Lynn Valley Rd, North Vancouver, BC",North Vancouver,Daycare
Olive Grove Oceanside,49.314873,-123.093453,236.0,"300-758 Harbourside Dr, North Vancouver, BC",North Vancouver,Daycare
Olive Grove West,49.332637,-123.171422,170.0,"885 22 St, West Vancouver, BC",West Vancouver,Daycare
Olive Grove West,49.332637,-123.171422,236.0,"885 22 St, West Vancouver, BC",West Vancouver,Daycare
Olive Tree Childcare,49.329928,-123.068267,214.0,"201 23Rd St E, North Vancouver, BC",North Vancouver,Daycare
Olive Tree Childcare Centre,49.329928,-123.068267,226.0,"201 23Rd St E, North Vancouver, BC",North Vancouver,Daycare
Oliver Elementary,49.1824547,-119.556441,540.0,"PO Box 989, Oliver, BC",Oliver,Elementary Public School
Oliver Elementary School Seamless Day Kindergarten,49.182455,-119.556441,249.0,"809 School Ave, Oliver, BC",Oliver,Daycare
Olympic View Daycare,48.461337,-123.392361,316.0,"521 Dumeresq St, Victoria, BC",Victoria,Daycare
On The Farm Child Care,49.849332,-125.132929,241.0,"8620 Island Hwy, Black Creek, BC",Black Creek,Daycare
Once Upon A Time Child Care Centre Inc,49.134245,-121.971309,156.0,"7268 Richardson Ave, Chilliwack, BC",Chilliwack,Daycare
Once Upon A Time... Child Care Centre Inc.,49.134046,-121.971299,187.0,"7256 Richardson Ave, Chilliwack, BC",Chilliwack,Daycare
One Of A Kind Family Day Care,49.170844,-122.651327,243.0,"9243 206Th St, Langley, BC",Langley,Daycare
One Step Ahead Preschool,48.849119,-124.112753,239.0,"7755 Sunset Dr, Lake Cowichan, BC",Lake Cowichan,Daycare
One Two Buckle My Shoe Childcare Inc,49.105551,-122.690817,131.0,"5660 192 St, Surrey, BC",Surrey,Daycare
One World Childcare Center,49.142473,-122.891158,163.0,"7655 120Th St, Delta, BC",Delta,Daycare
Onesky Cawston Childcare Center,49.180217,-119.761776,206.0,"517 School Rd, Cawston, BC",Cawston,Daycare
Onesky Ok Falls Childcare Center,49.34197,-119.575024,258.0,"1141 Cedar St, Okanagan Falls, BC",Okanagan Falls,Daycare
Onesky Wiltse Childcare Center,49.470736,-119.566606,227.0,"640 Wiltse Blvd, Penticton, BC",Penticton,Daycare
Open Doors Alternate Education,50.5114556,-116.0306248,,"PO Box 430, Invermere, BC",Invermere,Secondary Public School
Open Mind Childcare,49.217571,-122.949557,144.0,"7296 18Th Ave, Burnaby, BC",Burnaby,Daycare
Opus Daycare - Brentwood,49.27047,-122.990324,252.0,"1562 Taralawn Crt, Burnaby, BC",Burnaby,Daycare
Opus Daycare - Nelson,49.208333,-122.996574,235.0,"8358 Nelson Ave, Burnaby, BC",Burnaby,Daycare
Orchid Family Child Care,49.257952,-123.087596,204.0,"789 14Th Ave E, Vancouver, BC",Vancouver,Daycare
Organic Early Learning,49.223231,-122.93344,212.0,"7535 Sixth St, Burnaby, BC",Burnaby,Daycare
Organic Early Learning (Satellite),49.223548,-122.933831,257.0,"7501 6Th St, Burnaby, BC",Burnaby,Daycare
Osoyoos Child Care Centre,49.027992,-119.468018,194.0,"6609 89Th St, Osoyoos, BC",Osoyoos,Daycare
Osoyoos Elementary,49.0285198,-119.46734,415.0,"PO Box 580, Osoyoos, BC",Osoyoos,Elementary Public School
Osoyoos Elementary Seamless Day,49.029324,-119.466884,193.0,"8507 68Th Ave, Osoyoos, BC",Osoyoos,Daycare
Osoyoos Secondary,49.0209555,-119.4819367,400.0,"5800 115th St, Osoyoos, BC",Osoyoos,Secondary Public School
Osprey - Out Of School Care,49.266222,-123.249682,177.0,"4406-6133 University Blvd, Vancouver, BC",Vancouver,Daycare
Otter-Be-Fun Care,48.574075,-123.446624,152.0,"7085 Wallace Dr, Brentwood Bay, BC",Brentwood Bay,Daycare
Our Childrens Centre,48.452512,-123.368938,217.0,"4001 Seymour Place, Victoria, BC",Victoria,Daycare
Our Happy Place,50.380231,-125.963473,199.0,"441 Macmillan Dr, Sayward, BC",Sayward,Daycare
Our House Out Of School Care,49.256734,-123.107688,180.0,"123 16Th Ave W, Vancouver, BC",Vancouver,Daycare
Our House Preschool,49.327254,-123.158932,284.0,"123 16Th St W, Vancouver, BC",Vancouver,Daycare
Our Lady Of Fatima Early Learning Center & Before/After Care,49.241349,-122.876982,184.0,"315 Walker St, Coquitlam, BC",Coquitlam,Daycare
Our Lady Of Good Counsel Child Care Facility,49.193496,-122.836064,325.0,"10504 139 St, Surrey, BC",Surrey,Daycare
Our Lady Of Perpetual Help Childcare Centre,50.694785,-120.361707,185.0,"235 Poplar St, Kamloops, BC",Kamloops,Daycare
Our Lady Of Perpetual Help Junior Kindergarten,49.264134,-123.196176,191.0,"2550 Camosun St, Vancouver, BC",Vancouver,Daycare
Our Lady Of Sorrows,49.2793822,-123.0493938,,"575 Slocan St, Vancouver, BC",Vancouver,Elementary Independent School
Our Lady Of Sorrows Childcare (Gcc - School Age),49.279382,-123.049394,148.0,"575 Slocan St, Vancouver, BC",Vancouver,Daycare
Our Lady Of Sorrows Pre-School,49.279362,-123.049394,232.0,"575 Slocan St, Vancouver, BC",Vancouver,Daycare
Our Lady of Fatima,49.241349,-122.8769815,,"315 Walker St, Coquitlam, BC",Coquitlam,Elementary Independent School
Our Lady of Good Counsel,49.1934958,-122.8360635,,"10504 139 St, Surrey, BC",Surrey,Elementary Independent School
Our Lady of Lourdes,49.8279514,-119.6336323,,"2547 Hebert Rd, West Kelowna, BC",West Kelowna,Elementary Jr. Secondary Independent School
Our Lady of Mercy,49.2143557,-122.9362689,,"7481 10th Ave, Burnaby, BC",Burnaby,Elementary Independent School
Our Lady of Perpetual Help,49.2641603,-123.1961606,,"2550 Camosun St, Vancouver, BC",Vancouver,Elementary Independent School
Our Lady of Perpetual Help,50.6947894,-120.3617077,,"235 Poplar St, Kamloops, BC",Kamloops,Elementary Independent School
Our Lady of the Assumption,49.2695103,-122.7767889,,"2255 Fraser Ave, Port Coquitlam, BC",Port Coquitlam,Elementary Independent School
Our Place Learning Center,51.644314,-121.294381,141.0,"260 Cedar Ave, 100 Mile House, BC",100 Mile House,Daycare
Our Place Preschool & Child Care,51.644665,-121.294266,260.0,"240 Cedar Ave, 100 Mile House, BC",100 Mile House,Daycare
Our Saviour Child Care Centre,49.166723,-123.112608,189.0,"6340 No. 4 Rd, Richmond, BC",Richmond,Daycare
Outdoor Adventurers,49.322173,-123.055016,231.0,"628 15Th St E, North Vancouver, BC",North Vancouver,Daycare
Outlook Secondary Program,49.2651209,-123.0163362,,"204-3993 Henning Dr, Burnaby, BC",Burnaby,Elementary Public School
Outreach Alternate Secondary,49.225722,-122.614463,,"21911 122 Ave, Maple Ridge, BC",Maple Ridge,Secondary Public School
Over The Rainbow - Austin,49.248565,-122.820245,200.0,"2600 Austin Ave, Coquitlam, BC",Coquitlam,Daycare
Over The Rainbow - Regan / Cavalry Baptist Church,49.261337,-122.848739,193.0,"1636 Regan Ave, Coquitlam, BC",Coquitlam,Daycare
Owl's Nest Daycare (The),56.260853,-120.836071,172.0,"9324 114A Ave, Fort St. John, BC",Fort St. John,Daycare
Oxford Kids Childcare Inc,49.05677,-122.80093,169.0,"103-3010 152 St, Surrey, BC",Surrey,Daycare
Oyama Traditional School,50.1083709,-119.3697899,145.0,"15525 Greenhow Rd, Oyama, BC",Oyama,Elementary Public School
P-Wee Early Learning Centre,49.281353,-123.016006,207.0,"4001 Hastings St, Burnaby, BC",Burnaby,Daycare
PALS Autism Society (School Program),49.2086175,-122.9072469,,"101 Third St, New Westminster, BC",New Westminster,Elementary-Secondary Independent School
PSO Outback Storefront,51.6426617,-121.2977197,,"PO Box 910, 100 Mile House, BC",100 Mile House,Secondary Public School
Pa Play Academy,49.268574,-124.815269,169.0,"5350 Margaret St, Port Alberni, BC",Port Alberni,Daycare
Pacific Academy,49.1889233,-122.7562456,,"10238 168 St, Surrey, BC",Surrey,Elementary-Secondary Independent School
Pacific Academy Preschool And Childcare,49.188919,-122.75624,171.0,"Rm 8 - 10238 - 168Th St, Surrey, BC",Surrey,Daycare
Pacific Christian Pre-School,48.471876,-123.3842,121.0,"671 Agnes St, Victoria, BC",Victoria,Daycare
Pacific Christian School,48.4735124,-123.3843958,,"654 Agnes St, Victoria, BC",Victoria,Elementary Independent School
Pacific Christian School,49.0754978,-122.4023974,,"29623 Downes Rd, Abbotsford, BC",Abbotsford,Elementary Jr. Secondary Independent School
Pacific Coast School,54.3136145,-130.3247311,,"PO Box 520, Prince Rupert, BC",Prince Rupert,Secondary Public School
Pacific Heart Childcare Inc.,48.63126,-123.428052,111.0,"1720 Mctavish Rd, North Saanich, BC",North Saanich,Daycare
Pacific Heart Childcare Inc.,48.680349,-123.458217,149.0,"10990 West Saanich Rd, North Saanich, BC",North Saanich,Daycare
Pacific Heights Elementary,49.0491665,-122.7482186,630.0,"17148 26 Ave, Surrey, BC",Surrey,Elementary Public School
Pacific School of Innovation and Inquiry,48.4228382,-123.3664481,,"100-808 Douglas St, Victoria, BC",Victoria,Secondary Independent School
Pacific Spirit Out-Of-School Child Care Centre,49.260326,-123.233718,194.0,"5580 Osoyoos Cres, Vancouver, BC",Vancouver,Daycare
Pacific Spirit School,49.2675581,-123.1990188,,"PO Box 34058 Stn D, Vancouver, BC",Vancouver,Elementary-Secondary Independent School
Pacific Way After School Care,50.638772,-120.378214,268.0,"1351 Dunbar Dr, Kamloops, BC",Kamloops,Daycare
Pacific Way Elementary,50.6371745,-120.3708647,290.0,"2330 Pacific Way, Kamloops, BC",Kamloops,Elementary Public School
Pacific Wynd Montessori All Day Learning Centre Inc.,49.145935,-121.833012,176.0,"7956 Brookwood Pl, Chilliwack, BC",Chilliwack,Daycare
Painted Turtle Early Childcare Centre,48.377429,-123.535242,231.0,"4526 William Head Rd, Victoria, BC",Victoria,Daycare
Paisley Children's House,49.743746,-123.110982,203.0,"2576 Paisley Pl, Garibaldi Highlands, BC",Garibaldi Highlands,Daycare
Pals Autism Society,49.208618,-122.907247,232.0,"101 Third St, New Westminster, BC",New Westminster,Daycare
Palsson Elementary,48.829591,-124.0521843,165.0,"9 Grosskleg Way, Lake Cowichan, BC",Lake Cowichan,Elementary Public School
Pam's Family Daycare,49.4758,-119.588483,263.0,"164 Wyles Cres, Penticton, BC",Penticton,Daycare
Pamela's Little Promises,49.211409,-122.976929,92.0,"5925 mckee St, Burnaby, BC",Burnaby,Daycare
"Panda Bear Children's Place ""Panda Kids""",49.285058,-122.817086,108.0,"1215 Falcon Dr, Coquitlam, BC",Coquitlam,Daycare
Panda Bear Children's Place On Falcon,49.28422,-122.819247,96.0,"1198 Falcon Dr, Coquitlam, BC",Coquitlam,Daycare
Panda Bear's Daycare,49.855082,-119.61679,198.0,"2874 Shannon Place, Westbank, BC",Westbank,Daycare
Panda Daycare,49.685214,-124.895665,270.0,"606 Colby Rd, Comox, BC",Comox,Daycare
Panda Family Daycare,49.26289,-123.15681,221.0,"302-2260 10Th Ave W, Vancouver, BC",Vancouver,Daycare
Pango Childcare Group Inc,49.293333,-122.778391,181.0,"Unit A - 1393 Gabriola Dr, Coquitlam, BC",Coquitlam,Daycare
Panorama Group Daycare,49.298433,-122.81764,236.0,"2625 Panorama Dr, Coquitlam, BC",Coquitlam,Daycare
Panorama Montessori Childcare,49.110179,-122.818162,240.0,"5913 146 St, Surrey, BC",Surrey,Daycare
Panorama Out Of School Care And Preschool,48.639274,-123.410153,164.0,"2151 Lannon Way, Sidney, BC",Sidney,Daycare
Panorama Park Elementary,49.1152968,-122.8659918,590.0,"12878 62 Ave, Surrey, BC",Surrey,Elementary Public School
Panorama Park ymca Kids Club,49.115297,-122.865992,193.0,"12878 62 Ave, Surrey, BC",Surrey,Daycare
Panorama Recreation Out Of School Care - Central Saanich,48.576083,-123.44893,60.0,"1209 Clarke Rd, Brentwood Bay, BC",Brentwood Bay,Daycare
Panorama Ridge Children's Centre,49.116103,-122.890107,95.0,"6230 120 St, Surrey, BC",Surrey,Daycare
Parachute Express Playschool Ltd.,48.642763,-123.417811,235.0,"9565B Hurricane Rd, North Saanich, BC",North Saanich,Daycare
Paragon Kids Inc. Brackendale North,49.757754,-123.141419,243.0,"6-41340 Government Rd, Squamish, BC",Squamish,Daycare
Paragon Kids Inc. Brackendale South,49.757178,-123.141052,221.0,"41312 Government Rd, Squamish, BC",Squamish,Daycare
Parasol (Aberdeen),50.64403,-120.368065,190.0,"2090 Pacific Way, Kamloops, BC",Kamloops,Daycare
Parasol - Early Years Learning,50.675127,-120.33295,114.0,"350 Seymour St, Kamloops, BC",Kamloops,Daycare
Parasol - Early Years Learning - 4,50.675121,-120.336373,200.0,"110-206 Seymour St, Kamloops, BC",Kamloops,Daycare
Parasol - Early Years Learning - 5,50.694488,-120.359842,149.0,"604 Tranquille Rd, Kamloops, BC",Kamloops,Daycare
Parasol - Early Years Learning - 6,50.700142,-120.39474,239.0,"1800 Tranquille Rd, Kamloops, BC",Kamloops,Daycare
Parasol - Early Years Learning 2,50.675123,-120.332879,121.0,"352 Seymour St, Kamloops, BC",Kamloops,Daycare
Parasol - Early Years Learning 3,50.65619,-120.106174,131.0,"8205 Dallas Dr, Kamloops, BC",Kamloops,Daycare
Parenteau Family Child Care,48.484559,-123.335351,292.0,"1562 Kenmore Rd, Victoria, BC",Victoria,Daycare
Pari Family Day Care,49.154588,-122.756982,172.0,"8353 168 St, Surrey, BC",Surrey,Daycare
Park Avenue Elementary,49.1434284,-123.9432572,320.0,"395 Eighth St, Nanaimo, BC",Nanaimo,Elementary Public School
Park Lane Licensed Child Care,50.239588,-119.087156,184.0,"9972 Park Lane, Coldstream, BC",Coldstream,Daycare
Park Place Daycare (Central),49.322471,-123.07127,252.0,"124 15Th St E, North Vancouver, BC",North Vancouver,Daycare
Park Place Daycare (Central),49.322471,-123.07127,298.0,"124 15Th St E, North Vancouver, BC",North Vancouver,Daycare
Park Place Daycare Ltd.,49.312636,-123.039243,113.0,"1225 Keith Rd E, North Vancouver, BC",North Vancouver,Daycare
Park Place Daycare Ltd.,49.312636,-123.039243,130.0,"1225 Keith Rd E, North Vancouver, BC",North Vancouver,Daycare
Park Place Daycare Ltd.,49.312636,-123.039243,273.0,"1225 Keith Rd E, North Vancouver, BC",North Vancouver,Daycare
Park Place Out-Of-School Care,49.232909,-122.890477,98.0,"521 Fader St, New Westminster, BC",New Westminster,Daycare
Parkcrest Children's Centre,49.26977,-122.976562,291.0,"6040 Winch St, Burnaby, BC",Burnaby,Daycare
Parkcrest Elementary,49.2684398,-122.9769905,290.0,"6055 Halifax St, Burnaby, BC",Burnaby,Elementary Public School
Parkcrest Elementary,50.7080316,-120.4070413,510.0,"2170 Parkcrest Ave, Kamloops, BC",Kamloops,Elementary Public School
Parkcrest Elementary Childcare,50.708032,-120.407041,273.0,"2170 Parkcrest Ave, Kamloops, BC",Kamloops,Daycare
Parker James,49.270452,-122.980006,129.0,"5770 Grant St, Burnaby, BC",Burnaby,Daycare
Parkinson Recreation Centre Licensed Preschool,49.887409,-119.457202,166.0,"1800 Parkinson Way, Kelowna, BC",Kelowna,Daycare
Parkland Elementary,49.2616299,-122.8493771,390.0,"1563 Regan Ave, Coquitlam, BC",Coquitlam,Elementary Public School
Parkland Elementary,53.0852268,-122.4368395,195.0,"5016 Bjornson Rd, Quesnel, BC",Quesnel,Elementary Public School
Parkland Elementary,55.9131917,-120.5720458,170.0,"11600 7 St, Dawson Creek, BC",Dawson Creek,Elementary Public School
Parkland Middle School,49.4967036,-115.7807388,600.0,"1115 2nd Ave S, Cranbrook, BC",Cranbrook,Elementary Public School
Parkland Players,49.26163,-122.849389,170.0,"1563 Regan Ave, Coquitlam, BC",Coquitlam,Daycare
Parkland Secondary,48.6703958,-123.4217982,750.0,"10640 Mcdonald Park Rd, North Saanich, BC",North Saanich,Secondary Public School
Parkridge Early Learning Centre,53.847139,-122.814219,160.0,"5264 Park Dr, Prince George, BC",Prince George,Daycare
Parkside Centennial Elementary,49.0627462,-122.4750756,490.0,"3300 270 St, Aldergrove, BC",Aldergrove,Elementary Public School
Parkside Childcare Centre,49.296291,-122.844089,187.0,"210 Parkside Dr, Port Moody, BC",Port Moody,Daycare
Parkside Kids,50.581502,-127.076732,170.0,"2315 Camosun Cres, Port mcneill, BC",Port mcneill,Daycare
Parkside Seamless Day And Before And After School Care,49.062746,-122.475076,234.0,"3300 270 St, Aldergrove, BC",Aldergrove,Daycare
Parkside Secondary,54.5289851,-128.5972151,175.0,"3824 Eby St, Terrace, BC",Terrace,Secondary Public School
Parkview Academy Of Early Learning Inc.,49.099562,-122.640749,180.0,"20955 Old Yale Rd, Langley, BC",Langley,Daycare
Parkview Elementary School,50.8345612,-118.97587,390.0,"PO Box 444, Sicamous, BC",Sicamous,Elementary Public School
Parkway Village Childcare Centre,49.313264,-122.972553,195.0,"3601 Garibaldi Dr, North Vancouver, BC",North Vancouver,Daycare
Parkway Village Childcare Centre,49.313264,-122.972553,292.0,"3601 Garibaldi Dr, North Vancouver, BC",North Vancouver,Daycare
Parkway Village Childcare Two,49.317488,-122.967697,264.0,"1150 Mt Seymour Rd, North Vancouver, BC",North Vancouver,Daycare
Partners in Education Program (PIE),49.8223473,-124.5158173,,"7105 Nootka Street, Powell River, BC",Powell River,Elementary-Secondary Public School
Pass/Woodwinds Alternate,49.3214839,-124.3433419,,"140 Renz Road, Parksville, BC",Parksville,Secondary Public School
Pathway Montessori Children's Center,49.166513,-122.582531,140.0,"9025 Glover Rd, Langley, BC",Langley,Daycare
Pathways Academy,53.983083,-122.7784159,,"Box 10096 Rpo Hart, Prince George, BC",Prince George,Elementary-Secondary Independent School
Pathways Childcare Centre Inc.,48.781401,-123.659594,88.0,"1839 Tzouhalem Rd, Duncan, BC",Duncan,Daycare
Patsy's Family Day Care,54.032202,-124.005947,252.0,"3560 Hospital Rd, Vanderhoof, BC",Vanderhoof,Daycare
Pattison High School,49.2808367,-123.1253951,,"981 Nelson St, Vancouver, BC",Vancouver,Secondary Independent School
Patty's Family Child Care,49.180684,-123.10453,78.0,"33-10711 Shepherd Dr, Richmond, BC",Richmond,Daycare
Patty-Cake Family Childcare,49.863296,-119.624752,213.0,"2572 Crown Crest Dr, West Kelowna, BC",West Kelowna,Daycare
Pauline Haarer Elementary,49.1684918,-123.9428888,220.0,"400 Campbell St, Nanaimo, BC",Nanaimo,Elementary Public School
Peace Arch Elementary,49.0256473,-122.7823957,390.0,"15877 Roper Ave, White Rock, BC",White Rock,Elementary Public School
Peace Christian School,55.6464622,-121.7372731,,"PO Box 2050, Chetwynd, BC",Chetwynd,Elementary-Secondary Independent School
Peace Christian School Early Learning Program,55.646462,-121.737273,182.0,"6189 Dokkie School Rd, Chetwynd, BC",Chetwynd,Daycare
Peace Of Mind Family Day Care,49.174596,-122.628337,161.0,"9483 214B St, Langley, BC",Langley,Daycare
Peace View School,56.013429,-120.4844576,25.0,"11600 7th St, Dawson Creek, BC",Dawson Creek,Elementary Jr. Secondary Public School
Peaceful Bilingual Early Learning Centre,49.159513,-123.116646,144.0,"7360 Bridge St, Richmond, BC",Richmond,Daycare
Peach And Nini Family Child Care,49.170151,-123.993604,141.0,"2243 Ashlee Rd, Nanaimo, BC",Nanaimo,Daycare
Peach Blossom Childcare Centre,49.271665,-123.100056,171.0,"1534 Main St, North Vancouver, BC",North Vancouver,Daycare
Peach Blossom Childcare Centre,49.305188,-123.031083,233.0,"1534 Main St, North Vancouver, BC",North Vancouver,Daycare
Peach Blossom Childcare Centre,49.307267,-123.031362,164.0,"1528 Bond St, North Vancouver, BC",North Vancouver,Daycare
Peach Blossom Childcare Centre,49.32843,-123.106699,230.0,"1169 21St St W, North Vancouver, BC",North Vancouver,Daycare
Peach Blossom Childcare Centre,49.328863,-123.107296,277.0,"1196 21St St W, North Vancouver, BC",North Vancouver,Daycare
Peach Tree Day Care,49.018981,-122.775339,219.0,"930 161A St, Surrey, BC",Surrey,Daycare
Peachland Childcare Inc,49.761206,-119.761131,215.0,"6140 Turner Ave, Peachland, BC",Peachland,Daycare
Peachland Elementary,49.785888,-119.7178522,290.0,"5486 Clements Cres, Peachland, BC",Peachland,Elementary Public School
Peachland Preschool,49.785459,-119.716326,250.0,"5486 Clements Cres, Peachland, BC",Peachland,Daycare
Peacock Place Daycare,49.153978,-122.290328,138.0,"8349 Peacock Pl, Mission, BC",Mission,Daycare
Peanuts Family Daycare,49.132393,-122.678497,237.0,"7140 196A St, Langley, BC",Langley,Daycare
Peanuts Lifetime Pals Club,53.858258,-122.780439,288.0,"7148 Southridge Ave, Prince George, BC",Prince George,Daycare
Pear Tree School,49.2638109,-123.1658908,,"215-2678 Broadway W, Vancouver, BC",Vancouver,Elementary Jr. Secondary Independent School
Peardonville House Day Care,49.017709,-122.406489,227.0,"825 Peardonville Rd, Abbotsford, BC",Abbotsford,Daycare
Pearl Childcare,49.226892,-122.986931,150.0,"6312 Pearl Ave, Burnaby, BC",Burnaby,Daycare
Pearson Road Elementary,49.8988556,-119.3994835,485.0,"700 Pearson Rd, Kelowna, BC",Kelowna,Elementary Public School
Peas In The Pod Daycare,52.101639,-122.144507,195.0,"114 Gibbon Rd, Williams Lake, BC",Williams Lake,Daycare
Pebble Hill Traditional Elementary,49.0071831,-123.076567,290.0,"246 52a St, Delta, BC",Delta,Elementary Public School
Pebble Lane Early Learning,49.016723,-122.778887,223.0,"16017 8 Ave, Surrey, BC",Surrey,Daycare
Pebbles & Piaget Early Learning Kingsway,49.23206,-123.027624,144.0,"3550 Kingsway, Vancouver, BC",Vancouver,Daycare
Pebbles & Piaget Early Learning Kingsway,49.23206,-123.027624,155.0,"3550 Kingsway, Vancouver, BC",Vancouver,Daycare
Pebbles And Piaget Early Learning Walnut Grove,49.173689,-122.665475,222.0,"9451 202Nd St, Langley, BC",Langley,Daycare
Pedal Pusher Daycare,48.470129,-123.315436,130.0,"2234 Mccoy Rd, Victoria, BC",Victoria,Daycare
Peden Hill Elementary,53.8853758,-122.7791721,220.0,"3500 Westwood Dr, Prince George, BC",Prince George,Elementary Public School
Peek 'N' Play Child Care Centre Inc,49.044009,-122.286933,89.0,"2317 Mouldstade Rd, Abbotsford, BC",Abbotsford,Daycare
Peek-A-Boo Childcare Center,49.354049,-123.142666,291.0,"1119 Eyremount Dr, West Vancouver, BC",West Vancouver,Daycare
Peek-A-Boo Childcare Inc.,49.362855,-123.103907,214.0,"5439 Nancy Greene Way, North Vancouver, BC",North Vancouver,Daycare
Peek-A-Boo Daycare,49.837943,-119.652973,209.0,"3449 Webber Rd, Westbank, BC",Westbank,Daycare
Peek-A-Boo Infant And Toddler Daycare,49.289802,-122.802036,179.0,"2888 Walton Ave, Coquitlam, BC",Coquitlam,Daycare
Pemberton Heights Saplings,49.330396,-123.112772,59.0,"1390 22Nd St W, North Vancouver, BC",North Vancouver,Daycare
Pemberton Heights Saplings,49.330396,-123.112772,125.0,"1390 W 22Nd St, North Vancouver, BC",North Vancouver,Daycare
Pemberton Heights Saplings,49.330396,-123.112772,173.0,"1390 22Nd St W, North Vancouver, BC",North Vancouver,Daycare
Pemberton Secondary,50.3240155,-122.8010319,325.0,"PO Box 40, Pemberton, BC",Pemberton,Secondary Public School
Pender Harbour Elem-Secondary,49.6413602,-123.9674235,200.0,"13639 Highway 101, Madeira Park, BC",Madeira Park,Elementary-Secondary Public School
Pender Islands Community Hall,48.79465,-123.283142,284.0,"4418 Bedwell Harbour Rd, Pender Island, BC",Pender Island,Daycare
Pender Islands Elem-Secondary,48.7660377,-123.2685167,195.0,"5714 Canal Road, Pender Island, BC",Pender Island,Elementary Jr. Secondary Public School
Penfield Elementary,49.9722246,-125.2390645,410.0,"525 Hilchey Rd, Campbell River, BC",Campbell River,Elementary Public School
Peninsula Montessori Academy Fraser,49.254175,-123.089152,187.0,"3456 Fraser St, Vancouver, BC",Vancouver,Daycare
Penticton Christian School,49.4890101,-119.5868093,,"102-96 Edmonton Ave, Penticton, BC",Penticton,Elementary-Secondary Independent School
Penticton Secondary,49.4922161,-119.5869445,1350.0,"158 Eckhardt Ave E, Penticton, BC",Penticton,Secondary Public School
Percy's Clubhouse,48.652062,-123.404916,184.0,"2281 Henry Ave, Sidney, BC",Sidney,Daycare
Peregrine House School,49.123522,-122.657797,213.0,"20381 66 Ave, Langley, BC",Langley,Daycare
Periwinkle Children's Centre,49.907598,-116.898779,235.0,"503 First St, Kaslo, BC",Kaslo,Daycare
Perla's Child Care,49.146494,-123.16056,241.0,"9231 Laka Dr, Richmond, BC",Richmond,Daycare
Petals Child Care,49.220334,-122.6254,155.0,"21516 Dewdney Trunk Rd, Maple Ridge, BC",Maple Ridge,Daycare
Peter Ewart Middle School,49.144277,-122.6631843,900.0,"7755 202a St, Langley, BC",Langley,Middle School Public School
Peter Greer Elementary,50.0317678,-119.3900161,410.0,"10300 Sherman Dr, Winfield, BC",Winfield,Elementary Public School
Peter Skene Ogden Secondary,51.637295,-121.3017027,600.0,"PO Box 910, 100 Mile House, BC",100 Mile House,Secondary Public School
Peterson Road Elementary,49.0860577,-122.5746217,320.0,"23422 47 Ave, Langley, BC",Langley,Elementary Public School
Petite Academy Inc.,49.203573,-122.909742,202.0,"632 Carnarvon St, New Westminster, BC",New Westminster,Daycare
Petite Girafe Montessori Academy,49.052976,-122.780112,222.0,"15977 28 Ave, Surrey, BC",Surrey,Daycare
Petite Smile Daycare,49.176061,-121.932004,189.0,"9583 Coote St, Chilliwack, BC",Chilliwack,Daycare
Petits Coeurs De L'ile/ Service De Garde,49.684154,-124.928633,275.0,"566 Linshart Rd, Comox, BC",Comox,Daycare
Petits Genies,49.270106,-122.99213,249.0,"1600 Delta Ave, Burnaby, BC",Burnaby,Daycare
Petits Genies Academy Ltd,49.281103,-123.012106,285.0,"101-4181 Hastings St, Burnaby, BC",Burnaby,Daycare
Pg Aboriginal Head Start,53.919996,-122.757616,226.0,"1945 3Rd Ave, Prince George, BC",Prince George,Daycare
Phil & Jennie Gaglardi Academy,49.6805947,-124.9131052,,"1475 Noel Ave, Comox, BC",Comox,Elementary-Secondary Independent School
Philip's Family Daycare,49.228699,-123.065699,199.0,"6111 Victoria Dr, Vancouver, BC",Vancouver,Daycare
Phoenix Place,48.8552479,-123.5082935,,"232 Rainbow Rd, Salt Spring Island, BC",Salt Spring Island,Elementary Public School
Pi Academy Child Care,49.273616,-122.783953,178.0,"3440 Jervis St, Port Coquitlam, BC",Port Coquitlam,Daycare
Piccolo's Childcare Centre,48.479978,-123.416488,349.0,"4143 Auldfarm Lane, Victoria, BC",Victoria,Daycare
Pied Piper Preschool,49.234156,-122.908745,264.0,"8757 Armstrong Ave, Burnaby, BC",Burnaby,Daycare
Pierre Elliott Trudeau Elementary,49.2146174,-123.0960363,395.0,"449 62nd Ave E, Vancouver, BC",Vancouver,Elementary Public School
Piggy Ooo's Daycare Centre,49.110527,-122.643458,287.0,"5700 Langley Bypass, Langley, BC",Langley,Daycare
Piglets Playschool Early Years Centre,49.222583,-124.010165,152.0,"5288 Colbourne Dr, Nanaimo, BC",Nanaimo,Daycare
Pinantan Elementary,50.7290455,-120.0238829,95.0,"General Delivery, Pinantan Lake, BC",Pinantan Lake,Elementary Public School
Pineapple Lime Apple Play Garden,49.478974,-123.760145,156.0,"5669 Surf Cir, Sechelt, BC",Sechelt,Daycare
Pinecrest Elementary,50.00223,-125.243293,195.0,"300 Birch St S, Campbell River, BC",Campbell River,Daycare
Pinecrest Elementary,50.0022303,-125.2432929,410.0,"300 South Birch St, Campbell River, BC",Campbell River,Elementary Public School
Pineridge Elementary,54.2987741,-130.3366571,275.0,"PO Box 520, Prince Rupert, BC",Prince Rupert,Elementary Public School
Pineridge Elementary School Before And After School Daycare,54.298774,-130.336657,253.0,"1700 Sloan Ave, Prince Rupert, BC",Prince Rupert,Daycare
Pinetree Childcare Centre,49.129322,-122.693963,213.0,"19083 69A Ave, Surrey, BC",Surrey,Daycare
Pinetree Secondary,49.2898528,-122.7916113,1275.0,"3000 Pinewood Ave, Coquitlam, BC",Coquitlam,Elementary Public School
Pinetree Way Elementary,49.3002612,-122.7868753,315.0,"1420 Pinetree Way, Coquitlam, BC",Coquitlam,Elementary Public School
Pineview Elementary,53.8495804,-122.6592248,220.0,"8515 Old Cariboo Hwy, Prince George, BC",Prince George,Elementary Public School
Pinewood Elementary,49.1152475,-122.8962906,340.0,"11777 Pinewood Dr, Delta, BC",Delta,Elementary Public School
Pinewood Elementary,49.5150845,-115.7737413,195.0,"40 Pinewood Ave W, Cranbrook, BC",Cranbrook,Elementary Public School
Pinewood Elementary,53.8989163,-122.7992251,195.0,"4140 Campbell Ave, Prince George, BC",Prince George,Elementary Public School
Pinewood Leisure Centre,49.115248,-122.896291,237.0,"11777 Pinewood Dr, Delta, BC",Delta,Daycare
Pink And Blue Family Child Care,49.256204,-123.092355,228.0,"562 16Th Ave E, Vancouver, BC",Vancouver,Daycare
Pink Bunny Daycare Ltd,49.192946,-122.937373,204.0,"347 Fenton St, New Westminster, BC",New Westminster,Daycare
Pinnacles Early Learning Centre,49.151624,-123.174715,205.0,"4640 Coventry Dr, Richmond, BC",Richmond,Daycare
Pioneer Daycare Center,49.185434,-123.126565,313.0,"8711 Cambie Rd, Richmond, BC",Richmond,Daycare
Pioneering Minds Childcare Ltd,49.205096,-122.972002,275.0,"6079 Marine Drive, Burnaby, BC",Burnaby,Daycare
Pip Squeaks Playhouse,49.480894,-117.295707,175.0,"1602 Vancouver St, Nelson, BC",Nelson,Daycare
Pitt Meadows Elementary,49.2195757,-122.6916138,520.0,"11941 Harris Rd, Pitt Meadows, BC",Pitt Meadows,Elementary Public School
Pitt Meadows Secondary,49.2134478,-122.6830869,1100.0,"19438 116b Ave, Pitt Meadows, BC",Pitt Meadows,Secondary Public School
Pitter Patter Daycare,49.290293,-122.778115,249.0,"1267 Nestor St, Coquitlam, BC",Coquitlam,Daycare
Pitter Patter Daycare,50.709234,-120.359959,195.0,"1317 Sitka St, Kamloops, BC",Kamloops,Daycare
Pitter Patter Learning Centres At Wiltse,49.47074,-119.566804,126.0,"Room 31 640 Wiltse Blvd, Penticton, BC",Penticton,Daycare
Pitter Patter Learning Centres At Yorkton,49.45632,-119.580906,237.0,"96 Yorkton Ave, Penticton, BC",Penticton,Daycare
Pixel Wonderland Academy,49.17098,-122.76895,190.0,"9270 163A St, Surrey, BC",Surrey,Daycare
Pj Kids Club,49.334635,-123.169496,232.0,"1150 22Nd St, West Vancouver, BC",West Vancouver,Daycare
Pj Kids Club,49.334635,-123.169496,295.0,"1150 22Nd St, West Vancouver, BC",West Vancouver,Daycare
Pl Appletree,50.263469,-119.247799,133.0,"1204 30 Ave, Vernon, BC",Vernon,Daycare
Plateau Montessori Childcare,49.315309,-122.788803,226.0,"3285 Plateau Blvd, Coquitlam, BC",Coquitlam,Daycare
Play And Learn Childcare,51.643113,-121.293856,295.0,"365 Cedar St, 100 Mile House, BC",100 Mile House,Daycare
Play And Learn Childcare Centre,49.236227,-123.005438,153.0,"4425 Saratoga Ct, Burnaby, BC",Burnaby,Daycare
Play And Learn Family Child Care,49.137639,-121.969484,268.0,"7472 Leary Cres, Chilliwack, BC",Chilliwack,Daycare
Play And Learn Family Childcare,53.98712,-122.801567,254.0,"6357 Kelly Rd S, Prince George, BC",Prince George,Daycare
Play And Learn Montessori Child Care,49.228274,-123.105093,237.0,"34 46Th Ave E, Vancouver, BC",Vancouver,Daycare
Play Garden Infant And Toddler Centre,49.261345,-122.85019,235.0,"1572 Regan Ave, Coquitlam, BC",Coquitlam,Daycare
Play Learn And Grow Childcare,48.65336,-123.61694,265.0,"1690 La Gorda Place, Shawnigan Lake, BC",Shawnigan Lake,Daycare
Play N Learn Daycare,49.235028,-123.019039,171.0,"3839 Thurston St, Burnaby, BC",Burnaby,Daycare
Play On Paisley Pre-K Ltd.,49.336173,-123.114241,241.0,"1481 Paisley Rd, North Vancouver, BC",North Vancouver,Daycare
Play Play Play Child Care,49.222095,-123.034186,213.0,"6763 Butler St, Vancouver, BC",Vancouver,Daycare
Play To Learn Children's Centre,49.257694,-123.191689,254.0,"3932 16Th Ave W, Vancouver, BC",Vancouver,Daycare
Play-N-Grow Childcare Centre Inc #4,49.174902,-122.836452,327.0,"13941 94A Ave, Surrey, BC",Surrey,Daycare
Play-N-Grow Childcare Centre Inc.,49.170207,-122.844695,97.0,"13639 92 Ave, Surrey, BC",Surrey,Daycare
Play-N-Grow Childcare Centre Inc. #3,49.174925,-122.834816,285.0,"9479 140 St, Surrey, BC",Surrey,Daycare
Play2learn Childcare,49.237705,-122.823478,214.0,"2421 Mariana Pl, Coquitlam, BC",Coquitlam,Daycare
Playbox Childcare Centre Ltd,49.097287,-122.703727,174.0,"103&104-18733 52 Ave, Surrey, BC",Surrey,Daycare
Playcare,49.253102,-122.891368,202.0,"517 Appian Way, Coquitlam, BC",Coquitlam,Daycare
Playcare Early Childhood Centre,50.699566,-119.267503,206.0,"1590 Okanagan Ave, Salmon Arm, BC",Salmon Arm,Daycare
Playcare Learning Centre,48.484375,-123.407306,251.0,"1212 Loenholm Rd, Victoria, BC",Victoria,Daycare
Playful Minds Childcare,49.271379,-124.799462,250.0,"4067 Marpole St, Port Alberni, BC",Port Alberni,Daycare
Playful Spirit,50.022183,-125.252745,217.0,"830 Greenwood St, Campbell River, BC",Campbell River,Daycare
Playhouse,49.856319,-119.484558,154.0,"3501 Casorso Rd, Kelowna, BC",Kelowna,Daycare
Playhouse,53.922118,-122.805025,270.0,"4242 Carrier Ave, Prince George, BC",Prince George,Daycare
Playing Pebbles Daycare Inc.,49.141253,-122.901037,160.0,"7600 116 St, Delta, BC",Delta,Daycare
Playland Daycare (Osc),48.373145,-123.745281,198.0,"7081 Grant Rd, Sooke, BC",Sooke,Daycare
Playland Daycare Center,48.373145,-123.745281,243.0,"7081 Grant Rd, Sooke, BC",Sooke,Daycare
Playmates Childcare,49.355768,-123.091959,192.0,"4755 Marineview Cres, North Vancouver, BC",North Vancouver,Daycare
Playtime Childcare Society - Chase River Location,49.121307,-123.92,163.0,"1525 Cranberry Ave, Nanaimo, BC",Nanaimo,Daycare
Playtime Childcare Society - Forest Park Location,49.189854,-123.987859,230.0,"2050 Latimer Rd, Nanaimo, BC",Nanaimo,Daycare
Playtime Childcare Society - Smithers Road Location,49.304269,-124.34747,51.0,"1223 Smithers Rd, Parksville, BC",Parksville,Daycare
Playtime Childcare Society - View St. Location,49.152872,-123.937908,149.0,"140 View St, Nanaimo, BC",Nanaimo,Daycare
Playville Early Childhood Centre,48.429932,-123.324188,104.0,"1939 Bourchier St, Victoria, BC",Victoria,Daycare
Playwest Kids Out-Of-School Care,49.20546,-122.942285,138.0,"1714 8 Ave, New Westminster, BC",New Westminster,Daycare
Pleasant Valley Christian Academy,50.2772458,-119.254425,,"1802 45 Ave, Vernon, BC",Vernon,Elementary Jr. Secondary Independent School
Pleasant Valley Elementary,49.2266586,-124.0458545,345.0,"6201 Dunbar Rd, Nanaimo, BC",Nanaimo,Elementary Public School
Pleasant Valley Seamless Day Care,49.226659,-124.045855,192.0,"6201 Dunbar Rd, Nanaimo, BC",Nanaimo,Daycare
Pleasant Valley Secondary,50.4375016,-119.2122976,775.0,"2365 Pleasant Valley Rd, Spallumcheen, BC",Spallumcheen,Secondary Public School
Pleasantside Elementary,49.2953364,-122.8545902,245.0,"195 Barber St, Port Moody, BC",Port Moody,Elementary Public School
Pocket Tots Childcare,49.117238,-123.927166,196.0,"1660  Centennary Dr, Nanaimo, BC",Nanaimo,Daycare
Poco Happy Times Preschool,49.265682,-122.763259,250.0,"1761 Westminster Ave, Port Coquitlam, BC",Port Coquitlam,Daycare
Poco Village Early Learning Centre Ltd,49.266698,-122.777385,152.0,"2879 Shaughnessy St, Port Coquitlam, BC",Port Coquitlam,Daycare
Pocokids Care & Learn,49.261121,-122.756886,156.0,"1525 Bridgman Ave, Port Coquitlam, BC",Port Coquitlam,Daycare
Poet’S Corner Academy,49.341868,-123.036384,189.0,"1356 Frederick Rd, North Vancouver, BC",North Vancouver,Daycare
Poet’S Corner Academy Montessori Preschool,49.341868,-123.036384,204.0,"1356 Frederick Rd, North Vancouver, BC",North Vancouver,Daycare
Point Grey Secondary,49.2372893,-123.1534234,1050.0,"5350 East Blvd, Vancouver, BC",Vancouver,Secondary Public School
Poka Poka Daycare,48.459899,-123.400636,213.0,"624 Sedger Rd, Victoria, BC",Victoria,Daycare
Polaris Montessori Elementary,53.8581653,-122.7619208,245.0,"7005 Gladstone Dr, Prince George, BC",Prince George,Elementary Public School
Polka Dot Early Learning,49.222746,-122.91424,243.0,"10-800 mcbride Blvd, New Westminster, BC",New Westminster,Daycare
Polka Dot Fine Art & Education,49.198036,-122.976285,240.0,"300-5761 Marine Way, Burnaby, BC",Burnaby,Daycare
Polka Dot Fine Art & Education,49.222217,-122.913685,255.0,"205-800 mcbride Blvd, New Westminster, BC",New Westminster,Daycare
Polka Dot Fine Art & Education,49.222763,-122.914212,114.0,"203-800 mcbride Blvd, New Westminster, BC",New Westminster,Daycare
Polka-Dot Playhouse Family Childcare,49.836726,-119.651596,210.0,"3497 Galloway Rd, Westbank, BC",Westbank,Daycare
Polly's Playhouse,48.645059,-123.401173,294.0,"9625 Sixth St, Sidney, BC",Sidney,Daycare
Pomegranate Childcare,49.217617,-122.999981,239.0,"7289 Gray Ave, Burnaby, BC",Burnaby,Daycare
Pomme D'api Preschool,49.2303,-123.062596,137.0,"2190 E 44, Vancouver, BC",Vancouver,Daycare
Pooh Corner Daycare Centre I,49.293589,-123.139299,141.0,"975 Lagoon Dr, Vancouver, BC",Vancouver,Daycare
Pooh Corner Daycare Centre Ii,49.293589,-123.139299,281.0,"975 Lagoon Dr, Vancouver, BC",Vancouver,Daycare
Poppins Preschool,49.225542,-123.065332,275.0,"6470 Victoria Dr, Vancouver, BC",Vancouver,Daycare
Port Alberni Little Picasso's Childcare,49.243259,-124.804319,328.0,"4774 Bute St, Port Alberni, BC",Port Alberni,Daycare
Port Alberni Paawats,49.259966,-124.809999,169.0,"4665 Elizabeth St, Port Alberni, BC",Port Alberni,Daycare
Port Clements Elementary,53.6862263,-132.1832475,50.0,"PO Box 288, Port Clements, BC",Port Clements,Elementary Public School
Port Coquitlam Children's Centre,49.269751,-122.755361,265.0,"50-3150 Coast Meridian Rd, Port Coquitlam, BC",Port Coquitlam,Daycare
Port Coquitlam Community Centre,49.260609,-122.776789,224.0,"2150 Wilson Ave, Port Coquitlam, BC",Port Coquitlam,Daycare
Port Coquitlam Daycare,49.270081,-122.754349,148.0,"3156 Coast Meridian Rd, Port Coquitlam, BC",Port Coquitlam,Daycare
Port Edward Elementary,54.2209406,-130.2889981,70.0,"PO Box 520, Port Edward, BC",Port Edward,Elementary Public School
Port Guichon Elementary,49.0833643,-123.098376,245.0,"4381 46a St, Delta, BC",Delta,Elementary Public School
Port Hardy Secondary,50.7247044,-127.5072736,525.0,"PO Box 27, Port Hardy, BC",Port Hardy,Secondary Public School
Port Hardy's Rising Stars Daycare,50.726778,-127.50275,130.0,"7510 Glacier East Crescent, Port Hardy, BC",Port Hardy,Daycare
Port Kells Elementary,49.1626651,-122.6940048,170.0,"19076 88 Ave, Surrey, BC",Surrey,Elementary Public School
Port Moody Secondary,49.2739719,-122.8674185,1200.0,"300 Albert St, Port Moody, BC",Port Moody,Secondary Public School
Port Renfrew Elementary,48.5566251,-124.3990112,100.0,"6633 Deering Rd, Port Renfrew, BC",Port Renfrew,Elementary Public School
Positive Path Early Learning,48.65484,-123.405378,140.0,"2269 Mills Rd, Sidney, BC",Sidney,Daycare
Possibilities Child Care Center,49.855224,-119.609308,325.0,"2242 Shannon Ridge Dr, West Kelowna, BC",West Kelowna,Daycare
Potter's Hand Montessori Learning Center,49.146887,-123.120368,131.0,"9411 Glenacres Dr, Richmond, BC",Richmond,Daycare
Pouce Coupe Elementary,55.7184459,-120.1324322,95.0,"PO Box 7, Pouce Coupe, BC",Pouce Coupe,Elementary Public School
Powell River Christian School,49.8126388,-124.5222173,,"6960 Quesnel St, Powell River, BC",Powell River,Elementary Jr. Secondary Independent School
Powell River Christian School,49.812639,-124.522217,143.0,"6960 Quesnel St, Powell River, BC",Powell River,Daycare
Power Alternate Secondary School,49.2003629,-122.9191103,,"200-1065 Columbia St, New Westminster, BC",New Westminster,Secondary Public School
Power House Junior Kindergarten Ltd,49.131016,-122.890475,209.0,"A - 7035 120Th St, Delta, BC",Delta,Daycare
Power Of Friendship Aboriginal Head Start Program,53.927899,-122.809656,156.0,"110 Anderson St, Prince George, BC",Prince George,Daycare
Praise Daycare,49.064382,-122.338423,135.0,"3427 Clearbrook Rd, Abbotsford, BC",Abbotsford,Daycare
Praise Family Childcare,49.223964,-122.55754,338.0,"12183 240 St, Maple Ridge, BC",Maple Ridge,Daycare
Precious Angel Day Care,49.114937,-122.873263,202.0,"6170 126Th St, Surrey, BC",Surrey,Daycare
Precious Angels Family Daycare,53.891387,-122.790317,176.0,"2920 Christopher Cres, Prince George, BC",Prince George,Daycare
Precious Childhood Daycare,49.186892,-122.784372,173.0,"10145 158 St, Surrey, BC",Surrey,Daycare
Precious Early Years Childcare,49.209499,-122.933684,187.0,"1209 Hamilton St, New Westminster, BC",New Westminster,Daycare
Precious Early Years Childcare,49.20959,-122.934972,245.0,"733 Thirteenth St, New Westminster, BC",New Westminster,Daycare
Precious Early Years Childcare Centre,49.203777,-122.949665,261.0,"826 Twentieth St, New Westminster, BC",New Westminster,Daycare
Precious Early Years Childcare Inc.,49.203483,-122.949734,119.0,"818 Twentieth St, New Westminster, BC",New Westminster,Daycare
Precious Gems Daycare,53.898982,-122.788562,341.0,"10-2440 Nicholson St S, Prince George, BC",Prince George,Daycare
Precious Jewels Childcare Center,49.874842,-119.39769,85.0,"1097 Hollywood Rd, Kelowna, BC",Kelowna,Daycare
Precious Jewels Childcare Infant Toddler Program,49.877308,-119.475833,116.0,"1130 Springfield Rd, Kelowna, BC",Kelowna,Daycare
Precious Miracles Childcare,49.108312,-121.917043,353.0,"47247 Vista Pl, Chilliwack, BC",Chilliwack,Daycare
Precious Moments Day Care,48.442796,-123.403416,164.0,"1026 Craigflower Rd, Victoria, BC",Victoria,Daycare
Precious Moments Family Child Care,49.249874,-122.768439,115.0,"1860 Langan Ave, Port Coquitlam, BC",Port Coquitlam,Daycare
Precious School Years Childcare,49.209858,-122.934061,235.0,"1210 Kingston St, New Westminster, BC",New Westminster,Daycare
Precious Shepherd Family Daycare,49.265553,-122.792764,223.0,"850 Greene St, Coquitlam, BC",Coquitlam,Daycare
Precious Smiles Academy,49.04041,-122.801423,225.0,"1-2119 152 St, Surrey, BC",Surrey,Daycare
Precious Smiles Academy Richmond,49.148124,-123.124312,207.0,"9080 Francis Rd, Richmond, BC",Richmond,Daycare
Precious Smiles Academy Richmond,49.148124,-123.124312,254.0,"9080 Francis Rd, Richmond, BC",Richmond,Daycare
Precious Stars Childcare Centre,56.24342,-120.84789,291.0,"9628 100 St, Fort St. John, BC",Fort St. John,Daycare
Precious Stars Daycare,53.859139,-122.766159,159.0,"7092 Domano Boulevard, Prince George, BC",Prince George,Daycare
Precious Steps Academy,49.147237,-123.132027,269.0,"8391 Osgoode Dr, Richmond, BC",Richmond,Daycare
Precious Steps Academy - Seabay,49.139227,-123.097824,80.0,"11411 Seabay Rd, Richmond, BC",Richmond,Daycare
Precious Time Child Care,49.492729,-115.758973,253.0,"1408 17Th St S, Cranbrook, BC",Cranbrook,Daycare
Precious Treasures Child Care,49.074169,-122.246089,207.0,"3941 Waterton Cres, Abbotsford, BC",Abbotsford,Daycare
Prematernelle La Coccinelle,49.128389,-122.856909,240.0,"6887 132 St, Surrey, BC",Surrey,Daycare
Prematernelle V'la L'bon Vent,49.23656,-123.123005,355.0,"5445 Baillie St, Vancouver, BC",Vancouver,Daycare
Premier Montessori Academy,49.191643,-123.122762,107.0,"9140 Bridgeport Rd, Richmond, BC",Richmond,Daycare
Premier Montessori Academy,49.191643,-123.122762,139.0,"9140 Bridgeport Rd, Richmond, BC",Richmond,Daycare
Preschool Parade,49.140776,-123.127417,196.0,"8880 Williams Rd, Richmond, BC",Richmond,Daycare
Presidential Kids Academy - Main Street,49.493189,-119.58933,248.0,"696 Main St, Penticton, BC",Penticton,Daycare
Presidential Kids Academy Childcare Centre - Haker,49.758964,-119.766284,147.0,"6208 Haker Pl, Peachland, BC",Peachland,Daycare
Presidential Kids Academy Childcare Centre - Hebert,49.827951,-119.633632,269.0,"2547 Hebert Rd, West Kelowna, BC",West Kelowna,Daycare
Presidential Kids Academy Childcare Centre - Mciver,49.830955,-119.665067,178.0,"3660 Mciver Rd, West Kelowna, BC",West Kelowna,Daycare
Presidential Kids Academy Childcare Centre Inc.,49.842691,-119.582994,131.0,"1602 Vineyard Dr, West Kelowna, BC",West Kelowna,Daycare
Prespatou Elem-Secondary,56.9160673,-121.0621523,315.0,"PO Box 240, Prespatou, BC",Prespatou,Elementary-Secondary Public School
Pretty Angels Daycare,49.228739,-122.927887,239.0,"8148 18Th Ave, Burnaby, BC",Burnaby,Daycare
Prickly Pear Child Care,49.115548,-121.970187,202.0,"6250 Reid Rd, Chilliwack, BC",Chilliwack,Daycare
Prince And Princess Daycare,54.311716,-130.321744,159.0,"329 5Th Ave W, Prince Rupert, BC",Prince Rupert,Daycare
Prince Charles Elementary,49.0645034,-122.2427065,365.0,"35410 Mckee Rd, Abbotsford, BC",Abbotsford,Elementary Public School
Prince Charles Elementary,49.1847708,-122.8782465,440.0,"12405 100 Ave, Surrey, BC",Surrey,Elementary Public School
Prince George Cornerstone Learning Centre,53.920246,-122.807946,208.0,"511 South Tabor Blvd, Prince George, BC",Prince George,Daycare
Prince George Secondary,53.9031676,-122.7797019,1500.0,"2901 Griffiths Ave, Prince George, BC",Prince George,Elementary Public School
Prince Of Wales Secondary,49.2455878,-123.156938,1175.0,"2250 Eddington Dr, Vancouver, BC",Vancouver,Elementary Public School
Prince Rupert Middle,54.3090231,-130.3180435,775.0,"PO Box 520, Prince Rupert, BC",Prince Rupert,Middle School Public School
Princess Margaret Secondary,49.1335799,-122.8653905,1500.0,"12870 72 Ave, Surrey, BC",Surrey,Elementary Public School
Princess Margaret Secondary,49.4624092,-119.5830785,650.0,"120 Green Ave W, Penticton, BC",Penticton,Secondary Public School
Princeton Alternate School,49.4635796,-120.5065715,,"PO Box 2410, Princeton, BC",Princeton,Secondary Public School
Princeton Castle Childcare,49.298296,-122.758795,212.0,"3368 Princeton Ave, Coquitlam, BC",Coquitlam,Daycare
Princeton Secondary,49.4688869,-120.505068,325.0,"PO Box 500, Princeton, BC",Princeton,Secondary Public School
Produckidvity - West Kelowna,49.829762,-119.620572,220.0,"101-2311 Carrington Rd, West Kelowna, BC",West Kelowna,Daycare
Produckidvity Academy - Bernard,49.88665,-119.491656,254.0,"1499 St. Paul St, Kelowna, BC",Kelowna,Daycare
Produckidvity Academy - Leon,49.884526,-119.492024,125.0,"538 Leon Ave, Kelowna, BC",Kelowna,Daycare
Produckidvity Academy - Sutherland,49.880408,-119.464731,274.0,"1521 Sutherland Ave, Kelowna, BC",Kelowna,Daycare
Project Play Family Centre,49.723802,-123.140009,280.0,"39319 Falcon Cres, Squamish, BC",Squamish,Daycare
Projectkids,49.264072,-123.195204,250.0,"2465 Crown St, Vancouver, BC",Vancouver,Daycare
Promise Vancouver Group Child Care (School Age),49.283017,-123.091992,256.0,"558 Powell St, Vancouver, BC",Vancouver,Daycare
Promontory Heights Christian Daycare,49.09584,-121.946303,141.0,"5108 Cecil Ridge Pl, Chilliwack, BC",Chilliwack,Daycare
Promontory Heights Community Elementary,49.101207,-121.9444384,580.0,"46200 Stoneview Dr, Chilliwack, BC",Chilliwack,Elementary Public School
Promontory Hummingbird Child Care Centre,49.101649,-121.946136,170.0,"2 46170 Stoneview Dr, Chilliwack, BC",Chilliwack,Daycare
Promontory Hummingbird Child Care Centre,49.101649,-121.946136,269.0,"1 46170 Stoneview Dr, Chilliwack, BC",Chilliwack,Daycare
Prospect Lake Elementary,48.5228574,-123.4340238,220.0,"321 Prospect Lake Rd, Victoria, BC",Victoria,Elementary Public School
Protot House Inc.,49.236758,-123.163685,114.0,"5488 Elm St, Vancouver, BC",Vancouver,Daycare
Puddle Hoppers Childcare,49.21745,-122.595009,158.0,"22641 Lougheed Hwy, Maple Ridge, BC",Maple Ridge,Daycare
Puddle Jumper Daycare,49.292178,-117.655472,248.0,"2112 10Th Ave, Castlegar, BC",Castlegar,Daycare
Puddle Jumpers,49.972584,-125.244923,316.0,"8-2033 Varsity Landng, Campbell River, BC",Campbell River,Daycare
Puddle Jumpers Childcare Centre,48.395813,-123.713772,298.0,"6453 Birchview Way, Sooke, BC",Sooke,Daycare
Puddle Jumpers Childcare Services,54.322983,-130.290345,158.0,"1561 India Ave, Prince Rupert, BC",Prince Rupert,Daycare
Puddle Jumpers Daycare,52.149113,-122.157157,230.0,"538 Midnight Dr, Williams Lake, BC",Williams Lake,Daycare
Puddle Splashers Childcare Society,49.27734,-122.972823,201.0,"751 Hammarskjold Dr, Burnaby, BC",Burnaby,Daycare
Puddle Splashers Childcare Society,49.279361,-122.961408,162.0,"510 Duncan Ave, Burnaby, BC",Burnaby,Daycare
Puddleduck Early Learning Society,49.673884,-124.941463,250.0,"2137 Comox Ave., Comox, BC",Comox,Daycare
Puddleduck Early Learning Society,49.701767,-124.982716,179.0,"211-130 Centennial Dr., Courtenay, BC",Courtenay,Daycare
Puddlejumper's Christian Child Care Centre,48.794081,-123.731329,187.0,"3200 Moorfield Rd, Duncan, BC",Duncan,Daycare
Puddlejumpers Childcare Centre,49.045838,-122.259434,180.0,"34824 Orchard Dr, Abbotsford, BC",Abbotsford,Daycare
Puddles And Mud Childcare,50.652903,-120.345613,146.0,"319 Gleneagles Dr, Kamloops, BC",Kamloops,Daycare
Puddles And Play,54.323179,-130.287077,229.0,"1710 Jamaica Ave, Prince Rupert, BC",Prince Rupert,Daycare
Pumpkin Patch Daycare,49.284612,-122.868053,204.0,"1605 Gore St, Port Moody, BC",Port Moody,Daycare
Pumpkin Patch Nursery School,49.81378,-125.113646,128.0,"2001 Black Creek Rd, Black Creek, BC",Black Creek,Daycare
Purcell International Preschool,49.692445,-115.940744,245.0,"8687 Highway 95A, Kimberley, BC",Kimberley,Daycare
Pure Play Child Care,49.107785,-122.29386,180.0,"5824 Riverside St, Abbotsford, BC",Abbotsford,Daycare
Pure Play Child Care Eagle Landing,49.152637,-121.978089,238.0,"8249 Eagle Landing Parkway, Chilliwack, BC",Chilliwack,Daycare
Pure Play Child Care Marshall Inc.,49.037783,-122.275077,276.0,"201-34314 Marshall Rd, Abbotsford, BC",Abbotsford,Daycare
Pure Play Child Care Shaughnessy,49.265292,-122.777618,195.0,"6108-2850 Shaughnessy St, Port Coquitlam, BC",Port Coquitlam,Daycare
Purple Cradle Child Care,49.179856,-122.784681,140.0,"15789 97A Ave, Surrey, BC",Surrey,Daycare
Purpose Independent Secondary School,49.2036091,-122.9063317,,"40 Begbie St, New Westminster, BC",New Westminster,Secondary Independent School
Puss N' Boots,50.697297,-120.340876,216.0,"855 Kamloopa Rd, Kamloops, BC",Kamloops,Daycare
Puzzles Child Care Centre,49.106195,-121.957158,222.0,"5639 Remington Cres, Chilliwack, BC",Chilliwack,Daycare
Puzzles Child Care Centre,49.325516,-123.11789,310.0,"1761 Tatlow Ave, North Vancouver, BC",North Vancouver,Daycare
Q'aLaTKu7em School,50.0528178,-122.5408396,,"PO Box 610, Mount Currie, BC",Mount Currie,Elementary-Secondary Public School
Q'shintul Mill Bay Nature Out Of School Care,48.672182,-123.567427,277.0,"3175 Cobble Hill Rd, Mill Bay, BC",Mill Bay,Daycare
Qaqauailas House Of Learning,52.160542,-128.145579,214.0,"208 Wabilisia St, Bella Bella, BC",Bella Bella,Daycare
Qas Out Of School Care,49.264637,-122.854734,226.0,"821 Fairfax St, Coquitlam, BC",Coquitlam,Daycare
Qawsain Knowledge House,49.2200324,-123.0654747,,"PO Box 75044, Vancouver, BC",Vancouver,Elementary Jr. Secondary Independent School
Qayqayt Children's Centre,49.226082,-122.912124,291.0,"91 Courtney Cres, New Westminster, BC",New Westminster,Daycare
Qayqayt Seamless Day,49.208252,-122.904856,231.0,"85 Merivale St, New Westminster, BC",New Westminster,Daycare
Qe Clubhouse & Kids Borough,49.186192,-122.940658,152.0,"833 Salter St, New Westminster, BC",New Westminster,Daycare
Qt Daycare #1,49.047884,-122.336754,97.0,"2518 Clearbrook Rd, Abbotsford, BC",Abbotsford,Daycare
Qt Daycare #2,49.047712,-122.336193,149.0,"32034 Hillcrest Ave, Abbotsford, BC",Abbotsford,Daycare
Qt Daycare Ltd.,49.044005,-122.328741,205.0,"2316 Beaver St, Abbotsford, BC",Abbotsford,Daycare
Quadra Child Care Centre,49.26724,-123.204442,230.0,"4315 6Th Ave W, Vancouver, BC",Vancouver,Daycare
Quadra Elementary,50.0457548,-125.2121249,270.0,"PO Box 249, Quathiaski Cove, BC",Quathiaski Cove,Elementary Public School
Quadra Out Of School Care Program,48.445981,-123.360381,163.0,"3031 Quadra St, Victoria, BC",Victoria,Daycare
Quadra Village Community Childcare,48.436976,-123.360984,209.0,"901 Kings Rd, Victoria, BC",Victoria,Daycare
Quail's  Nest Daycare,48.46648,-123.425668,212.0,"18 Camden Ave, Victoria, BC",Victoria,Daycare
Qualicum Beach Elementary,49.3516769,-124.472169,440.0,"699 Claymore Road, Qualicum Beach, BC",Qualicum Beach,Elementary Public School
Qualicum First Nation Childcare Centre,49.397489,-124.615134,147.0,"303 Salish Way, Qualicum Beach, BC",Qualicum Beach,Daycare
Quality Family Day Care,49.207347,-122.93358,250.0,"1305 Nanaimo St, New Westminster, BC",New Westminster,Daycare
Quality Fun Family Day Care,49.171139,-122.63494,91.0,"21188 93Rd Ave, Langley, BC",Langley,Daycare
Quality Time Childcare Centre,49.046161,-122.346219,223.0,"31668 South Fraser Way, Abbotsford, BC",Abbotsford,Daycare
Quality Time Childcare Centre Inc.,49.054293,-122.324592,191.0,"2865 Cruickshank St, Abbotsford, BC",Abbotsford,Daycare
Quamichan School,48.7859762,-123.6948732,600.0,"2515 Beverly St, North Cowichan, BC",North Cowichan,Secondary Public School
Quarterway Childcare Centre,49.177645,-123.98009,214.0,"1601 Creekside Dr, Nanaimo, BC",Nanaimo,Daycare
Quarterway Elementary,49.1796731,-123.9760182,365.0,"1632 Bowen Rd, Nanaimo, BC",Nanaimo,Elementary Public School
Queen Alexandra Elementary,49.2618753,-123.0764558,315.0,"1300 Broadway E, Vancouver, BC",Vancouver,Elementary Public School
Queen Alexandra Out Of School Care,49.261875,-123.076456,161.0,"1300 Broadway E, Vancouver, BC",Vancouver,Daycare
Queen Bees,49.180078,-122.859703,150.0,"9765 131 St, Surrey, BC",Surrey,Daycare
Queen Elizabeth Elementary,49.1851473,-122.9441555,330.0,"921 Salter St, New Westminster, BC",New Westminster,Elementary Public School
Queen Elizabeth Elementary,49.2664825,-123.1822684,440.0,"4102 16th Ave W, Vancouver, BC",Vancouver,Elementary Public School
Queen Elizabeth Secondary,49.1744781,-122.8465875,1600.0,"9457 King George Blvd, Surrey, BC",Surrey,Elementary Public School
Queen Margaret's,48.7854715,-123.7204676,,"660 Brownsey Ave, Duncan, BC",Duncan,Elementary-Secondary Independent School
Queen Mary Community Elementary,49.319433,-123.0778443,385.0,"230 Keith Rd W, North Vancouver, BC",North Vancouver,Elementary Public School
Queen Mary Elementary,49.2680271,-123.204953,390.0,"2000 Trimble St, Vancouver, BC",Vancouver,Elementary Public School
Queen Victoria Annex,49.267345,-123.066576,125.0,"1850 3rd Ave E, Vancouver, BC",Vancouver,Elementary Public School
Queen of All Saints Elementary,49.2645568,-122.8540668,,"1405 Como Lake Ave, Coquitlam, BC",Coquitlam,Elementary Independent School
Queen of Angels School,48.7822818,-123.6728711,,"2085 Maple Bay Rd, Duncan, BC",Duncan,Elementary Jr. Secondary Independent School
Queen's Park Daycare,49.209305,-122.908153,169.0,"131 Third St, New Westminster, BC",New Westminster,Daycare
Queen's Park Elementary School,49.496021,-119.6024,162.0,"330 Power St, Penticton, BC",Penticton,Daycare
Queen's Park Preschool,49.219608,-122.908463,136.0,"Centennial Lodge Queens Pk., New Westminster, BC",New Westminster,Daycare
Queens Park Elementary,49.4960214,-119.6023999,295.0,"330 Power St, Penticton, BC",Penticton,Elementary Public School
Queensborough Kids Child Care,49.195969,-122.927735,221.0,"490 Furness St, New Westminster, BC",New Westminster,Daycare
Queensborough Middle School,49.1861832,-122.9406583,375.0,"833 Salter St, New Westminster, BC",New Westminster,Elementary Jr. Secondary Public School
Queensborough ymca Kids Club,49.18711,-122.944561,250.0,"920 Ewen Ave, New Westminster, BC",New Westminster,Daycare
Queensbury Childcare,48.460958,-123.349822,104.0,"1260 Queensbury Ave, Victoria, BC",Victoria,Daycare
Queensbury Elementary,49.3276225,-123.0586729,270.0,"2020 Moody Ave, North Vancouver, BC",North Vancouver,Elementary Public School
Queenswood Family Child Care,48.464369,-123.291103,194.0,"2590 Arbutus Rd, Victoria, BC",Victoria,Daycare
Queneesh After School Club,49.713181,-124.973104,143.0,"2345 Mission Rd, Courtenay, BC",Courtenay,Daycare
Queneesh Elementary,49.7137099,-124.9738431,630.0,"2345 Mission Rd, Courtenay, BC",Courtenay,Elementary Public School
Quesnel And District Day Care Society,52.969892,-122.512287,294.0,"420 Webster Ave, Quesnel, BC",Quesnel,Daycare
Quesnel Junior School,52.9632645,-122.4508884,300.0,"950 Mountain Ash Rd, Quesnel, BC",Quesnel,Middle School Public School
Quesnel Online Learning,52.9767716,-122.4943008,,"241 Kinchant St, Quesnel, BC",Quesnel,Elementary-Secondary Public School
Quesnel Pre-K,52.976892,-122.523172,299.0,"288 Flamingo St, Quesnel, BC",Quesnel,Daycare
Quigley Elementary,49.880364,-119.4001467,490.0,"705 Kitch Rd, Kelowna, BC",Kelowna,Elementary Public School
Quilchena Elementary,49.1587415,-123.1857406,245.0,"3760 Moresby Dr, Richmond, BC",Richmond,Elementary Public School
Quilchena Elementary,49.2373135,-123.1519529,270.0,"5300 Maple St, Vancouver, BC",Vancouver,Elementary Public School
Quinson Elementary,53.923274,-122.7889906,345.0,"251 Ogilvie St S, Prince George, BC",Prince George,Elementary Public School
Quinton Childcare,49.260533,-122.839062,235.0,"1950 Quinton Ave, Coquitlam, BC",Coquitlam,Daycare
Qwallayuw Aboriginal Head Start,50.0128,-125.244712,110.0,"441 4 Ave, Campbell River, BC",Campbell River,Daycare
Qwam Qwum Stuwixwulh Community School,49.1212835,-123.8707438,,"1390 Stuywut St, Nanaimo, BC",Nanaimo,Elementary Public School
Qwam Qwum Stuwixwulh Early Learning Centre,49.123455,-123.872905,243.0,"1390 Stuywut St, Nanaimo, BC",Nanaimo,Daycare
R C Garnett Demonstration Elementary,49.1316649,-122.6633215,510.0,"7096 201 St, Langley, BC",Langley,Elementary Public School
R C Palmer Secondary,49.1538313,-123.1280789,1000.0,"8160 St. Albans Rd, Richmond, BC",Richmond,Elementary Public School
R E Mountain Secondary,49.1419606,-122.6631723,2075.0,"7633 202a St, Langley, BC",Langley,Secondary Public School
R L Angus Elementary,58.8116084,-122.709991,350.0,"Box 750, Fort Nelson, BC",Fort Nelson,Elementary Public School
R M Grauer Elementary,49.1549492,-123.1747455,390.0,"4440 Blundell Rd, Richmond, BC",Richmond,Elementary Public School
R. C. MacDonald Elementary,49.245367,-122.8230986,170.0,"2550 Leduc Ave, Coquitlam, BC",Coquitlam,Elementary Public School
R. C. Talmey Elementary,49.1878324,-123.1183931,465.0,"9500 Kilby Dr, Richmond, BC",Richmond,Elementary Public School
R.S. Little Hands Family Centre,49.325083,-123.113117,191.0,"1760 Philip Ave, North Vancouver, BC",North Vancouver,Daycare
R.S.K. Playmates Family Day Care,50.272027,-119.279782,189.0,"3510 41St Ave, Vernon, BC",Vernon,Daycare
Raccoon Den Child Care,48.388727,-123.525445,196.0,"4125 Metchosin Rd, Victoria, BC",Victoria,Daycare
Radiance Childcare Centre,49.2068,-122.91424,328.0,"613 Queens Ave, New Westminster, BC",New Westminster,Daycare
Raft River Childcare,51.649,-120.009369,139.0,"801 Clearwater Village Rd, Clearwater, BC",Clearwater,Daycare
Raft River Elementary,51.6486264,-120.0084327,345.0,"801 Clearwater Village Rd, Clearwater, BC",Clearwater,Elementary Public School
Ragamuffins,49.112279,-122.76426,127.0,"6048 165 St, Surrey, BC",Surrey,Daycare
Rain Or Shine Child Care Centre,49.255892,-123.029945,160.0,"3289 Matapan Cres, Vancouver, BC",Vancouver,Daycare
Rainbow Angels Infant Toddler Centre,49.166118,-123.166102,292.0,"5364 Opal Pl, Richmond, BC",Richmond,Daycare
Rainbow Angels Infant Toddler Learning Center,49.166382,-123.166566,249.0,"5353 Opal Pl, Richmond, BC",Richmond,Daycare
Rainbow Angels Montessori Childcare Centre,49.178595,-123.128586,119.0,"218-8531 Alexandra Rd, Richmond, BC",Richmond,Daycare
Rainbow Bunnies,49.233989,-122.896659,244.0,"536 Amess St, New Westminster, BC",New Westminster,Daycare
Rainbow Daycare,49.878786,-119.39705,121.0,"842 Juniper Rd, Kelowna, BC",Kelowna,Daycare
Rainbow Daycare,54.314291,-130.316674,235.0,"201 6Th Ave E, Prince Rupert, BC",Prince Rupert,Daycare
Rainbow Early Learning Collective,49.424068,-123.64441,135.0,"1150 Timberland Rd, Roberts Creek, BC",Roberts Creek,Daycare
Rainbow Express Day Care,48.419602,-123.37448,211.0,"433 Kingston St, Victoria, BC",Victoria,Daycare
Rainbow Home Child Care,49.038535,-122.762936,128.0,"16597 20 Ave, Surrey, BC",Surrey,Daycare
Rainbow Kids Daycare,53.981993,-122.805178,198.0,"4521 Stauble Rd, Prince George, BC",Prince George,Daycare
Rainbow Kids Learning Playhouse,50.028726,-119.412073,249.0,"10071 Kel-Win Road, Lake Country, BC",Lake Country,Daycare
Rainbow Lane Daycare,48.797208,-123.69046,186.0,"2447 Meadow Pl, Duncan, BC",Duncan,Daycare
Rainbow Montessori,49.208097,-122.585894,236.0,"11345 230 St, Maple Ridge, BC",Maple Ridge,Daycare
Rainbow Owl Childcare,49.021824,-122.790792,274.0,"15581 112A Ave, Surrey, BC",Surrey,Daycare
Rainbow Unicorn Childcare Center,49.167636,-122.647849,221.0,"20723 90A Ave, Langley, BC",Langley,Daycare
Rainbow's End Daycare,49.181423,-121.956275,162.0,"45834 Berkeley Ave, Chilliwack, BC",Chilliwack,Daycare
Rainbow's End Daycare,49.736191,-123.12685,186.0,"40431 Skyline Dr, Garibaldi Highlands, BC",Garibaldi Highlands,Daycare
Rainbow's Nest Child Care,49.2028,-123.104129,243.0,"11331 Twigg Pl, Richmond, BC",Richmond,Daycare
Rainbow's Nest Child Care,49.2028,-123.104129,252.0,"11331 Twigg Pl, Richmond, BC",Richmond,Daycare
Rainbowday Family Child Care,49.264124,-123.10004,164.0,"207-228 7Th Ave E, Vancouver, BC",Vancouver,Daycare
Rainbows And Dreams,48.481213,-123.379182,237.0,"4184 Keewatin Pl, Victoria, BC",Victoria,Daycare
Rainbows And Unicorns Preschool,49.176678,-122.965695,95.0,"5140 Smith Dr, Richmond, BC",Richmond,Daycare
Raincoast Childcare Centre,49.324685,-123.051092,136.0,"781 18Th St E, North Vancouver, BC",North Vancouver,Daycare
Raindrops Family Daycare,49.291039,-122.776842,200.0,"3216 Harwood Ave, Coquitlam, BC",Coquitlam,Daycare
Rainforest Learning Centre Inc. - North Vancouver,49.327623,-123.058673,169.0,"2020 Moody Ave, North Vancouver, BC",North Vancouver,Daycare
Rainforest Learning Centre Inc. - North Vancouver,49.327623,-123.058673,223.0,"2020 Moody Ave, North Vancouver, BC",North Vancouver,Daycare
Rainforest Learning Centre Inc. - North Vancouver,49.327623,-123.058673,242.0,"2020 Moody Ave, North Vancouver, BC",North Vancouver,Daycare
Rainforest Learning Centre Inc. – Coquitlam,49.245911,-122.890619,204.0,"101 511 Rochester Ave, Coquitlam, BC",Coquitlam,Daycare
Rainforest Learning Centre Inc. – Langley,49.096,-122.650734,162.0,"5100 206 St, Langley, BC",Langley,Daycare
Raising Stars Preschool,50.267139,-119.26336,289.0,"3404 24 St, Vernon, BC",Vernon,Daycare
Ralph Bell Elementary School,50.6754661,-120.2879247,195.0,"1764 Valleyview Dr, Kamloops, BC",Kamloops,Elementary Public School
Ramo Childcare Center,49.242413,-123.170266,151.0,"4895 Mackenzie St, Vancouver, BC",Vancouver,Daycare
Ranch Park Elementary,49.2652032,-122.812856,315.0,"2701 Spuraway Ave, Coquitlam, BC",Coquitlam,Elementary Public School
Ranch Park Kids Place Inc.,49.2653,-122.812894,151.0,"2701 Spuraway Ave, Coquitlam, BC",Coquitlam,Daycare
Ranchero Elementary Junior,50.6549691,-119.1921479,195.0,"6285 Ranchero Dr E, Salmon Arm, BC",Salmon Arm,Elementary Jr. Secondary Public School
Randerson Ridge Elementary,49.2265893,-124.0272109,415.0,"6021 Nelson Rd, Nanaimo, BC",Nanaimo,Elementary Public School
Ranger Station Daycare,48.464522,-123.396778,163.0,"639 Coleos Pl, Victoria, BC",Victoria,Daycare
Rascally Rabbits Daycare,52.146436,-122.147163,139.0,"980 Ninth Ave N, Williams Lake, BC",Williams Lake,Daycare
Rass 600 Campbell Ave,50.997295,-118.200599,155.0,"600 Campbell Ave, Revelstoke, BC",Revelstoke,Daycare
Ray Of Sunshine Child Care And Drop In Center Inc.,50.976615,-118.173106,103.0,"4108 Coursier Ave, Revelstoke, BC",Revelstoke,Daycare
Ray Shepherd Elementary,49.0321969,-122.8451767,470.0,"1650 136 St, Surrey, BC",Surrey,Elementary Public School
Ray Watkins Elementary,49.7814245,-126.0513055,295.0,"PO Box 190, Gold River, BC",Gold River,Elementary Public School
Rayleigh Elementary,50.7975104,-120.3162216,320.0,"306 Puett Ranch Rd, Kamloops, BC",Kamloops,Elementary Public School
Raymer Elementary,49.8651826,-119.4890325,385.0,"657 Raymer Ave, Kelowna, BC",Kelowna,Elementary Public School
Reach,49.4890854,-117.2931844,,"1004 Cottonwood St, Nelson, BC",Nelson,Senior Secondary Public School
Reach Development Preschool South Delta,49.088287,-123.085023,219.0,"5050 47 Ave, Delta, BC",Delta,Daycare
Reach Developmental Preschool North Delta,49.156934,-122.907107,219.0,"11415 84Th Ave Delta, Delta, BC",Delta,Daycare
Reach For The Stars Montessori,49.25376,-123.023111,149.0,"3440 Boundary Rd, Burnaby, BC",Burnaby,Daycare
Reach For The Stars Montessori Ii,49.252177,-123.056167,167.0,"3606 Nanaimo St, Vancouver, BC",Vancouver,Daycare
Reach For The Stars Montessori Iii,49.257629,-123.101278,162.0,"3085 Main St, Vancouver, BC",Vancouver,Daycare
Reach For The Stars Montessori Learning Academy Inc,49.265226,-123.152926,213.0,"2343 Arbutus St, Vancouver, BC",Vancouver,Daycare
Ready Montessori Daycare,49.154335,-123.179497,249.0,"8060 Corless Pl, Richmond, BC",Richmond,Daycare
Ready Set Grow,49.126963,-121.965097,190.0,"6875 Wiltshire St, Chilliwack, BC",Chilliwack,Daycare
Ready Set Grow Child Care,49.146264,-123.17367,135.0,"4611 Princeton Ave, Richmond, BC",Richmond,Daycare
Ready Set Grow Children's Centre,49.205455,-122.942284,153.0,"1714 Eighth Ave, New Westminster, BC",New Westminster,Daycare
Ready Spaghetti! Child Care,49.218122,-124.038847,137.0,"5523 Fernandez Pl, Nanaimo, BC",Nanaimo,Daycare
Rec & Roll,52.134134,-122.14595,92.0,"260 Cameron St, Williams Lake, BC",Williams Lake,Daycare
Red Apple Day Care Centre,49.037839,-122.327722,174.0,"32354 Marshall Rd, Abbotsford, BC",Abbotsford,Daycare
Red Apple Montessori Child Care,49.21962,-123.084508,196.0,"1030 55 Ave E, Vancouver, BC",Vancouver,Daycare
Red Balloon Daycare #1,49.861855,-119.567178,113.0,"2648 Alhambra Dr, West Kelowna, BC",West Kelowna,Daycare
Red Barn Montessori,49.764579,-123.147366,196.0,"41738 Government Rd, Brackendale, BC",Brackendale,Daycare
Red Wagon Revelstoke,50.976852,-118.17717,65.0,"1950 Park Dr, Revelstoke, BC",Revelstoke,Daycare
Redfish Elementary School,49.6134536,-117.0490073,145.0,"265 Bryan Rd, Nelson, BC",Nelson,Elementary Public School
Redwood Academy Richmond,49.13073,-123.094436,206.0,"120-11060 Horseshoe Way, Richmond, BC",Richmond,Daycare
Redwood Academy Richmond,49.13073,-123.094436,209.0,"120-11060 Horseshoe Way, Richmond, BC",Richmond,Daycare
Redwood Early Childhood Education,49.034332,-122.337701,182.0,"107-1785 Clearbrook Rd, Abbotsford, BC",Abbotsford,Daycare
Regent Christian Academy,49.1233552,-122.8036265,,"15100 66a Ave, Surrey, BC",Surrey,Elementary-Secondary Independent School
Regent Christian Online Academy,48.4224602,-123.3850335,,,,Elementary-Secondary Independent School
Regent Road ymca Kids Club,49.137275,-122.704388,195.0,"18711 74 Ave, Surrey, BC",Surrey,Daycare
Renaissance Kids,49.122614,-123.160446,195.0,"1 12491 No 2 Rd, Richmond, BC",Richmond,Daycare
Renaissance Kids,49.122614,-123.160446,250.0,"1-12491 No. 2 Rd, Richmond, BC",Richmond,Daycare
Renaissance Kids,49.122897,-123.160749,210.0,"1-12491 No. 2 Rd, Richmond, BC",Richmond,Daycare
Renaissance Kids School Age Program # 1,49.122897,-123.160749,195.0,"1-12491 No. 2 Rd, Richmond, BC",Richmond,Daycare
Renaissance Kids School Age Program #2,49.122922,-123.159802,175.0,"12431 No. 2 Rd, Richmond, BC",Richmond,Daycare
Renfrew Community Elementary,49.2512968,-123.0317978,685.0,"3315 22nd Ave E, Vancouver, BC",Vancouver,Elementary Public School
Renfrew Park Community Centre Out Of School Care,49.252423,-123.042961,186.0,"2929 22Nd Ave E, Vancouver, BC",Vancouver,Daycare
Renfrew Park Community Centre Preschool,49.252423,-123.042961,270.0,"2929 22Nd Ave E, Vancouver, BC",Vancouver,Daycare
Renfrew School Age Child Care Centre,49.250749,-123.031954,208.0,"3315 E 22 Ave, Vancouver, BC",Vancouver,Daycare
Reni's Happy Place,49.287118,-123.130297,295.0,"1104-840 Broughton St, Vancouver, BC",Vancouver,Daycare
Revelstoke Community Centre,50.997251,-118.2004,160.0,"600 Campbell Ave, Revelstoke, BC",Revelstoke,Daycare
Revelstoke Neverland Childcare,50.971852,-118.223791,138.0,"1627 Mt Begbie Rd, Revelstoke, BC",Revelstoke,Daycare
Revelstoke Secondary,50.9910745,-118.1988367,500.0,"Bag 5100, Revelstoke, BC",Revelstoke,Secondary Public School
Revelstoke Sunnyside Daycare,50.986191,-118.196439,244.0,"9A-1306 Downie St, Revelstoke, BC",Revelstoke,Daycare
Revy Rascals,51.014905,-118.216348,217.0,"172 Pearkes Dr, Revelstoke, BC",Revelstoke,Daycare
Reynolds Secondary,48.4686656,-123.3594913,1075.0,"3963 Borden St, Victoria, BC",Victoria,Elementary Public School
Rhema Childcare Centre Ltd.,49.275463,-122.948394,266.0,"7381 Curtis St, Burnaby, BC",Burnaby,Daycare
Rhiannon's Family Child Care,48.860885,-123.640145,89.0,"1511 Anchor Rd, Crofton, BC",Crofton,Daycare
Richard Bulpitt Elementary,49.1437853,-122.6415909,660.0,"20965 77a Ave, Langley, BC",Langley,Elementary Public School
Richardson Elementary,49.1550831,-122.9082168,415.0,"11339 83 Ave, Delta, BC",Delta,Elementary Public School
Richmond Christian School,49.1379217,-123.0917864,,"10200 No. 5 Rd, Richmond, BC",Richmond,Elementary-Secondary Independent School
Richmond Christian School,49.143027,-123.166487,213.0,"5240 Woodwards Rd, Richmond, BC",Richmond,Daycare
Richmond Christian School Early Learning,49.143027,-123.166487,273.0,"5240 Woodwards Rd, Richmond, BC",Richmond,Daycare
Richmond Colts Day Care,49.161272,-123.14196,128.0,"7171 Minoru Blvd., Richmond, BC",Richmond,Daycare
Richmond Jewish Day School,49.1483988,-123.0908384,,"8760 No. 5 Rd, Richmond, BC",Richmond,Elementary Independent School
Richmond Out Of School Care,49.158919,-123.133557,202.0,"8220 General Currie Rd, Richmond, BC",Richmond,Daycare
Richmond Secondary,49.1612726,-123.1419573,1200.0,"7171 Minoru Blvd, Richmond, BC",Richmond,Elementary Public School
Richmond Star Academy,49.149436,-123.122966,227.0,"8851 Heather St, Richmond, BC",Richmond,Daycare
Richmond Star Child Care - Under 36 Months,49.149436,-123.122966,76.0,"8851 Heather St, Richmond, BC",Richmond,Daycare
Richmond Virtual School,49.1538313,-123.1280789,,"8160 St. Albans Rd, Richmond, BC",Richmond,Elementary-Secondary Public School
Richmonds Best After School Program,49.129803,-123.099494,206.0,"150 11780 Hammersmith Way, Richmond, BC",Richmond,Daycare
Rick Hansen Secondary,49.0667058,-122.3616342,1150.0,"31150 Blueridge Dr, Abbotsford, BC",Abbotsford,Secondary Public School
Ridge & River Child Care,49.209256,-117.692092,162.0,"338 15Th Ave, Genelle, BC",Genelle,Daycare
Ridgeview Daycare Ltd.,49.06519,-122.356832,190.0,"31311 Ridgeview Dr, Abbotsford, BC",Abbotsford,Daycare
Ridgeview Elementary,49.337231,-123.1493724,320.0,"1250 Mathers Ave, West Vancouver, BC",West Vancouver,Elementary Public School
Ridgeway Elementary,49.3151843,-123.0616631,435.0,"420 8th St E, North Vancouver, BC",North Vancouver,Elementary Public School
Right At School Group Childcare,49.877332,-125.131628,272.0,"2250 Terrain Rd, Campbell River, BC",Campbell River,Daycare
Right Choice Daycare Centre,49.13856,-122.901066,134.0,"7450 116 St, Delta, BC",Delta,Daycare
Riley Park Preschool,49.242933,-123.106821,128.0,"4575 Clancy Loranger Way, Vancouver, BC",Vancouver,Daycare
Rioasis Childcare Ltd.,48.428167,-123.353579,247.0,"1580 Cook St, Victoria, BC",Victoria,Daycare
Ripple Rock Elementary,50.022938,-125.274224,280.0,"2001 Cheviot Rd, Campbell River, BC",Campbell River,Daycare
Ripple Rock Elementary,50.022938,-125.2742238,315.0,"2001 Cheviot Rd, Campbell River, BC",Campbell River,Elementary Public School
Rise & Shine Clubhouse,56.246817,-120.821989,122.0,"2 8612 100 Ave, Fort St. John, BC",Fort St. John,Daycare
Rise & Shine Montessori,49.160704,-123.187141,184.0,"3440 Moresby Dr, Richmond, BC",Richmond,Daycare
Rise N Shine Childcare Center #4,49.172492,-122.80238,177.0,"9340 151A St, Surrey, BC",Surrey,Daycare
Rise N Shine Childcare Center Inc.,49.157022,-122.758172,234.0,"16740 85 Ave, Surrey, BC",Surrey,Daycare
Rise N Shine Childcare Center Inc. #2,49.146976,-122.757156,224.0,"16784 80Th Ave, Surrey, BC",Surrey,Daycare
Rise N Shine Childcare Center Inc. #3,49.11364,-122.73896,140.0,"17460 61A Ave, Surrey, BC",Surrey,Daycare
Rising Buds Child Care Centre,49.183217,-122.794681,165.0,"15424 99A Ave, Surrey, BC",Surrey,Daycare
Rising Journey Multi Age Daycare Inc,49.114156,-122.828323,224.0,"14210 61A Ave, Surrey, BC",Surrey,Daycare
Rising Stars Daycare Inc,49.222709,-122.922397,178.0,"8094 11Th Ave, Burnaby, BC",Burnaby,Daycare
Rising Sun Montessori Daycare,49.246486,-123.064708,207.0,"4306 Victoria Dr, Vancouver, BC",Vancouver,Daycare
River City Early Learning Centre,50.66795,-120.352218,114.0,"30-945 Columbia St W, Kamloops, BC",Kamloops,Daycare
River City Early Learning Centre (2),50.668512,-120.353695,282.0,"40-945 Columbia St W, Kamloops, BC",Kamloops,Daycare
River Run Early Care & Learning Centre,49.197699,-123.107295,158.0,"10277 River Dr, Richmond, BC",Richmond,Daycare
River Run Early Care & Learning Centre,49.197762,-123.107576,205.0,"10277 River Dr, Richmond, BC",Richmond,Daycare
River Run Early Care & Learning Centre - Preschool,49.197699,-123.107295,148.0,"10277 River Dr, Richmond, BC",Richmond,Daycare
River Run Early Care And Learning Centre,49.197762,-123.107576,207.0,"10277 River Dr, Richmond, BC",Richmond,Daycare
Riverside Childcare,49.1845,-122.949616,148.0,"140-1110 Ewen Ave, New Westminster, BC",New Westminster,Daycare
Riverside Childcare,49.260998,-122.744448,124.0,"1183 Riverside Dr, Port Coquitlam, BC",Port Coquitlam,Daycare
Riverside Family Childcare,49.073707,-123.917163,185.0,"80 River Terr, Nanaimo, BC",Nanaimo,Daycare
Riverview Childcare Ltd,49.25129,-122.807575,217.0,"2762 Cultus Crt, Coquitlam, BC",Coquitlam,Daycare
Riverview Elementary,52.9771828,-122.5063245,195.0,"346 Hartley St, Quesnel, BC",Quesnel,Elementary Public School
Riverview Park Elementary,49.2569546,-122.8059765,285.0,"700 Clearwater Way, Coquitlam, BC",Coquitlam,Elementary Public School
Riverwalk Child Care,49.260982,-124.820665,177.0,"5231 Heaslip Rd, Port Alberni, BC",Port Alberni,Daycare
Riverwood Academics & Discovery,49.267987,-122.734225,248.0,"688 Omineca Pl, Port Coquitlam, BC",Port Coquitlam,Daycare
Rjds After School Care,49.148399,-123.090838,129.0,"8760 No. 5 Rd, Richmond, BC",Richmond,Daycare
Rjds Early Learning Centre - Gan Aleph,49.148399,-123.090838,213.0,"8760 No. 5 Rd, Richmond, BC",Richmond,Daycare
Rjds Early Learning Centre - Gan Bet,49.148399,-123.090838,158.0,"8760 No. 5 Rd, Richmond, BC",Richmond,Daycare
Robert A. McMath Secondary,49.1305036,-123.1790242,1275.0,"4251 Garry St, Richmond, BC",Richmond,Secondary Public School
Robert Bateman Secondary,49.0695565,-122.253674,1100.0,"35045 Exbury Ave, Abbotsford, BC",Abbotsford,Secondary Public School
Robert J Tait Elementary,49.1963706,-123.1112652,390.0,"10071 Finlayson Dr, Richmond, BC",Richmond,Elementary Public School
Robert L Clemitson Elementary,50.6491537,-120.1658797,440.0,"5990 Todd Rd, Kamloops, BC",Kamloops,Elementary Public School
Robert Ogilvie Elementary,56.2459145,-120.820421,270.0,"9907 86 St, Fort St John, BC",Fort St John,Elementary Public School
Robert Ogilvie Preschool,56.245915,-120.820421,225.0,"9907 86 St, Fort St. John, BC",Fort St. John,Daycare
Roberts Creek Child Care Centre,49.424068,-123.64441,221.0,"1150 Timberland Rd, Roberts Creek, BC",Roberts Creek,Daycare
Roberts Creek Elementary,49.4223847,-123.6441098,270.0,"General Delivery, Roberts Creek, BC",Roberts Creek,Elementary Public School
Robertson Elementary,49.1573174,-121.9486284,290.0,"46106 Southlands Cres, Chilliwack, BC",Chilliwack,Elementary Public School
Robertson Elementary Just B4 Preschool & School Age Care,49.157317,-121.948628,228.0,"46106 Southlands Cres, Chilliwack, BC",Chilliwack,Daycare
Robson Afterschool Care Program,49.335586,-117.698618,197.0,"3131 Waldie Ave, Robson, BC",Robson,Daycare
Robson Community School,49.3354425,-117.6985053,220.0,"PO Box 259, Robson, BC",Robson,Elementary Public School
Robson Valley Junior Academy,53.3222544,-120.2471194,,"PO Box 550, Mcbride, BC",Mcbride,Elementary Jr. Secondary Independent School
Robyn's Nest Daycare,53.917832,-122.801556,239.0,"755 Kerry St, Prince George, BC",Prince George,Daycare
Rock City Elementary,49.2099074,-123.9922303,315.0,"3741 Departure Bay Rd, Nanaimo, BC",Nanaimo,Elementary Public School
Rock N Tots Daycare,49.0982,-122.662264,205.0,"20216 53 Ave, Langley, BC",Langley,Daycare
Rockheights Middle School,48.4351166,-123.4116205,500.0,"1250 Highrock Ave, Victoria, BC",Victoria,Elementary Public School
Rockridge Secondary,49.3495019,-123.2525247,700.0,"5350 Headland Dr, West Vancouver, BC",West Vancouver,Secondary Public School
Rocky Mountain Childcare-Marysville,49.634779,-115.951195,229.0,"526 309 Ave, Kimberley, BC",Kimberley,Daycare
Rocky Mountain Elementary,50.0069162,-114.931646,295.0,"PO Box 460, Elkford, BC",Elkford,Elementary Public School
Rocky Mountain Online Learning,50.5022144,-116.0411422,,"Box 430, Invermere, BC",Invermere,Elementary-Secondary Public School
Rocky Point Montessori,49.277478,-122.85188,290.0,"2709 Clarke St, Port Moody, BC",Port Moody,Daycare
Rogers Elementary,48.4743457,-123.3812568,370.0,"765 Rogers Ave, Victoria, BC",Victoria,Elementary Public School
Rompers Preschool,49.162796,-123.167649,276.0,"5151 Granville Ave, Richmond, BC",Richmond,Daycare
Ron Brent Elementary,53.9082838,-122.7524398,295.0,"1401 17th Ave, Prince George, BC",Prince George,Elementary Public School
Room To Bloom Child Care Centre,56.245628,-120.85351,142.0,"10316 99 Ave, Fort St. John, BC",Fort St. John,Daycare
Roosevelt Park Elementary,54.3063718,-130.3264696,340.0,"PO Box 520, Prince Rupert, BC",Prince Rupert,Elementary Public School
Roots & Wings Early Learning Centre,49.863124,-124.543795,72.0,"6486 Hemlock St, Powell River, BC",Powell River,Daycare
Roots & Wings Early Learning Centre,49.863124,-124.543795,246.0,"6486 Hemlock St, Powell River, BC",Powell River,Daycare
Roots & Wings Montessori Heritage House,49.101553,-122.79891,228.0,"15250 54A Ave, Surrey, BC",Surrey,Daycare
Roots And Wings,49.029311,-118.452604,92.0,"7324 Boundary Dr, Grand Forks, BC",Grand Forks,Daycare
Roots And Wings Montessori Sullivan,49.105336,-122.799101,273.0,"101 102 15295 No 10 Hwy, Surrey, BC",Surrey,Daycare
Roots To Grow Farm School Inc.,48.677809,-123.451532,252.0,"1160 Wain Rd, North Saanich, BC",North Saanich,Daycare
Rose Valley Elementary,49.8873616,-119.5558947,345.0,"1680 Westlake Rd, West Kelowna, BC",West Kelowna,Elementary Public School
Rose's Daycare,58.807037,-122.690458,218.0,"5205 45 St, Fort Nelson, BC",Fort Nelson,Daycare
Rose-des-vents,49.2365631,-123.1230019,270.0,"5445 Baillie St, Vancouver, BC",Vancouver,Elementary Public School
Rosedale Traditional Community,49.1734943,-121.8182166,545.0,"50850 Yale Rd Rr 1, Rosedale, BC",Rosedale,Elementary Public School
Rosemary Child Center,49.220101,-122.52644,236.0,"25102 Dewdney Trunk Rd, Maple Ridge, BC",Maple Ridge,Daycare
Rosemary Heights Childcare Ltd,49.064771,-122.806619,154.0,"3452 150 St, Surrey, BC",Surrey,Daycare
Rosemary Heights Elementary,49.0671755,-122.7926624,510.0,"15516 36 Ave, Surrey, BC",Surrey,Elementary Public School
Rosemary's Garden Childcare,49.186397,-119.538403,228.0,"915 Eastside Ave, Oliver, BC",Oliver,Daycare
Rosemont Elementary School,49.4806084,-117.301453,170.0,"1605 Crease Street, Nelson, BC",Nelson,Elementary Public School
Rosemont Kidz Klub,49.480608,-117.301453,202.0,"1605 Crease Ave, Nelson, BC",Nelson,Daycare
Ross Bay Preschool Ltd,48.414127,-123.336542,144.0,"1620 Earle St, Victoria, BC",Victoria,Daycare
Ross Elementary,49.0471101,-122.4061208,170.0,"2451 Ross Rd, Abbotsford, BC",Abbotsford,Elementary Public School
Ross Road Elementary,49.3349197,-123.0313922,465.0,"2875 Bushnell Pl, North Vancouver, BC",North Vancouver,Elementary Public School
Rosser Children's Centre,49.283279,-123.006839,281.0,"4375 Pandora St, Burnaby, BC",Burnaby,Daycare
Rosser Elementary,49.2832789,-123.0068386,195.0,"4375 Pandora St, Burnaby, BC",Burnaby,Elementary Public School
Rosser ymca Kids Club,49.283279,-123.006839,164.0,"4375 Pandora St, Burnaby, BC",Burnaby,Daycare
Rossland Summit School,49.0807562,-117.7992667,595.0,"Drawer 1269, Rossland, BC",Rossland,Elementary Jr. Secondary Public School
Rosynest Academy,49.119728,-122.834847,227.0,"13978 64A Ave, Surrey, BC",Surrey,Daycare
Rothewood Academey South Surrey,49.045836,-122.797509,263.0,"400-15355 24 Ave, Surrey, BC",Surrey,Daycare
Rothewood Academy - Crestwood,49.175257,-123.072977,136.0,"110-13575 Commerce Pky, Richmond, BC",Richmond,Daycare
Rothewood Academy - Crestwood,49.175257,-123.072977,148.0,"110-13575 Commerce Pky, Richmond, BC",Richmond,Daycare
Rothewood Academy Richmond,49.17791,-123.138165,126.0,"100-7931 Alderbridge Way, Richmond, BC",Richmond,Daycare
Rothewood Academy Richmond,49.17791,-123.138165,237.0,"140-7931 Alderbridge Way, Richmond, BC",Richmond,Daycare
Rothewood Academy Richmond Garden City,49.17965,-123.125387,258.0,"210-4591 Garden City Rd, Richmond, BC",Richmond,Daycare
Rothewood Academy Richmond Garden City,49.17965,-123.125387,276.0,"210-4591 Garden City Rd, Richmond, BC",Richmond,Daycare
Rothewood Academy White Rock,49.033243,-122.801655,192.0,"106-1715 152 St, Surrey, BC",Surrey,Daycare
Roy Stibbs Elementary,49.2539027,-122.8842962,270.0,"600 Fairview St, Coquitlam, BC",Coquitlam,Elementary Public School
Royal Academy,49.187037,-123.072208,222.0,"3600 Viking Way, Richmond, BC",Richmond,Daycare
Royal Academy,49.187037,-123.072208,280.0,"3600 Viking Way, Richmond, BC",Richmond,Daycare
Royal Academy,49.211445,-122.917585,190.0,"425 Sixth St, New Westminster, BC",New Westminster,Daycare
Royal Academy,49.243166,-123.024065,162.0,"3695 Moscrop St, Vancouver, BC",Vancouver,Daycare
Royal Bay Secondary,48.4092932,-123.4927158,1400.0,"3500 Ryder Hesjedal Way, Victoria, BC",Victoria,Elementary Public School
Royal Blue Heron Montessori Academy,49.139454,-123.188603,214.0,"10111 Fourth Ave, Richmond, BC",Richmond,Daycare
Royal Bridge High School,49.278635,-122.7894323,,"301-1123 Westwood St, Coquitlam, BC",Coquitlam,Secondary Independent School
Royal City Alternate Program,49.2044453,-122.917576,,"200 - 1065 Columbia Street, New Westminster, BC",New Westminster,Junior Secondary Public School
Royal Heights Elementary,49.1791921,-122.8993991,340.0,"11665 97 Ave, Surrey, BC",Surrey,Elementary Public School
Royal Heights ymca Kids Club,49.179192,-122.899399,212.0,"11665 97 Ave, Surrey, BC",Surrey,Daycare
Royal Oak Middle School,48.4947912,-123.3916352,600.0,"751 Travino Lane, Victoria, BC",Victoria,Middle School Public School
Royal Oak Secondary Program,49.2508892,-122.9878447,,"5310 Woodsworth St, Burnaby, BC",Burnaby,Elementary Public School
Royston Elementary,49.6448125,-124.9500636,220.0,"3830 Warren Ave, Royston, BC",Royston,Elementary Public School
Rpc Day Care,49.169392,-123.121314,231.0,"9300 Westminster Highway, Richmond, BC",Richmond,Daycare
Rpc Out Of School Care,49.169392,-123.121314,152.0,"9300 Westminster Hwy, Richmond, BC",Richmond,Daycare
Ruffles Family Child Care,48.789691,-123.721391,182.0,"6029 Falaise Rd, Duncan, BC",Duncan,Daycare
Rugrats Academy,49.304719,-122.810537,214.0,"1601 Salal Cres, Coquitlam, BC",Coquitlam,Daycare
Ruki's Day Care,49.828399,-119.483638,117.0,"4330 Gordon Dr, Kelowna, BC",Kelowna,Daycare
Run And Have Fun Daycare,49.17609,-122.626145,213.0,"9536 215A St, Langley, BC",Langley,Daycare
Rupert ymca Kids Club,49.27223,-123.03763,261.0,"3150 Kitchener St, Surrey, BC",Surrey,Daycare
Rural Roots Early Learning Centre,50.61954,-116.077242,202.0,"7511 Columbia Ave, Radium Hot Springs, BC",Radium Hot Springs,Daycare
Ruth King Elementary,48.4524069,-123.5053456,550.0,"2764 Jacklin Rd, Victoria, BC",Victoria,Elementary Public School
Ruth King Elementary School - Osc,48.451883,-123.50567,119.0,"2764 Jacklin Rd, Victoria, BC",Victoria,Daycare
Rutherford Elementary,49.2343668,-124.0207188,,"5840 Hammond Bay Rd, Nanaimo, BC",Nanaimo,Elementary Public School
Rutland Community School Children's Centre,49.898641,-119.375501,156.0,"620 Webster Rd, Kelowna, BC",Kelowna,Daycare
Rutland Elementary,49.8986412,-119.3755006,390.0,"620 Webster Rd, Kelowna, BC",Kelowna,Elementary Public School
Rutland Middle School,49.8979867,-119.3861629,425.0,"715 Rutland Rd N, Kelowna, BC",Kelowna,Middle School Public School
Rutland Parent Participation Preschool,49.880756,-119.400019,170.0,"705 Kitch Rd, Kelowna, BC",Kelowna,Daycare
Rutland Senior Secondary,49.8969396,-119.3837848,1550.0,"705 Rutland Rd N, Kelowna, BC",Kelowna,Elementary Public School
S.M.I.L.E.S Daycare,55.254029,-127.679611,158.0,"4125 River Rd, Hazelton, BC",Hazelton,Daycare
S.P.I.C.E. Of Life Child Care Centre,49.135611,-123.104407,122.0,"10851 Shell Rd, Richmond, BC",Richmond,Daycare
S.P.I.C.E. Of Life Child Care Centre,49.135616,-123.104409,251.0,"10851 Shell Rd, Richmond, BC",Richmond,Daycare
SAIL Secondary,49.1702677,-122.8323789,0.0,"14123 92 Ave, Surrey, BC",Surrey,Secondary Public School
SD 36 Alternate Cloverdale LC,49.1052186,-122.7347585,,"5658 176 Street, Surrey, BC",Surrey,Secondary Public School
SD 36 Alternate North Surrey LC,49.1712539,-122.8343549,,"9260 140 St, Surrey, BC",Surrey,Secondary Public School
SD 36 Education Services (Type 1),49.1702677,-122.8323789,,"14033 92 Ave, Surrey, BC",Surrey,Secondary Public School
SD 39 DL Elementary,49.2319465,-123.0926047,,"530 East 41st Ave, Vancouver, BC",Vancouver,Elementary Public School
SD 42 Connected Learning Community,49.2154378,-122.6521541,,"20575 Thorne Ave, Maple Ridge, BC",Maple Ridge,Secondary Public School
SD 50 Online Learning,53.2362841,-131.8085007,,"PO Box 70, Daajing Giids, BC",Daajing Giids,Senior Secondary Public School
SD 63 Individual Learning Centre,48.5966999,-123.4315052,,"1649 Mount Newton Cross Rd, Saanichton, BC",Saanichton,Secondary Public School
SD 70 Continuing Ed,49.2331654,-124.7992011,,"2941 8th Ave, Port Alberni, BC",Port Alberni,Senior Secondary Public School
SD62 Continuing Education,48.4498195,-123.5015406,,"120-798 Goldstream Ave, Victoria, BC",Victoria,Secondary Public School
SD62 Online School,48.4498195,-123.5015406,,"798 Goldstream Ave, Victoria, BC",Victoria,Secondary Public School
SJ Burnside Continuing Education,48.4437152,-123.3755299,,"3130 Jutland Rd, Victoria, BC",Victoria,Senior Secondary Public School
SJ Burnside Education Centre,48.4437152,-123.3755299,,"3130 Jutland Rd, Victoria, BC",Victoria,Secondary Public School
Sa-Hali Early Care And Learning Center,50.645701,-120.353099,119.0,"720 Robson Dr, Kamloops, BC",Kamloops,Daycare
Sa-Hali Secondary,50.6652326,-120.3451908,725.0,"255 Arrowstone Dr, Kamloops, BC",Kamloops,Elementary Public School
Sabreland Daycare,55.341271,-123.103053,87.0,"310 Nechako Ave, Mackenzie, BC",Mackenzie,Daycare
Sabreland Daycare Ii,55.341287,-123.104648,187.0,"311 Nechako Ave, Mackenzie, BC",Mackenzie,Daycare
Sacred Heart,49.0748991,-123.0772576,,"PO Box 10 Lcd Main, Delta, BC",Delta,Elementary Independent School
Sacred Heart,53.9122309,-122.739835,,"785 Patricia Blvd, Prince George, BC",Prince George,Elementary Independent School
Sacred Heart Catholic School,52.1361392,-122.1465645,,"455 Pigeon Ave, Williams Lake, BC",Williams Lake,Elementary Independent School
Sacred Heart Preschool & Daycare,52.136793,-122.14716,212.0,"455 Pigeon Ave, Williams Lake, BC",Williams Lake,Daycare
Safe Garden Home Daycare,49.254115,-122.887606,162.0,"606 Denton St, Coquitlam, BC",Coquitlam,Daycare
Safe Haven Daycare,49.161752,-121.988955,230.0,"7810 Cedarbrook Rd, Chilliwack, BC",Chilliwack,Daycare
Safe-T Family Child Care,49.269288,-123.062652,284.0,"2048 1St Ave E, Vancouver, BC",Vancouver,Daycare
Saik'uz Daycare,53.944141,-124.114911,175.0,"133 Joseph St, Vanderhoof, BC",Vanderhoof,Daycare
Saints And Angels Preschool,49.264557,-122.854067,172.0,"1405 Como Lake Ave, Coquitlam, BC",Coquitlam,Daycare
Sakura Childcare The Annex,49.220387,-123.018332,205.0,"3893 Hurst St, Burnaby, BC",Burnaby,Daycare
Sakura Childcare The First,49.239156,-123.010311,115.0,"4237 Price Cres, Burnaby, BC",Burnaby,Daycare
Sakura Childcare The Third,49.222283,-122.971595,228.0,"6776 Gilley Ave, Burnaby, BC",Burnaby,Daycare
Salamat Childcare Centre,49.149073,-122.798487,227.0,"15298 80A Ave, Surrey, BC",Surrey,Daycare
Salisbury Childcare Centre Ltd,49.27212,-122.770945,167.0,"2120 Salisbury Ave, Port Coquitlam, BC",Port Coquitlam,Daycare
Salmo Elementary School,49.1894581,-117.2750004,270.0,"Po Drawer 220, Salmo, BC",Salmo,Elementary Public School
Salmo Secondary,49.1904458,-117.2815819,200.0,"PO Box 310, Salmo, BC",Salmo,Elementary-Secondary Public School
Salmon Arm Secondary,50.7126824,-119.2535563,700.0,"1641 30 St Ne, Salmon Arm, BC",Salmon Arm,Secondary Public School
Salmon Arm Storefront,50.6966012,-119.2857602,,"PO Box 129, Salmon Arm, BC",Salmon Arm,Secondary Public School
Salmon Arm West Elementary,50.6919394,-119.3395655,145.0,"4750 10 Ave Sw, Salmon Arm, BC",Salmon Arm,Elementary Public School
Salt Spring Early Learning Centre,48.850406,-123.502813,247.0,"115 Drake Rd, Salt Spring Island, BC",Salt Spring Island,Daycare
Salt Spring Elementary,48.8543966,-123.5026738,270.0,"112 Rainbow Rd, Salt Spring Island, BC",Salt Spring Island,Elementary Public School
Saltspring Island Coop Preschool,48.856419,-123.504553,206.0,"110 Aldous Rd, Salt Spring Island, BC",Salt Spring Island,Daycare
Sammy's Daycare,49.212069,-122.63609,225.0,"11567 Fraserview St, Maple Ridge, BC",Maple Ridge,Daycare
Samuel Brighouse Elementary,49.1669227,-123.1505209,675.0,"6800 Azure Rd, Richmond, BC",Richmond,Elementary Public School
Samuel Robertson Technical Secondary,49.1931925,-122.5440953,600.0,"10445 245 St, Maple Ridge, BC",Maple Ridge,Secondary Public School
Sanctuary Pre-Teen Drop In Centre,49.09289,-117.704283,275.0,"1705 Bay Ave, Trail, BC",Trail,Daycare
Sandbox Early Learning (Abbotsford),49.052938,-122.32214,212.0,"32560 Simon Ave, Abbotsford, BC",Abbotsford,Daycare
Sandbox Early Learning (Cedar Hills),49.178145,-122.867569,99.0,"9648 128Th St, Surrey, BC",Surrey,Daycare
Sandbox Station Daycare,49.176369,-122.778564,190.0,"9574 160Th St, Surrey, BC",Surrey,Daycare
Sandcastle Developmental Preschool,49.135342,-122.301283,255.0,"33345 2 Ave, Mission, BC",Mission,Daycare
Sandcastle Park Children's Centre,49.126061,-123.19156,204.0,"8 3060 Chatham St, Richmond, BC",Richmond,Daycare
Sandcastle Park Children's Centre,49.126134,-123.191411,154.0,"3-3060 Chatham St, Richmond, BC",Richmond,Daycare
Sandcastle Park Children's Centre,49.126134,-123.191411,163.0,"7-3060 Chatham St, Richmond, BC",Richmond,Daycare
Sandowne Elementary,49.990144,-125.2442603,390.0,"699 Sandowne Dr, Campbell River, BC",Campbell River,Elementary Public School
Sandowne Elementary,49.990144,-125.24426,280.0,"699 Sandowne Dr, Campbell River, BC",Campbell River,Daycare
Sandpiper,49.035748,-123.058439,152.0,"5955 17A Ave, Delta, BC",Delta,Daycare
Sandpiper Preschool,49.341281,-123.03737,157.0,"3590 Mountain Hwy, North Vancouver, BC",North Vancouver,Daycare
Sandra's Daycare,48.466158,-123.49706,131.0,"655 Hoylake Ave, Victoria, BC",Victoria,Daycare
Sandra's Home Daycare,49.19991,-122.77226,282.0,"10854 162A S, Surrey, BC",Surrey,Daycare
Sands Secondary,49.1490984,-122.9200862,725.0,"10840 82 Ave, Delta, BC",Delta,Secondary Public School
Sandy Child Care Centre,49.29324,-122.82729,197.0,"1 Deerwood Pl, Port Moody, BC",Port Moody,Daycare
Sandy Hill Elementary,49.0720007,-122.2472488,440.0,"3836 Old Clayburn Rd, Abbotsford, BC",Abbotsford,Elementary Public School
Sandy's Daycare,48.499469,-123.398315,264.0,"4648 West Saanich Rd, Victoria, BC",Victoria,Daycare
Sandy's Daycare,49.196488,-122.532789,216.0,"24859 106B Ave, Maple Ridge, BC",Maple Ridge,Daycare
Sandy's Family Child Care,49.270637,-123.108604,347.0,"163 1St Ave W, Vancouver, BC",Vancouver,Daycare
Sangster Elementary,48.4210539,-123.4851719,290.0,"3325 Metchosin Rd, Victoria, BC",Victoria,Elementary Public School
Sapperton Child Care,49.231368,-122.893553,212.0,"308 Braid St, New Westminster, BC",New Westminster,Daycare
Sapphire Montessori Academia Inc,49.140324,-122.909308,201.0,"11315 75 Ave, Delta, BC",Delta,Daycare
Sara's Family Daycare,49.323178,-123.049615,225.0,"820 16Th St E, North Vancouver, BC",North Vancouver,Daycare
Sarah Pelley's Childcare,52.971969,-122.517554,302.0,"823 Avison Ave, Quesnel, BC",Quesnel,Daycare
Sarah's Lil' Monkeys,48.470075,-123.384572,188.0,"647 Kenneth St, Victoria, BC",Victoria,Daycare
Sardis Children's Centre Society,49.129874,-121.958093,184.0,"45795 Manuel Rd, Chilliwack, BC",Chilliwack,Daycare
Sardis Elementary,49.1277523,-121.9584827,365.0,"45775 Manuel Rd, Chilliwack, BC",Chilliwack,Elementary Public School
Sardis Elementary School Age Care,49.127752,-121.958478,232.0,"45775 Manuel Rd, Chilliwack, BC",Chilliwack,Daycare
Sardis Secondary,49.1214134,-121.9667186,1200.0,"45460 Stevenson Rd, Chilliwack, BC",Chilliwack,Elementary Public School
Sas Natsadle (Little Bear) Aboriginal Head Start,56.247684,-120.853013,218.0,"10328 101 Ave, Fort St. John, BC",Fort St. John,Daycare
Saseenos Elementary,48.3877376,-123.6885923,195.0,"PO Box 820 Stn Main, Sooke, BC",Sooke,Elementary Public School
Saturna Island Elementary Secondary,48.7939563,-123.1731088,50.0,"PO Box 70, Saturna, BC",Saturna,Elementary-Secondary Public School
Savannah's Little Explorers Child Care,50.112894,-120.795618,266.0,"1733 Granite Ave, Merritt, BC",Merritt,Daycare
Savona Early Learning Center,50.754,-120.84016,256.0,"600 Tingley St, Savona, BC",Savona,Daycare
Savona Elementary,50.7540095,-120.8414253,145.0,"PO Box 170, Savona, BC",Savona,Elementary Public School
Savory Elementary,48.4485223,-123.4852089,240.0,"2721 Grainger Rd, Victoria, BC",Victoria,Elementary Public School
Saw-Whet Out-Of-School Child Care Centre,49.259987,-123.236814,132.0,"2850 A Salmo Ct, Vancouver, BC",Vancouver,Daycare
Sayward Elem-Jr Secondary,50.3772097,-125.9574701,345.0,"PO Box 40, Sayward, BC",Sayward,Elementary Public School
Sbc Kids Preschool,49.600379,-119.683643,243.0,"Room 27-10318 Elliott St, Summerland, BC",Summerland,Daycare
Scallywags Childcare,49.139619,-121.969404,262.0,"7561 Sapphire Dr, Chilliwack, BC",Chilliwack,Daycare
Schola Bohemia Services,49.270326,-122.764996,170.0,"3151 York St, Port Coquitlam, BC",Port Coquitlam,Daycare
School House Daycare,49.240472,-122.827807,172.0,"2273 Sorrento Dr, Coquitlam, BC",Coquitlam,Daycare
School Of Early Learning,49.269817,-122.790112,269.0,"103 3200 Westwood St, Port Coquitlam, BC",Port Coquitlam,Daycare
School Of Little Fish Daycare,49.615387,-117.072914,189.0,"5799 Longbeach Rd, Nelson, BC",Nelson,Daycare
Scooby-Doo's Family Daycare,48.434046,-123.384025,148.0,"221 Edward St, Victoria, BC",Victoria,Daycare
Scott Creek Middle School,49.2847537,-122.8132028,650.0,"1240 Lansdowne Dr, Coquitlam, BC",Coquitlam,Middle School Public School
Scribbles & Dribbles Family Childcare,49.166887,-121.9407,130.0,"9070 Garden Dr, Chilliwack, BC",Chilliwack,Daycare
"Scuola D'infanzia ""L'albero Magico""",49.256973,-123.050556,147.0,"3075 Slocan St, Vancouver, BC",Vancouver,Daycare
Sea Otter ymca Child Care Centre,49.221217,-122.907725,224.0,"65 E Sixth Ave., New Westminister, BC",New Westminister,Daycare
Sea Stars Child Care,49.979318,-125.224768,155.0,"1677 Brook Cres, Campbell River, BC",Campbell River,Daycare
Sea View Elementary School,50.4287252,-127.4868329,270.0,"PO Box 260, Port Alice, BC",Port Alice,Elementary Public School
Sea to Sky Alternative School,49.6950631,-123.1428663,,"PO Box 99, Squamish, BC",Squamish,Secondary Public School
Sea to Sky Montessori School,49.7263026,-123.1392704,,"103-42000 Loggers Lane, Squamish, BC",Squamish,Elementary Independent School
Sea to Sky Online School,49.6950631,-123.1428663,,"PO Box 640, Squamish, BC",Squamish,Secondary Public School
Seabird Island Early Childhood Centre Of Excellence,49.253914,-121.735689,153.0,"8250 Charles Dr, Agassiz, BC",Agassiz,Daycare
Seabird Island Millenium Hall,49.252749,-121.735703,278.0,"2736 Sqewqel Dr, Agassiz, BC",Agassiz,Daycare
Seafair Education Centre,49.148763,-123.180356,152.0,"4071 Francis Rd, Richmond, BC",Richmond,Daycare
Seafair Montessori Academy,49.148059,-123.182358,101.0,"160-3920 Francis Rd, Richmond, BC",Richmond,Daycare
Seamless Day K Before And After School Childcare Program,49.03046,-118.450441,178.0,"1200 Central Ave, Grand Forks, BC",Grand Forks,Daycare
Seaquam Secondary,49.1264214,-122.9022579,1350.0,"11584 Lyon Rd, Delta, BC",Delta,Secondary Public School
Seaside Children's Centre,49.772876,-124.427768,202.0,"9195 Highway 101, Powell River, BC",Powell River,Daycare
Seaside Children's Centre,49.772876,-124.427768,234.0,"9195 Highway 101, Powell River, BC",Powell River,Daycare
Seaside Children's Centre,49.772876,-124.427768,243.0,"9195 Highway 101, Powell River, BC",Powell River,Daycare
Season Explorations Childcare,49.244239,-123.060566,151.0,"4534 Gladstone St, Vancouver, BC",Vancouver,Daycare
Seaview Child Care Centre,49.031358,-122.816487,267.0,"14633 16 Ave, Surrey, BC",Surrey,Daycare
Seaview Community School,49.2804754,-122.8782773,415.0,"1215 Cecile Dr, Port Moody, BC",Port Moody,Elementary Public School
Seaview Elementary,49.2500036,-124.0773374,320.0,"PO Box 340, Lantzville, BC",Lantzville,Elementary Public School
Second Home Multi-Age Childcare,49.190154,-121.93777,203.0,"46504 Gilbert Ave, Chilliwack, BC",Chilliwack,Daycare
Second Nature Childcare Centre Classroom A,49.836463,-124.520259,143.0,"4454 Joyce Ave, Powell River, BC",Powell River,Daycare
Second Nature Childcare Centre Classroom B,49.836463,-124.520259,221.0,"4454 Joyce Ave, Powell River, BC",Powell River,Daycare
Second Nature Childcare Centre Classroom D,49.836466,-124.520253,183.0,"4454 Joyce Ave, Powell River, BC",Powell River,Daycare
Second Nature Childcare Centre Inc. - Building B,49.836279,-124.52037,182.0,"4446 Joyce Ave, Powell River, BC",Powell River,Daycare
Second Street Community Elementary,49.2275654,-122.9271544,460.0,"7502 2nd St, Burnaby, BC",Burnaby,Elementary Public School
Secondaire Brooks,49.8629404,-124.5420271,50.0,"4368 Michigan Ave, Powell River, BC",Powell River,Secondary Public School
Secondaire Carihi,50.0136963,-125.2502465,50.0,"1102 Alder St S, Campbell River, BC",Campbell River,Secondary Public School
Secondaire Chatelech,49.4724316,-123.7689461,50.0,"5538 Shorncliffe, Sechelt, BC",Sechelt,Secondary Public School
Secondaire Duchess-Park,53.9161314,-122.757402,50.0,"2641 Ellison Drive, Prince George, BC",Prince George,Secondary Public School
Secondaire Jules-Verne,49.2365631,-123.1230019,500.0,"5445 Baillie St, Vancouver, BC",Vancouver,Elementary-Secondary Public School
Secondaire de Nanaimo,49.1610794,-123.961769,50.0,"1951 Estevan Road, Nanaimo, BC",Nanaimo,Secondary Public School
Secondaire de Nelson,49.5011502,-117.2721215,50.0,"2780 3a Hwy, Nelson, BC",Nelson,Secondary Public School
Secondaire de Penticton,49.4922161,-119.5869445,50.0,"1213 Debeck Road, Penticton, BC",Penticton,Secondary Public School
Secondaire de Revelstoke,50.9910745,-118.1988367,50.0,"1950 Park Drive, Revelstoke, BC",Revelstoke,Secondary Public School
Secord Out Of School Care,49.261736,-123.060735,217.0,"2500 Lakewood Dr, Vancouver, BC",Vancouver,Daycare
Secret Garden Daycare,50.224029,-119.319941,235.0,"651 Commonage Rd, Vernon, BC",Vernon,Daycare
Secret Heart Academy,49.107858,-122.663987,203.0,"110&112-5769 201A St, Langley, BC",Langley,Daycare
Secret Heart Academy Aldergrove,49.058055,-122.46016,161.0,"27595 Fraser Hwy, Aldergrove, BC",Aldergrove,Daycare
Secret Heart Academy Sullivan,49.109201,-122.800682,93.0,"5872 152 St, Surrey, BC",Surrey,Daycare
Seed To Sapling Childcare,49.924168,-125.185792,270.0,"3934 Wavecrest Rd, Campbell River, BC",Campbell River,Daycare
Seedlings Daycare,48.44427,-123.311103,92.0,"3025 Cadboro Bay Rd, Victoria, BC",Victoria,Daycare
Seedlings Early Childhood Development Hub,49.167099,-123.13543,180.0,"6380 No. 3 Rd, Richmond, BC",Richmond,Daycare
Seedlings Early Childhood Development Hub,49.167099,-123.13543,199.0,"6380 No. 3 Rd, Richmond, BC",Richmond,Daycare
Seedlings Early Childhood Development Hub,49.167099,-123.13543,200.0,"6380 No. 3 Rd, Richmond, BC",Richmond,Daycare
Seedlings Early Childhood Development Hub,49.167099,-123.13543,238.0,"6380 No. 3 Rd, Richmond, BC",Richmond,Daycare
Seedlings Forest Education Preschool,48.430704,-123.344487,181.0,"1310 Gladstone Ave, Victoria, BC",Victoria,Daycare
Seeds And Roots Montessori,49.206975,-122.9429,185.0,"1630 Edinburgh St, New Westminster, BC",New Westminster,Daycare
Seeds Family Day Care,49.233973,-123.006843,191.0,"4378 Sardis St, Burnaby, BC",Burnaby,Daycare
Sehaj Childcare Centre,49.065478,-122.352547,296.0,"31475 Ridgeview Dr, Abbotsford, BC",Abbotsford,Daycare
Seksik Early Care And Learning Centre,49.282114,-123.091912,152.0,"570 Cordova St E, Vancouver, BC",Vancouver,Daycare
Seksik Early Care And Learning Centre,49.282114,-123.091906,180.0,"570 E. Cordova Street, Vancouver, BC",Vancouver,Daycare
SelfDesign Learning Community (DL),49.2675581,-123.1990188,,"PO Box 74560 Rpo Kitsilano, Vancouver, BC",Vancouver,Elementary-Secondary Independent School
Selkirk Montessori School,48.4408848,-123.3784943,,"2970 Jutland Rd, Victoria, BC",Victoria,Elementary Jr. Secondary Independent School
Selkirk Montessori School,48.440894,-123.378507,200.0,"2970 Jutland Rd, Victoria, BC",Victoria,Daycare
Selkirk Out Of School Care,49.249678,-123.068778,204.0,"1750 22Nd Ave E, Vancouver, BC",Vancouver,Daycare
Selkirk Secondary School,49.686636,-115.9801132,525.0,"405 Halpin St, Kimberley, BC",Kimberley,Secondary Public School
Semiahmoo Junior Kindergarten,49.031359,-122.816482,278.0,"14633 16 Ave, Surrey, BC",Surrey,Daycare
Semiahmoo Secondary,49.0351116,-122.8129712,1300.0,"1785 148 St, Surrey, BC",Surrey,Elementary Public School
Semiahmoo Trail Elementary,49.0576882,-122.8194026,540.0,"3040 145a St, Surrey, BC",Surrey,Elementary Public School
Seminary of Christ the King,49.156252,-122.274239,,"PO Box 3310, Mission, BC",Mission,Secondary Independent School
Semá:th Elementary School,49.0171994,-122.218884,245.0,"36321 Vye Rd, Abbotsford, BC",Abbotsford,Elementary Public School
Senator Reid Elementary,49.1726523,-122.8738906,565.0,"9341 126 St, Surrey, BC",Surrey,Elementary Public School
Senpaq'cin School,49.17973615,-119.5250364,,"1156 Senpokchin Blvd, Oliver, BC",Oliver,Elementary Independent School
Sense Of Place Youth Project Ltd - North Oyster,49.044021,-123.846388,283.0,"13467 Cedar Rd, Ladysmith, BC",Ladysmith,Daycare
Sensisyusten House of Learning,49.8404442,-119.5963871,,"1920 Quail Lane, Westbank, BC",Westbank,Elementary Independent School
Sentinel Secondary,49.3448831,-123.1506215,900.0,"1250 Chartwell Dr, West Vancouver, BC",West Vancouver,Elementary Public School
Sepehr Child Care Services Co.,49.34415,-123.085959,224.0,"634 Silverdale Pl, North Vancouver, BC",North Vancouver,Daycare
Sequoia Centre,49.4498938,-117.5596057,,"PO Box 99, South Slocan, BC",South Slocan,Secondary Public School
Sequoia Children's Learning Community,49.125574,-123.103822,186.0,"12151 Shell Rd, Richmond, BC",Richmond,Daycare
Sequoia Children's Learning Community,49.125574,-123.103822,256.0,"12151 Shell Rd, Richmond, BC",Richmond,Daycare
Serendipity Child Care Centre,49.621871,-124.025231,130.0,"12952 Madeira Park Rd, Madeira Park, BC",Madeira Park,Daycare
Serendipity Early Years Centre,50.038898,-119.38832,221.0,"10758 Cheryl Crt, Lake Country, BC",Lake Country,Daycare
Serpentine Heights Elementary,49.173164,-122.7754479,465.0,"16126 93a Ave, Surrey, BC",Surrey,Elementary Public School
"Service De Garde ""Le Parasol""",49.219264,-123.046392,181.0,"7051 Killarney St, Vancouver, BC",Vancouver,Daycare
"Service De Garde ""Le Petit Jardin""",49.266214,-123.044926,187.0,"2882 4Th Ave E, Vancouver, BC",Vancouver,Daycare
Service De Garde Des Enfants Creatifs,49.128386,-122.856904,136.0,"6887 132Nd St, Surrey, BC",Surrey,Daycare
Service De Garde Franco-Amis,53.906706,-122.771486,214.0,"2641 Ellison Dr, Prince George, BC",Prince George,Daycare
Service De Garde La Marelle,49.21093,-123.11943,253.0,"590 65Th Ave W, Vancouver, BC",Vancouver,Daycare
Service De Garde Les Aventuriers,49.248983,-123.195114,243.0,"4275 Crown St, Vancouver, BC",Vancouver,Daycare
Service De Garde Les Copains,49.236197,-123.122479,160.0,"Service De Garde V'la L'bon Vent, Vancouver, BC",Vancouver,Daycare
Sesisej Childcare Centre,48.583714,-123.416104,72.0,"7420 Veyaness Rd, Saanichton, BC",Saanichton,Daycare
Seven Colours Daycare,49.054595,-122.365782,149.0,"2858 Gardner Crt, Abbotsford, BC",Abbotsford,Daycare
Seven Senses Nature Learning School,49.013183,-123.073212,143.0,"5431 5B Ave, Delta, BC",Delta,Daycare
Seven Star Daycare,49.125693,-122.692604,176.0,"19145 67A Ave, Surrey, BC",Surrey,Daycare
Seven Tiny Toes Childcare,53.870409,-122.783673,152.0,"4427 Wheeler Rd, Prince George, BC",Prince George,Daycare
Sexsmith Community Preschool,49.217202,-123.108384,248.0,"7410 Columbia St, Vancouver, BC",Vancouver,Daycare
Seycove Secondary Community,49.318,-122.9513359,700.0,"1204 Caledonia Ave, North Vancouver, BC",North Vancouver,Secondary Public School
Seymour Heights Elementary,49.3190084,-123.000555,270.0,"2640 Carnation St, North Vancouver, BC",North Vancouver,Elementary Public School
Seymour Montessori Academy,50.674733,-120.322745,137.0,"753 Seymour St, Kamloops, BC",Kamloops,Daycare
Shackan Indian Band Fire Hall [TEST SITE],50.29296787,-121.1750565,115.0,"6586 BC-8 Shackan 11, Thompson-Nicola, BC",Thompson-Nicola,Daycare
Shaeas Daycare,49.88468,-119.375376,156.0,"420 Brighton Rd, Kelowna, BC",Kelowna,Daycare
Shalom Day Care,48.427422,-123.361364,150.0,"1461 Blanshard, Victoria, BC",Victoria,Daycare
Shalom Daycare,48.44348,-123.337574,264.0,"1537 Hillside Ave, Victoria, BC",Victoria,Daycare
Shan's Family Child Care,49.209065,-123.97688,255.0,"1680 Bowstring Close, Nanaimo, BC",Nanaimo,Daycare
Shannon Day Care,49.203994,-123.133622,228.0,"290-1200 73Rd Ave W, Vancouver, BC",Vancouver,Daycare
Shannon Day Care,49.203996,-123.133619,142.0,"290 1200 West 73Rd Ave, Vancouver, BC",Vancouver,Daycare
Shannon Lake Elementary,49.8523709,-119.6133229,405.0,"3044 Sandstone Dr, West Kelowna, BC",West Kelowna,Elementary Public School
Shannon Lake Preschool,49.856194,-119.608041,135.0,"118 2220 Shannon Ridge Dr, Westbank, BC",Westbank,Daycare
Shannon Woods Childcare,49.870494,-119.606877,158.0,"2162 Shannon Woods Way, West Kelowna, BC",West Kelowna,Daycare
Sharon's Family Child Care,49.145255,-122.899124,77.0,"7815 117 St, Delta, BC",Delta,Daycare
Shas Ti Kelly Road Secondary,53.9968927,-122.8014408,900.0,"7405 Kelly Rd S, Prince George, BC",Prince George,Secondary Public School
Shaughnessy Elementary,49.2484441,-123.1436754,465.0,"4250 Marguerite St, Vancouver, BC",Vancouver,Elementary Public School
Shaughnessy Heights Early Learning Centre,49.241585,-123.14108,233.0,"1550 33Rd Ave W, Vancouver, BC",Vancouver,Daycare
Shaughnessy Heights Out Of School Care,49.241585,-123.14108,137.0,"1550 33Rd Ave W, Vancouver, BC",Vancouver,Daycare
Shaughnessy Point Grey Out Of School Care Centre,49.237313,-123.151949,337.0,"5300 Maple St, Vancouver, BC",Vancouver,Daycare
Shawnigan Christian Early Learning Program,48.6519,-123.610731,247.0,"1603 Wilmot Rd, Shawnigan Lake, BC",Shawnigan Lake,Daycare
Shawnigan Lake,48.6564907,-123.6387351,,"1975 Renfrew Rd, Shawnigan Lake, BC",Shawnigan Lake,Secondary Independent School
Shawnigan Lake Community Centre Childcare,48.65437,-123.624824,249.0,"1801 Shawnigan Mill Bay Rd, Shawnigan Lake, BC",Shawnigan Lake,Daycare
Shawnigan Lake Montessori Child Care,48.655072,-123.637594,188.0,"1979C Renfrew Rd, Shawnigan Lake, BC",Shawnigan Lake,Daycare
Shearwater Elementary,52.3539657,-127.6935623,50.0,"808 Mackay Street, Bella Coola, BC",Bella Coola,Elementary Public School
Sheila's Family Day Care,50.669396,-120.307878,196.0,"1341 Pine Cres, Kamloops, BC",Kamloops,Daycare
Shelley's Family Daycare,49.266202,-122.767885,260.0,"1926 Suffolk Ave, Port Coquitlam, BC",Port Coquitlam,Daycare
Shelley's Place,49.174581,-122.785827,151.0,"9468 157A St, Surrey, BC",Surrey,Daycare
Sherri's Daycare,49.28063,-122.764759,223.0,"3806 Clematis Cres, Port Coquitlam, BC",Port Coquitlam,Daycare
Sherri's Place,48.450105,-123.485094,151.0,"528 Atkins Rd, Victoria, BC",Victoria,Daycare
Sherry's Family Daycare,48.906409,-123.527622,178.0,"215 Maliview Dr, Salt Spring Island, BC",Salt Spring Island,Daycare
Sherwood Forest,53.917963,-122.787241,183.0,"856 Warren Ave, Prince George, BC",Prince George,Daycare
Sherwood Park Elementary,49.3074192,-122.9591143,590.0,"4085 Dollar Rd, North Vancouver, BC",North Vancouver,Elementary Public School
Shine & Grow Learning Centre,49.329875,-123.063331,252.0,"359 23Rd St E, North Vancouver, BC",North Vancouver,Daycare
Shine & Grow Learning Centre,49.329875,-123.063331,259.0,"359 23Rd St E, North Vancouver, BC",North Vancouver,Daycare
Shine Bright Childcare,48.733974,-123.622035,164.0,"4601 George Rd, Cowichan Bay, BC",Cowichan Bay,Daycare
Shine Bright Northern Tykes Daycare,55.756304,-120.236732,155.0,"10500 13 St, Dawson Creek, BC",Dawson Creek,Daycare
Shine Star Family Daycare,53.893147,-122.793425,246.0,"3794 Shane Cres, Prince George, BC",Prince George,Daycare
Shining Smile,49.25384,-123.158699,217.0,"W 21St-2325 21St Ave W, Vancouver, BC",Vancouver,Daycare
Shining Smile Childcare Centre,49.243076,-123.130453,168.0,"4749 Osler St, Vancouver, BC",Vancouver,Daycare
Shining Star Child Care Centre,49.256494,-124.808632,121.0,"4409 Gertrude St, Port Alberni, BC",Port Alberni,Daycare
Shining Stars Family Daycare,49.193089,-121.932173,209.0,"46706 Teton Ave, Chilliwack, BC",Chilliwack,Daycare
Shiny Days Family Child Care,49.277761,-123.127787,129.0,"304 1205 Howe St, Vancouver, BC",Vancouver,Daycare
Shirley's Daycare,52.975318,-122.478697,175.0,"1210 Graham Ave, Quesnel, BC",Quesnel,Daycare
Shooting Star Play Centre,49.74356,-123.13143,132.0,"2020 Starview Pl, Garibaldi Highlands, BC",Garibaldi Highlands,Daycare
Shoreline Community Middle School,48.4532723,-123.4276632,575.0,"2750 Shoreline Dr, Victoria, BC",Victoria,Middle School Public School
Shortreed Community School,49.0523427,-122.4662583,470.0,"27330 28 Ave, Aldergrove, BC",Aldergrove,Elementary Public School
Shortreed Elementary Before And After School Care,49.052343,-122.466258,300.0,"27330 28 Ave, Aldergrove, BC",Aldergrove,Daycare
Shreya Academic Centre Ltd.,49.059903,-122.340256,248.0,"3180 Crown Crt, Abbotsford, BC",Abbotsford,Daycare
Shuswap Explorers,50.879224,-119.476277,199.0,"1135 Passchendaele Rd, Sorrento, BC",Sorrento,Daycare
Shuswap Kids Club Osc,50.704575,-119.270475,171.0,"1271 6 Ave Ne, Salmon Arm, BC",Salmon Arm,Daycare
Shuswap Middle School,50.6974636,-119.25198,650.0,"PO Box 1090 Stn Main, Salmon Arm, BC",Salmon Arm,Middle School Public School
Shuswap SDA,50.7431999,-119.2474701,,"3270 B 60th Ave Ne, Salmon Arm, BC",Salmon Arm,Elementary Jr. Secondary Independent School
Sicamous Preschool,50.833839,-118.978328,191.0,"1121 Eagle Pass Way, Sicamous, BC",Sicamous,Daycare
Sidekicks Childcare Centre,49.239262,-122.850757,216.0,"1550 Booth Ave, Coquitlam, BC",Coquitlam,Daycare
Sidney Elementary,48.6520649,-123.4049209,415.0,"2281 Henry Ave, Sidney, BC",Sidney,Elementary Public School
Sidney Preschool,48.640695,-123.40445,125.0,"2295 Weiler Ave, Sidney, BC",Sidney,Daycare
Sigma,49.2167229,-122.9298346,,"820 Sixth Street, New Westminster, BC",New Westminster,Secondary Public School
Signal Hill Elementary,50.3190836,-122.8037567,540.0,"1410 Portage Rd, Pemberton, BC",Pemberton,Elementary Public School
Sikh Academy,49.1576083,-122.8650045,,"12895-85 Ave, Surrey, BC",Surrey,Elementary Jr. Secondary Independent School
Silly Monkeys Childcare,49.281732,-117.659945,274.0,"1250 26Th St, Castlegar, BC",Castlegar,Daycare
Silly Moose Academy,49.297896,-122.815902,229.0,"2641 Panorama Dr, Coquitlam, BC",Coquitlam,Daycare
Silver Creek Elementary,49.3622238,-121.4634041,220.0,"PO Box 670, Hope, BC",Hope,Elementary Public School
Silver Creek Elementary School,50.591695,-119.36309,158.0,"935 Salmon River Rd, Salmon Arm, BC",Salmon Arm,Daycare
Silver Creek Elementary Secondary,50.59168,-119.3643842,145.0,"935 Salmon River Rd, Salmon Arm, BC",Salmon Arm,Elementary Jr. Secondary Public School
Silver Moon Family Child Care,49.246496,-123.047885,176.0,"2771 27Th Ave E, Vancouver, BC",Vancouver,Daycare
Silver Ridge Montessori,49.15488,-122.751122,227.0,"8376 170Th St, Surrey, BC",Surrey,Daycare
Silver Ridge Montessori #2,49.12487,-122.714542,183.0,"18357 67A Ave, Surrey, BC",Surrey,Daycare
Silver Ridge Montessori #3,49.126789,-122.730806,197.0,"17761 68 St, Surrey, BC",Surrey,Daycare
Silver Star Elementary,50.2674624,-119.2505599,465.0,"1401-35 Ave, Vernon, BC",Vernon,Elementary Public School
Silverdale Elementary,49.1634306,-122.4006803,220.0,"29715 Donatelli Ave, Mission, BC",Mission,Elementary Public School
Silverthorne Elementary,54.3976853,-126.6450658,245.0,"PO Box 430, Houston, BC",Houston,Elementary Public School
Similkameen Elem-Secondary,49.2100614,-119.8188656,625.0,"830 2nd Ave, Keremeos, BC",Keremeos,Elementary-Secondary Public School
Similkameen Secondary Alt,49.2100614,-119.8188656,,"830 2nd Ave, Keremeos, BC",Keremeos,Secondary Public School
Simon Cunningham Elementary,49.1731279,-122.8343507,635.0,"9380 140 St, Surrey, BC",Surrey,Elementary Public School
Simon Fraser Elementary,49.257178,-123.108386,195.0,"100 15th Ave W, Vancouver, BC",Vancouver,Elementary Public School
Simonds Elementary,49.0885935,-122.6646828,390.0,"20190 48 Ave, Langley, BC",Langley,Elementary Public School
Simple Wonders Okanagan Childcare,49.895068,-119.380324,81.0,"410 Hardie Rd, Kelowna, BC",Kelowna,Daycare
Simply Fun Finlayson,48.446911,-123.352486,165.0,"3069 Highview St, Victoria, BC",Victoria,Daycare
Simply Fun Gordon Head,48.489641,-123.328203,211.0,"1620 Wycliffe Pl, Victoria, BC",Victoria,Daycare
Simply Fun Hillside,48.453339,-123.331551,144.0,"3365 Kingsley Pl, Victoria, BC",Victoria,Daycare
Simply Fun Mckenzie,48.467053,-123.327535,183.0,"1715 Garnet Rd, Victoria, BC",Victoria,Daycare
Simply Fun Mckenzie 2,48.466097,-123.325753,173.0,"3924 Onyx Pl, Victoria, BC",Victoria,Daycare
Simply Fun Mckenzie Twin,48.467048,-123.327711,135.0,"1713 Garnet Rd, Victoria, BC",Victoria,Daycare
Simply Fun Shelbourne,48.451329,-123.332299,184.0,"3308 Kingsley St, Victoria, BC",Victoria,Daycare
Simply Kids Childcare Centre,49.123041,-122.663926,260.0,"20211 66Th Ave, Langley, BC",Langley,Daycare
Simply Kids Early Learning Society,49.149051,-122.651793,57.0,"20611 80 Ave, Langley, BC",Langley,Daycare
Sing And Smile Child Care Ltd,49.152413,-122.889027,177.0,"101103104105 12057 82 Ave, Surrey, BC",Surrey,Daycare
Singing Frog Aboriginal Head Start,49.266113,-123.074609,162.0,"2150 mclean Dr, Vancouver, BC",Vancouver,Daycare
Sinkut View Elementary,54.0284632,-124.036385,125.0,"3348 Sinkut View Rd, Vanderhoof, BC",Vanderhoof,Elementary Public School
Sinoah's Ark,49.051171,-122.260831,281.0,"2748 Sandon Dr, Abbotsford, BC",Abbotsford,Daycare
Sir Alexander Mackenzie Elementary,49.234683,-123.0863388,635.0,"960 39th Ave E, Vancouver, BC",Vancouver,Elementary Public School
Sir Alexander Mackenzie Secondary,52.3871638,-126.5399389,200.0,"Po Bag 800, Hagensborg, BC",Hagensborg,Elementary Public School
Sir Charles Kingsford-Smith,49.2213975,-123.0557392,415.0,"6901 Elliott St, Vancouver, BC",Vancouver,Elementary Public School
Sir Charles Tupper Secondary,49.2494436,-123.0944201,1500.0,"419 24th Ave E, Vancouver, BC",Vancouver,Secondary Public School
Sir James Douglas Annex,49.2150136,-123.0730518,190.0,"7668 Borden St, Vancouver, BC",Vancouver,Elementary Public School
Sir James Douglas Elementary,48.4155344,-123.3477129,480.0,"401 Moss St, Victoria, BC",Victoria,Elementary Public School
Sir James Douglas Elementary,49.2150136,-123.0730518,605.0,"2150 Brigadoon Ave, Vancouver, BC",Vancouver,Elementary Public School
Sir James Douglas Out Of School Club,48.415536,-123.347935,285.0,"401 Moss St, Victoria, BC",Victoria,Daycare
Sir John Franklin Community,49.2825032,-123.0270102,295.0,"250s Skeena St, Vancouver, BC",Vancouver,Elementary Public School
Sir Richard McBride Annex,49.2418307,-123.0850236,145.0,"4750 St. Catherines St, Vancouver, BC",Vancouver,Elementary Public School
Sir Richard McBride Elementary,49.2435479,-123.078242,440.0,"1300 29th Ave E, Vancouver, BC",Vancouver,Elementary Public School
Sir Sandford Fleming Elementary,49.2257307,-123.0766041,440.0,"6363 Lanark St, Vancouver, BC",Vancouver,Elementary Public School
Sir Wilfred Grenfell Community,49.243254,-123.0344682,565.0,"3323 Wellington Ave, Vancouver, BC",Vancouver,Elementary Public School
Sir Wilfrid Laurier Elementary,49.218554,-123.1256136,295.0,"7350 Laurel St, Vancouver, BC",Vancouver,Elementary Public School
Sir William Osler Elementary,49.2313065,-123.1326216,315.0,"5970 Selkirk St, Vancouver, BC",Vancouver,Elementary Public School
Sir Winston Churchill Secondary,49.2203451,-123.1255576,1850.0,"7055 Heather St, Vancouver, BC",Vancouver,Elementary Public School
Sir Wm Van Horne Elementary,49.2318008,-123.1069464,485.0,"5855 Ontario St, Vancouver, BC",Vancouver,Elementary Public School
Sk'aadgaa Naay Elementary,53.2664229,-131.9920052,270.0,"PO Box 1252, Skidegate, BC",Skidegate,Elementary Public School
Sk'elep School of Excellence,50.68193462,-120.2990541,,"365 Pow Wow Trail, Kamloops, BC",Kamloops,Elementary Independent School
Skeena Middle,54.5219256,-128.6079401,650.0,"3411 Munroe St, Terrace, BC",Terrace,Elementary Public School
Skidegate Early Childhood Development Centers,53.276516,-131.98067,193.0,"426 Skidegate Hts, Skidegate, BC",Skidegate,Daycare
Skills For Life Child Care,48.418971,-123.527667,283.0,"3527 Grenadier Rd, Victoria, BC",Victoria,Daycare
Skowkale S'iwesa:Ylhem Childcare Centre,49.13584,-121.944302,190.0,"46337 Smokehouse Rd, Chilliwack, BC",Chilliwack,Daycare
Skwo:Wech Children's Center,49.226579,-122.899941,157.0,"331 Richmond St, New Westminster, BC",New Westminster,Daycare
Skwo:wech,49.2265791,-122.8999411,530.0,"331 Richmond St, New Westminster, BC",New Westminster,Elementary Public School
Sky's The Limit Childcare,53.94632,-122.757964,63.0,"2319 mcmillan Dr, Prince George, BC",Prince George,Daycare
Skyline Alternate School,52.1334289,-122.1457161,,"320 Second Ave N, Williams Lake, BC",Williams Lake,Secondary Public School
Skyridge Montessori - Group Child Care (30 Months To School),49.756695,-123.129414,315.0,"41273 Horizon Dr, Squamish, BC",Squamish,Daycare
Skyridge Montessori Elementary,49.7565719,-123.1292874,,"41273 Horizon Dr, Squamish, BC",Squamish,Elementary Jr. Secondary Independent School
Sleepy Cloud Daycare,49.17791,-121.96556,290.0,"45499 Lewis Ave, Chilliwack, BC",Chilliwack,Daycare
Slelemw Child Development Centre,48.581108,-123.453716,218.0,"7449 West Saanich Rd, Brentwood Bay, BC",Brentwood Bay,Daycare
Slesse Child Care Facility,49.074528,-121.829392,185.0,"50501 O'byrne Rd, Chilliwack, BC",Chilliwack,Daycare
Small Batch Family Care,49.689238,-116.005122,197.0,"500 Stemwinder Dr, Kimberley, BC",Kimberley,Daycare
Small Beginnings Preschool - Little Leaders Childcare,49.056152,-122.427207,236.0,"2975 Bradner Rd, Abbotsford, BC",Abbotsford,Daycare
Small Blessings Family Childcare,50.713924,-120.358035,350.0,"529 Collingwood Dr, Kamloops, BC",Kamloops,Daycare
Small Explorers Family Daycare,51.705801,-121.321128,187.0,"5488 Tatton Station Rd, 100 Mile House, BC",100 Mile House,Daycare
Small Explorers Family Daycare,51.712523,-121.409864,343.0,"5488 Tatton Stn Rd, 100 Mile House, BC",100 Mile House,Daycare
Small Fries Daycare,52.148055,-122.144615,232.0,"1260 Resker Pl, Williams Lake, BC",Williams Lake,Daycare
Small House Family Child Care,49.264424,-123.118226,181.0,"112-633 8Th Ave W, Vancouver, BC",Vancouver,Daycare
Small Miracles Daycare,49.141667,-125.893664,150.0,"638 Yew Wood Rd, Tofino, BC",Tofino,Daycare
Small Steps Childcare Inc.,49.220982,-122.607966,309.0,"22165 Dewdney Trunk Rd, Maple Ridge, BC",Maple Ridge,Daycare
Small Wonderland,49.284846,-123.138698,110.0,"106-1220 Cardero St, Vancouver, BC",Vancouver,Daycare
Small Wonders,50.270351,-119.252171,184.0,"1507 39 Ave, Vernon, BC",Vernon,Daycare
Small Wonders Daycare,48.573186,-123.441637,62.0,"7022 Bickstan Pl, Brentwood Bay, BC",Brentwood Bay,Daycare
Small Wonders Early Childhood Centre,49.236204,-124.027287,293.0,"6054 Montgomery Way, Nanaimo, BC",Nanaimo,Daycare
Smalls & Smiles Childcare Centre Ltd.,49.064461,-122.282662,183.0,"3444 Hazelwood Pl, Abbotsford, BC",Abbotsford,Daycare
Smart Baby Family Child Care,49.173701,-122.976957,192.0,"22140 mclean Ave, Richmond, BC",Richmond,Daycare
Smart Beginnings Childcare Centre,49.185847,-122.833923,173.0,"10090 140 St, Surrey, BC",Surrey,Daycare
Smart Dolphin Children's Centre,49.106992,-122.702038,282.0,"18790 58 Ave, Surrey, BC",Surrey,Daycare
Smart Kids Learning Centre Inc,49.198682,-122.843915,203.0,"13632 108 Ave, Surrey, BC",Surrey,Daycare
Smart Lion Day Care,49.134987,-123.180899,145.0,"10751 Fundy Dr, Richmond, BC",Richmond,Daycare
Smart Start Academy Inc.,49.172381,-123.072898,93.0,"1168-13351 Commerce Pky, Richmond, BC",Richmond,Daycare
Smart Start Academy Inc.,49.172381,-123.072898,249.0,"1168-13351 Commerce Pky, Richmond, BC",Richmond,Daycare
Smart Starters Child Care Center,49.152117,-122.755715,97.0,"16832 82 Ave, Surrey, BC",Surrey,Daycare
Smart Steps Daycare,49.057346,-122.363159,146.0,"31079 Southern Dr, Abbotsford, BC",Abbotsford,Daycare
Smart Thinkers Childcare Centre,49.159397,-122.808442,142.0,"8609 149A St, Surrey, BC",Surrey,Daycare
Smile 'N' Play Daycare Centre,49.061077,-122.379399,209.0,"110-30475 Cardinal Ave, Abbotsford, BC",Abbotsford,Daycare
Smile 'N' Play Daycare Centre Inc.,49.063838,-122.244567,239.0,"3411 Mckinley Dr, Abbotsford, BC",Abbotsford,Daycare
Smile 'N' Play Daycare Centre Inc.,49.066529,-122.243145,312.0,"3558 Mckinley Dr, Abbotsford, BC",Abbotsford,Daycare
Smile N Grow Day Care Inc.,49.174687,-122.798108,279.0,"9474 153Rd St, Surrey, BC",Surrey,Daycare
Smile N Grow Daycare #2,49.171799,-122.791772,169.0,"9269 155A St, Surrey, BC",Surrey,Daycare
Smile N Learn Childcare,49.11608,-122.758077,211.0,"6279 167B St, Surrey, BC",Surrey,Daycare
Smile N Learn Childcare,49.150202,-122.787328,155.0,"15699 81 Ave, Surrey, BC",Surrey,Daycare
Smilekids Childcare,48.477315,-123.324672,253.0,"4126 Cabot Place, Victoria, BC",Victoria,Daycare
Smilekids Childcare Hillside,48.438534,-123.338109,190.0,"2715 Forbes St, Victoria, BC",Victoria,Daycare
Smiles & Chuckles Family Daycare,49.879534,-119.406289,233.0,"670 Mitchell Rd, Kelowna, BC",Kelowna,Daycare
Smiles 'N' Chuckles,53.874863,-122.771824,129.0,"2657 mcgill Cres, Prince George, BC",Prince George,Daycare
Smiles 4 Miles,49.05873,-122.36249,163.0,"31105 Heron Ave, Abbotsford, BC",Abbotsford,Daycare
Smiles For Miles Childcare,51.643852,-121.29373,179.0,"285 Cedar Ave, 100 Mile House, BC",100 Mile House,Daycare
Smiles N' Hugs Family Child Care,49.225724,-122.605323,272.0,"12294 Hillside St, Maple Ridge, BC",Maple Ridge,Daycare
Smilestones Junior Kindergarten - Langley,49.160655,-122.66593,236.0,"150-8661 201 St, Langley, BC",Langley,Daycare
Smilestones Junior Kindergarten Inc.,49.247144,-122.973925,216.0,"4162 Norland Ave, Burnaby, BC",Burnaby,Daycare
Smilestones Junior Kindergarten North Surrey,49.168572,-122.779118,215.0,"9115 160Th St., Surrey, BC",Surrey,Daycare
Smilestones Junior Kindergarten South Surrey,49.067338,-122.819839,232.0,"3590 King George Blvd, Surrey, BC",Surrey,Daycare
Smiley Daycare,49.254701,-123.025536,250.0,"77 Malta Pl, Vancouver, BC",Vancouver,Daycare
Smiley Daycare Boundary,49.274422,-123.024038,181.0,"1133 Boundary Rd, Vancouver, BC",Vancouver,Daycare
Smiley Faces Childcare Centre #3,49.148476,-122.92003,146.0,"10855 80 Ave, Delta, BC",Delta,Daycare
Smiley Kids Daycare,49.145635,-122.879311,269.0,"7849 124 St, Surrey, BC",Surrey,Daycare
Smileykins,49.850733,-119.604158,283.0,"2125 Ensign Quay Lane, West Kelowna, BC",West Kelowna,Daycare
Smiling Buds Daycare,49.093201,-122.668241,192.0,"4992 200 St, Langley, BC",Langley,Daycare
Smiling Creek Elementary,49.2979135,-122.7502682,430.0,"3456 Princeton Ave, Coquitlam, BC",Coquitlam,Elementary Public School
Smiling Kids Childcare Centre,49.297213,-122.756326,202.0,"1380 Coast Meridian Rd, Coquitlam, BC",Coquitlam,Daycare
Smiling Stars Daycare,49.31221,-123.030963,346.0,"150-650 Seylynn Cres, North Vancouver, BC",North Vancouver,Daycare
Smiling Stars Daycare,49.312259,-123.031097,198.0,"150-650 Seylynn Cres, North Vancouver, BC",North Vancouver,Daycare
Smiling Stars Daycare,49.323092,-123.107344,155.0,"1602 Pemberton Ave, North Vancouver, BC",North Vancouver,Daycare
Smiling Stars Daycare,49.323092,-123.107344,251.0,"1602 Pemberton Ave, North Vancouver, BC",North Vancouver,Daycare
Smiling Stars Daycare,49.323199,-123.107347,217.0,"1618 Pemberton Ave, North Vancouver, BC",North Vancouver,Daycare
Smiling Stars Daycare,49.323199,-123.107347,219.0,"1618 Pemberton Ave, North Vancouver, BC",North Vancouver,Daycare
Smiling Stars Daycare,49.338057,-123.103212,198.0,"3171 Edgemont Blvd, North Vancouver, BC",North Vancouver,Daycare
Smiling Stars Daycare,49.338057,-123.103212,205.0,"3171 Edgemont Blvd, North Vancouver, BC",North Vancouver,Daycare
Smithers Secondary,54.7890857,-127.1804925,750.0,"PO Box 849, Smithers, BC",Smithers,Elementary Public School
Smun'eem Head Start Daycare,48.970532,-123.657571,264.0,"11310 Clam Bay Rd N, Chemainus, BC",Chemainus,Daycare
Smuyuq'wa' Lelum Ece Centre,49.037366,-123.096016,239.0,"4602 Blue Heron Dr, Tsawwassen, BC",Tsawwassen,Daycare
Snug Bugs Daycare,49.712797,-123.153897,217.0,"38831 Britannia Ave, Brackendale, BC",Brackendale,Daycare
Snuggle Bugs Childcare Centre,49.212412,-124.010763,181.0,"56 Squirrel Lane, Nanaimo, BC",Nanaimo,Daycare
Snuggles And Cuddles Family Daycare,48.433124,-123.488343,119.0,"520 Ridley Dr, Victoria, BC",Victoria,Daycare
Snuggles' Family Child Care,49.105299,-121.974842,271.0,"5682 Kathleen Dr, Chilliwack, BC",Chilliwack,Daycare
Soaring Butterflies Family Day Care,53.872329,-122.781339,273.0,"4467 Wheeler Rd, Prince George, BC",Prince George,Daycare
Societe De La Petite Enfance De L'ecole Entre-Lacs,49.490913,-119.569702,137.0,"1213 Debeck Rd, Penticton, BC",Penticton,Daycare
Sofia's Academy 2630 Alhambra Drive,49.862291,-119.567142,201.0,"2630 Alhambra Dr, West Kelowna, BC",West Kelowna,Daycare
Sofia’S Academy,49.860179,-119.5543,134.0,"951 Anders Rd, West Kelowna, BC",West Kelowna,Daycare
Solecito Family Home Daycare,48.475515,-123.319466,183.0,"1833 Feltham Rd, Victoria, BC",Victoria,Daycare
Solid Foundation Day Care Centre,49.160184,-122.802098,250.0,"8656 151B St, Surrey, BC",Surrey,Daycare
Solid Foundations Family Daycare,53.89579,-122.780739,144.0,"2626 Tweedsmuir Ave, Prince George, BC",Prince George,Daycare
Something Cool Family Daycare,53.899433,-122.805004,149.0,"2387 Webber Cres, Prince George, BC",Prince George,Daycare
"Somewhere To ""Grow"" Montessori Childcare Centre",49.11516,-122.845594,230.0,"6197 136 St, Surrey, BC",Surrey,Daycare
"Somewhere To ""Grow"" Montessori Childcare Centre",49.207427,-122.934961,220.0,"1320 Seventh Ave, New Westminster, BC",New Westminster,Daycare
Somewhere To Grow Montessori Preschool,49.115292,-122.84579,201.0,"13590 62 Ave, Surrey, BC",Surrey,Daycare
Songbird Early Learning Centre,49.503889,-117.26978,184.0,"614 Ninth St, Nelson, BC",Nelson,Daycare
Sonia's Tiny Toons Family Day Care,49.114481,-122.806414,133.0,"6142 150 St, Surrey, BC",Surrey,Daycare
Sonlight Christian Childcare Centre,49.210281,-123.986179,320.0,"3510 Departure Bay Rd, Nanaimo, BC",Nanaimo,Daycare
Sonshine Place Preschool,49.120621,-122.045149,146.0,"6550 Sumas Prairie Rd, Chilliwack, BC",Chilliwack,Daycare
Sonya's Family Daycare,54.003257,-122.796893,268.0,"4089 Jade Dr, Prince George, BC",Prince George,Daycare
Sooke Elementary,48.3801806,-123.7163875,290.0,"PO Box 70, Sooke, BC",Sooke,Elementary Public School
Sooke Montessori School,48.384422,-123.689563,160.0,"2020 Kaltasin Rd, Sooke, BC",Sooke,Daycare
Sophia Child Care Facility,49.227756,-122.93321,101.0,"8007 19Th Ave, Burnaby, BC",Burnaby,Daycare
Sophia Grace Montessori Preschool,48.999802,-123.840496,210.0,"537 Greenhorn Pl, Ladysmith, BC",Ladysmith,Daycare
Sophie-Morigeau,49.4902616,-115.0707677,70.0,"44 Mt Washburn St, Fernie, BC",Fernie,Elementary Public School
Sorrento Elementary,50.8800313,-119.4768161,295.0,"PO Box 220, Sorrento, BC",Sorrento,Elementary Public School
Sorrento Preschool,50.878407,-119.476026,213.0,"1148 Passchendaele Rd, Sorrento, BC",Sorrento,Daycare
Soul Stars Child Care,49.210629,-122.814164,212.0,"14730 St. Andrews Dr, Surrey, BC",Surrey,Daycare
South Arm Community Hall - Kindercare,49.138998,-123.123843,188.0,"9020 Williams Rd, Richmond, BC",Richmond,Daycare
South Arm Out Of School Care #1,49.140776,-123.127417,273.0,"8880 Williams Rd, Richmond, BC",Richmond,Daycare
South Broadview Elementary,50.7033208,-119.2490191,370.0,"3200 6 Ave Ne, Salmon Arm, BC",Salmon Arm,Elementary Public School
South Canoe,50.691951,-119.217114,170.0,"5970 10 Ave Se, Salmon Arm, BC",Salmon Arm,Elementary Jr. Secondary Public School
South Central Interior Distance ED,50.1115953,-120.778812,,"2975 Clapperton Avenue, Merritt, BC",Merritt,Elementary-Secondary Public School
South Central Montessori Child Care Ltd - Infant/Toddler,49.133126,-123.158166,322.0,"110-6020 Steveston Hwy, Richmond, BC",Richmond,Daycare
South Central Montessori Child Care Ltd.,49.133087,-123.158259,133.0,"6020 Steveston Highway, Richmond, BC",Richmond,Daycare
South Country Preschool,49.371404,-115.301908,195.0,"7375 Jaffray Village Loop Rd, Jaffray, BC",Jaffray,Daycare
South Delta Secondary,49.0160916,-123.0754485,1350.0,"750 53 St, Delta, BC",Delta,Secondary Public School
South Delta Wee Acorn Academy,49.08947,-123.067077,189.0,"5624 Ladner Trunk Rd, Delta, BC",Delta,Daycare
South Delta Wee Childcare Inc,49.088571,-123.06415,164.0,"4750 57 St, Delta, BC",Delta,Daycare
South Delta Wee Clubhouse,49.089067,-123.065844,298.0,"4737 57 St, Delta, BC",Delta,Daycare
South Island Distance Education School,48.497273,-123.3946749,,"4575 Wilkinson Rd, Victoria, BC",Victoria,Elementary-Secondary Public School
South Kamloops Secondary,50.6666495,-120.3215108,975.0,"821 Munro St, Kamloops, BC",Kamloops,Secondary Public School
South Kelowna Elementary,49.8349378,-119.4220089,295.0,"4176 Spiers Rd, Kelowna, BC",Kelowna,Elementary Public School
South Meridian Elementary,49.0260203,-122.7726354,490.0,"16244 13 Ave, Surrey, BC",Surrey,Elementary Public School
South Nelson Elementary,49.4892396,-117.2858369,220.0,"814 Latimer St, Nelson, BC",Nelson,Elementary Public School
South Nelson Kidz Klub,49.489562,-117.286123,166.0,"814 Latimer St, Nelson, BC",Nelson,Daycare
South Park Elementary,49.0159764,-123.072217,420.0,"735 Gilchrist Dr, Delta, BC",Delta,Elementary Public School
South Park Family Out Of School Care,48.417712,-123.366291,218.0,"508 Douglas St, Victoria, BC",Victoria,Daycare
South Park Family School,48.4177118,-123.3662884,265.0,"508 Douglas St, Victoria, BC",Victoria,Elementary Public School
South Peace Distributed Learning,55.7507264,-120.2427331,,"10808 15 St, Dawson Creek, BC",Dawson Creek,Elementary-Secondary Public School
South Peace Elementary,56.0691727,-120.267207,25.0,"11600 7th St, Dawson Creek, BC",Dawson Creek,Elementary Jr. Secondary Public School
South Poplar Traditional Elementary,49.0161574,-122.3164134,140.0,"32746 Huntingdon Rd, Abbotsford, BC",Abbotsford,Elementary Public School
South Rutland Afterschool Program,49.887466,-119.381847,150.0,"200 Mallach Rd, Kelowna, BC",Kelowna,Daycare
South Rutland Elementary,49.8874659,-119.3818469,295.0,"200 Mallach Rd, Kelowna, BC",Kelowna,Elementary Public School
South Sa-Hali Elementary,50.6567582,-120.3392746,365.0,"1585 Summit Dr, Kamloops, BC",Kamloops,Elementary Public School
South Shuswap Childcare Center,50.871433,-119.383777,127.0,"8-2425 Golf Course Dr, Blind Bay, BC",Blind Bay,Daycare
South Slope Day Care,49.214161,-122.99912,105.0,"4625 Neville St, Burnaby, BC",Burnaby,Daycare
South Slope Elementary,49.2161999,-123.0031196,245.0,"4446 Watling St, Burnaby, BC",Burnaby,Elementary Public School
South Slope Out Of School Care,49.216172,-123.003405,304.0,"4446 Watling St, Burnaby, BC",Burnaby,Daycare
South Surrey Recreation Centre,49.038674,-122.815875,231.0,"14601 20 Ave, Surrey, BC",Surrey,Daycare
South Vancouver Community Montessori Daycare,49.220583,-123.059003,216.0,"2325 E 54 Ave, Vancouver, BC",Vancouver,Daycare
South Vancouver Neighbourhood House Out Of School Care,49.225542,-123.065332,236.0,"6470 Victoria Dr, Vancouver, BC",Vancouver,Daycare
Southern Okanagan Alt,49.1816868,-119.5554815,,"PO Box 990, Oliver, BC",Oliver,Secondary Public School
Southern Okanagan Secondary,49.1816868,-119.5554815,750.0,"PO Box 990, Oliver, BC",Oliver,Secondary Public School
Southgate Middle School,49.9687768,-125.2333094,725.0,"740 Holm Rd, Campbell River, BC",Campbell River,Elementary Public School
Southlands Elementary,49.2375326,-123.1977964,340.0,"5351 Camosun St, Vancouver, BC",Vancouver,Elementary Public School
Southpointe Academy,49.0371637,-123.0673595,,"1900 56 St, Delta, BC",Delta,Elementary-Secondary Independent School
Southridge Elementary,53.8576359,-122.7792912,345.0,"7300 Southridge Ave, Prince George, BC",Prince George,Elementary Public School
Southridge School,49.0500685,-122.7787394,,"2656 160 St, Surrey, BC",Surrey,Elementary-Secondary Independent School
Sowing Seeds Preschool,49.131915,-122.878767,197.0,"7086 124Th St, Surrey, BC",Surrey,Daycare
Space Mountain Learning Centre,49.264103,-122.7644,214.0,"1772 Manchester Crt, Port Coquitlam, BC",Port Coquitlam,Daycare
Spare Time Bobolink,49.213648,-123.05796,161.0,"2421 Scarboro Ave, Vancouver, BC",Vancouver,Daycare
Spare Time Challenge Club,49.221365,-123.055716,230.0,"6901 Elliott St, Vancouver, BC",Vancouver,Daycare
Spare Time Clubhouse,49.247312,-123.106282,206.0,"4251 Ontario St, Vancouver, BC",Vancouver,Daycare
Spare Time Connection,49.250675,-123.09768,126.0,"315 23Rd Ave E, Vancouver, BC",Vancouver,Daycare
Spare Time Fun Centre,49.210237,-123.136351,272.0,"1338 W. 67Th Avenue, Vancouver, BC",Vancouver,Daycare
Spare Time Ii,49.218204,-123.12499,231.0,"7350 Laurel St, Vancouver, BC",Vancouver,Daycare
Spare Time Treehouse,49.250674,-123.097678,212.0,"315 23Rd Ave E, Vancouver, BC",Vancouver,Daycare
Sparkling Stars Daycare,49.888089,-119.379465,194.0,"171 Molnar Rd, Kelowna, BC",Kelowna,Daycare
Sparwood Secondary,49.7357264,-114.8915519,375.0,"PO Box 67, Sparwood, BC",Sparwood,Elementary Public School
Sparwood Treehouse Daycare Centre,49.729009,-114.895314,284.0,"421 Pine Ave, Sparwood, BC",Sparwood,Daycare
Special Times After School Care,49.318783,-123.024368,157.0,"1251 Lillooet Rd, North Vancouver, BC",North Vancouver,Daycare
Special Times Out Of School Care,49.323817,-123.005293,298.0,"1819 Berkley Rd, North Vancouver, BC",North Vancouver,Daycare
Spectrum Community,48.4623254,-123.4072946,1225.0,"957 Burnside Rd W, Victoria, BC",Victoria,Secondary Public School
Spencer Middle School,48.4506332,-123.5142808,650.0,"1026 Goldstream Ave, Victoria, BC",Victoria,Middle School Public School
Spencer's Lane,49.217392,-122.913498,217.0,"605 Second St, New Westminster, BC",New Westminster,Daycare
Sperling Elementary,49.2636382,-122.9625478,410.0,"2200 Sperling Ave, Burnaby, BC",Burnaby,Elementary Public School
Spider,49.4067728,-123.5143414,,"805 Gibsons Way, Gibsons, BC",Gibsons,Elementary-Secondary Public School
Spirit of Hope Secondary,49.3864257,-121.4438999,500.0,"PO Box 249, Hope, BC",Hope,Elementary-Secondary Public School
Splats' In Child Care Center,50.530424,-119.157104,176.0,"2730 Canyon Rd, Enderby, BC",Enderby,Daycare
Sportsplex Daycare,49.169449,-122.66408,212.0,"100 20165 91A Ave, Langley, BC",Langley,Daycare
Spring Angels Childcare,49.354829,-123.103966,132.0,"4644 Glenwood Ave, North Vancouver, BC",North Vancouver,Daycare
Spring Childcare,49.261458,-122.957745,134.0,"7050 Broadway, Burnaby, BC",Burnaby,Daycare
Spring Creek Community School,50.0861953,-123.0215632,390.0,"1509 Spring Creek Dr, Whistler, BC",Whistler,Elementary Public School
Spring Daycare,49.32961,-123.078812,225.0,"306 22Nd St W, North Vancouver, BC",North Vancouver,Daycare
Springridge Early Childhood Centre,48.430895,-123.34878,157.0,"1222 Gladstone Ave, Victoria, BC",Victoria,Daycare
Springtree Montessori School,49.223053,-122.968223,97.0,"6693 Brantford Ave, Burnaby, BC",Burnaby,Daycare
Springvalley Elementary,49.8838102,-119.4183439,345.0,"470 Ziprick Rd, Kelowna, BC",Kelowna,Elementary Public School
Springvalley Elementary Out Of School Care,49.88381,-119.418344,52.0,"470 Ziprick Rd, Kelowna, BC",Kelowna,Daycare
Springvalley Middle School,49.885162,-119.4185961,550.0,"350 Ziprick Rd, Kelowna, BC",Kelowna,Elementary Public School
Springwood Elementary,49.312038,-124.3274609,510.0,"450 Despard Avenue, Parksville, BC",Parksville,Elementary Public School
Springwood Elementary,54.015331,-122.8054228,220.0,"4600 Zral Rd, Prince George, BC",Prince George,Elementary Public School
Springwood Elementary Childcare,49.312038,-124.327461,269.0,"450 Despard Ave, Parksville, BC",Parksville,Daycare
Sprout-Up Preschool,54.525078,-128.603586,226.0,"4830 Straume Ave, Terrace, BC",Terrace,Daycare
Sprouting Tigers Out Of School Care Ltd.,49.209907,-123.99223,206.0,"3741 Departure Bay Rd, Nanaimo, BC",Nanaimo,Daycare
Sprouts And Blossoms,50.6388,-120.377,197.0,"1304 Dunbar Dr, Kamloops, BC",Kamloops,Daycare
Sprouts Child Care Centre,49.189718,-123.128975,303.0,"3368 Carscallen Rd, Richmond, BC",Richmond,Daycare
Sprouts Early Learning,49.082648,-123.076594,125.0,"5300 44Th Ave, Delta, BC",Delta,Daycare
Sprouts Family Childcare,49.934027,-125.191132,108.0,"3844 Sutil Rd, Campbell River, BC",Campbell River,Daycare
Spruceland Community School of the Arts,53.9158945,-122.7924481,390.0,"3805 Rainbow Dr, Prince George, BC",Prince George,Elementary Public School
Spul'u'kwuks Elementary,49.1708145,-123.1851195,410.0,"5999 Blanshard Dr, Richmond, BC",Richmond,Elementary Public School
Squamish Montessori - Head Office,49.726258,-123.139273,302.0,"103-42000 Loggers Lane, Squamish, BC",Squamish,Daycare
Squamish Montessori School - Finch,49.717611,-123.139077,266.0,"1001 Finch Dr, Squamish, BC",Squamish,Daycare
Squamish Montessori School - Toddler,49.748558,-123.133607,145.0,"40850 Tantalus Rd, Squamish, BC",Squamish,Daycare
Squamish Waldorf School,49.7023814,-123.1308722,,"38265 Westway Ave, Squamish, BC",Squamish,Elementary Independent School
Squamish Waldorf School Association,49.702394,-123.130883,198.0,"38265 Westway Ave, Squamish, BC",Squamish,Daycare
Squeeks & Giggles Family Daycare,48.447216,-123.343411,233.0,"1524 Clawthorpe Ave, Victoria, BC",Victoria,Daycare
St Andrew's,49.2272144,-123.0958387,,"450 47th Ave E, Vancouver, BC",Vancouver,Elementary Independent School
St Andrew's Regional High,48.469301,-123.3741762,,"880 Mckenzie Ave, Victoria, BC",Victoria,Secondary Independent School
St Ann's Catholic Preschool,52.987431,-122.499383,148.0,"150 Sutherland Ave, Quesnel, BC",Quesnel,Daycare
St Ann's School,52.9871152,-122.4987839,,"150 Sutherland Ave, Quesnel, BC",Quesnel,Elementary Jr. Secondary Independent School
St Anthony of Padua,49.2044808,-123.1370215,,"1370 73rd Ave W, Vancouver, BC",Vancouver,Elementary Independent School
St Anthony's,54.0539346,-128.6181918,,"1750 Nalabila Blvd, Kitimat, BC",Kitimat,Elementary Jr. Secondary Independent School
St Augustine's,49.2651702,-123.1535398,,"2154 7th Ave W, Vancouver, BC",Vancouver,Elementary Independent School
St Bernadette,49.1220422,-122.8584556,,"13130 65b Ave, Surrey, BC",Surrey,Elementary Independent School
St Catherines School,49.0596328,-122.6625417,,"20244 32 Ave, Langley, BC",Langley,Elementary Independent School
St Christopher's Montessori School Casa,48.422693,-123.306188,268.0,"2451 Windsor Rd, Victoria, BC",Victoria,Daycare
St Francis Xavier,49.2664677,-123.0944116,,"428 Great Northern Way, Vancouver, BC",Vancouver,Elementary Independent School
St Francis of Assisi,49.276879,-123.0650659,,"870 Victoria Dr, Vancouver, BC",Vancouver,Elementary Independent School
St James,50.2618475,-119.2674745,,"2700 28 Ave, Vernon, BC",Vernon,Elementary Independent School
St James ymca Kids Club,49.052576,-122.360076,244.0,"2777 Townline Rd, Abbotsford, BC",Abbotsford,Daycare
St John Paul II Academy,49.0229263,-122.7999292,,"2358 182nd Street, Surrey, BC",Surrey,Secondary Independent School
St John's Preparatory Academy Shawnigan,48.6360797,-123.630043,,"2371 Shawnigan Lake Rd, Shawnigan Lake, BC",Shawnigan Lake,Elementary-Secondary Independent School
St Joseph Elementary School,49.8795169,-119.4848496,,"839 Sutherland Ave, Kelowna, BC",Kelowna,Elementary Independent School
St Joseph School,49.4893883,-117.2908261,,"523 Mill St, Nelson, BC",Nelson,Elementary Jr. Secondary Independent School
St Joseph the Worker,49.1419794,-123.1745056,,"4451 Williams Rd, Richmond, BC",Richmond,Elementary Independent School
St Joseph's,49.2559257,-123.0716385,,"3261 Fleming St, Vancouver, BC",Vancouver,Elementary Independent School
St Joseph's,54.7829554,-127.1779816,,"PO Box 454, Smithers, BC",Smithers,Elementary Independent School
St Joseph's Catholic,48.4618923,-123.4039697,,"757 Burnside Rd W, Victoria, BC",Victoria,Elementary Independent School
St Jude's,49.2565572,-123.0426152,,"2953 15th Ave E, Vancouver, BC",Vancouver,Elementary Independent School
St Mary's,49.1641115,-121.9630404,,"8909 Mary St, Chilliwack, BC",Chilliwack,Elementary Independent School
St Mary's,49.2372184,-123.0338103,,"5239 Joyce St, Vancouver, BC",Vancouver,Elementary Independent School
St Mary's Catholic Independent,49.5030037,-115.7566909,,"1701 5th St S, Cranbrook, BC",Cranbrook,Elementary Independent School
St Matthew's Elementary,49.1638382,-122.7763553,,"16065 88 Ave, Surrey, BC",Surrey,Elementary Independent School
St Michael's Elementary,49.1014077,-117.7018756,,"1329 Fourth Ave, Trail, BC",Trail,Elementary Independent School
St Michaels University School,48.4516674,-123.3282162,,"3400 Richmond Rd, Victoria, BC",Victoria,Elementary Independent School
St Patrick's,49.2223615,-122.5958472,,"22589 121 Ave, Maple Ridge, BC",Maple Ridge,Elementary Independent School
St Patrick's Elementary,49.2597726,-123.1030621,,"2850 Quebec St, Vancouver, BC",Vancouver,Elementary Independent School
St Patrick's School,48.432885,-123.3239472,,"2368 Trent St, Victoria, BC",Victoria,Elementary Independent School
St Paul School,49.1532163,-123.1323792,,"8251 St. Albans Rd, Richmond, BC",Richmond,Elementary Independent School
St Regis Secondary School,49.234435,-123.1568797,,"6145 Student Union Boulevard, Vancouver, BC",Vancouver,Elementary Independent School
St'a7mes School,49.6950631,-123.1428663,195.0,"PO Box 640, Squamish, BC",Squamish,Elementary-Secondary Public School
St. Alban's The Martyr Day Care,49.223736,-122.939818,147.0,"7717 19Th Ave, Burnaby, BC",Burnaby,Daycare
St. Alcuin College for the Liberal Arts,49.3176077,-123.068978,,"200-1046 St. Georges Ave, North Vancouver, BC",North Vancouver,Elementary-Secondary Independent School
St. Andrew Kim Early Childhood Education Centre (>30Mos),49.188141,-122.774916,138.0,"10218 161 St, Surrey, BC",Surrey,Daycare
St. Ann's Academy,50.6711748,-120.3376387,,"205 Columbia St, Kamloops, BC",Kamloops,Elementary-Secondary Independent School
St. Ann's Academy Childcare,50.671179,-120.337643,326.0,"205 Columbia St, Kamloops, BC",Kamloops,Daycare
St. Ann's Parish Daycare,49.040978,-122.300731,207.0,"33333 Mayfair Ave, Abbotsford, BC",Abbotsford,Daycare
St. Ann's Preschool,49.040977,-122.300739,185.0,"33333 Mayfair Ave, Abbotsford, BC",Abbotsford,Daycare
St. Anthony's,49.331792,-123.132042,,"595 Keith Rd, West Vancouver, BC",West Vancouver,Elementary Independent School
St. Barnabas Daycare Society,49.207788,-122.924806,382.0,"1005 Napanee St, New Westminster, BC",New Westminster,Daycare
St. Casimir's Before And After School Program,49.246732,-123.078083,165.0,"1303 E 27Th Ave, Vancouver, BC",Vancouver,Daycare
St. Casimir's Day Care Centre,49.246948,-123.080151,171.0,"4255 Inverness Str, Vancouver, BC",Vancouver,Daycare
St. Catherine's Daycare,49.339806,-123.102702,166.0,"1058 Ridgewood Dr, North Vancouver, BC",North Vancouver,Daycare
St. Christopher's Montessori School,48.422478,-123.304487,267.0,"2619 Currie Rd, Victoria, BC",Victoria,Daycare
St. Dulwich Academy Inc.,49.187478,-123.13619,186.0,"7960 River Rd, Richmond, BC",Richmond,Daycare
St. Dulwich Academy Inc.,49.187478,-123.13619,209.0,"7960 River Rd, Richmond, BC",Richmond,Daycare
St. Edmund's,49.3184359,-123.0816071,,"535 Mahon Ave, North Vancouver, BC",North Vancouver,Elementary Independent School
St. Edmund's Discovery Preschool & School Age Care,49.31205,-123.068291,191.0,"324 East 5Th St, North Vancouver, BC",North Vancouver,Daycare
St. Edmund's Discovery Preschool & School Age Care,49.31205,-123.068291,225.0,"324 East 5Th St, North Vancouver, BC",North Vancouver,Daycare
St. Francis De Sales Parish Before & After School Care,49.219986,-122.966901,308.0,"6656 Balmoral St, Burnaby, BC",Burnaby,Daycare
St. Francis De Sales Preschool,49.219598,-122.965824,194.0,"6681 Arcola St, Burnaby, BC",Burnaby,Daycare
St. Francis Of Assisi Preschool,49.275248,-123.063383,256.0,"2025 Napier St, Vancouver, BC",Vancouver,Daycare
St. Francis Xavier Montessori Child Care Centre-Daycare,49.266462,-123.094521,152.0,"428 Great Northern Way, Vancouver, BC",Vancouver,Daycare
St. Francis Xavier Montessori Preschool,49.266462,-123.094521,242.0,"428 Great Northern Way, Vancouver, BC",Vancouver,Daycare
St. Francis de Sales,49.2199884,-122.9668993,,"6656 Balmoral St, Burnaby, BC",Burnaby,Elementary Independent School
St. George's School,49.2474787,-123.1985691,,"4175 W 29th Ave, Vancouver, BC",Vancouver,Elementary-Secondary Independent School
St. Helen's,49.2837911,-123.018723,,"3871 Pandora St., Burnaby, BC",Burnaby,Elementary Independent School
St. James Day Care Center,49.263054,-123.176515,214.0,"3214 10Th Ave W, Vancouver, BC",Vancouver,Daycare
St. James Early Learning Centre,50.261848,-119.267475,206.0,"2700 28Th Ave, Vernon, BC",Vernon,Daycare
St. James and St. Ann's Elementary,49.0516503,-122.3616056,,"2767 Townline Rd, Abbotsford, BC",Abbotsford,Elementary Independent School
St. John Brebeuf Regional Secondary,49.0516688,-122.3616178,,"2747 Townline Rd, Abbotsford, BC",Abbotsford,Secondary Independent School
St. John's Academy,49.2814198,-123.0236619,,"369 Boundary Rd, Vancouver, BC",Vancouver,Secondary Independent School
St. John's Child Care Centre,49.028873,-122.799344,211.0,"1480 George St, White Rock, BC",White Rock,Daycare
St. John's School,49.2629309,-123.1555816,,"2215 10th Ave W, Vancouver, BC",Vancouver,Elementary-Secondary Independent School
St. Joseph's Church Preschool & Out Of School Care Program,49.059627,-122.662531,200.0,"20244  32Nd Ave, Langley, BC",Langley,Daycare
St. Joseph's Early Learning Centre,48.461844,-123.403824,225.0,"757 Burnside Rd W, Victoria, BC",Victoria,Daycare
St. Joseph's Pre-K & After School Program,54.782376,-127.177706,227.0,"4039 Broadway Ave, Smithers, BC",Smithers,Daycare
St. Margaret's,48.4806551,-123.3636841,,"1080 Lucas Ave, Victoria, BC",Victoria,Elementary-Secondary Independent School
St. Margaret's School,48.4806,-123.363799,111.0,"1080 Lucas Ave, Victoria, BC",Victoria,Daycare
St. Mary's,53.9145583,-122.7749847,,"1088 Gillett St, Prince George, BC",Prince George,Elementary Independent School
St. Mary's After School Care,53.91399,-122.77403,78.0,"1125 Freeman Street, Prince George, BC",Prince George,Daycare
St. Mary's Daycare,53.913253,-122.773482,304.0,"1206 Freeman St, Prince George, BC",Prince George,Daycare
St. Mary's Daycare And After School Program,49.503004,-115.756691,262.0,"1701 5Th Ave, Cranbrook, BC",Cranbrook,Daycare
St. Mary's School,49.164273,-121.962973,308.0,"8909 Mary St, Chilliwack, BC",Chilliwack,Daycare
St. Matthew's Preschool & Out Of School Care,49.163838,-122.776355,293.0,"16065 88 Ave, Surrey, BC",Surrey,Daycare
St. Matthews Day Care Society,49.223387,-122.940843,208.0,"103-7355 Canada Way, Burnaby, BC",Burnaby,Daycare
St. Michaels,49.2362799,-122.897055,,"9387 Holmes St, Burnaby, BC",Burnaby,Elementary Independent School
St. Michaels University School - Junior School,48.417925,-123.319016,100.0,"820 Victoria Ave, Victoria, BC",Victoria,Daycare
St. Patrick Regional Secondary,49.2614056,-123.1027924,,"115 11th Ave E, Vancouver, BC",Vancouver,Secondary Independent School
St. Patrick's Catholic School,48.433802,-123.324326,84.0,"2368 Trent St, Victoria, BC",Victoria,Daycare
St. Patrick's School,49.259772,-123.103062,252.0,"2850 Quebec, Vancouver, BC",Vancouver,Daycare
St. Patrick's School After School Care,49.259773,-123.103062,214.0,"2850 Quebec St, Vancouver, BC",Vancouver,Daycare
St. Pius X Elementary School,49.317116,-122.9676111,,"1150 Mt. Seymour Road, North Vancouver, BC",North Vancouver,Elementary Independent School
St. Thomas Aquinas,49.3194659,-123.0863976,,"541 Keith Rd W, North Vancouver, BC",North Vancouver,Secondary Independent School
St. Thomas More Collegiate,49.2149988,-122.9379503,,"7450 12th Ave, Burnaby, BC",Burnaby,Secondary Independent School
Stanley Humphries Secondary,49.3204808,-117.6607466,850.0,"720 7 Ave, Castlegar, BC",Castlegar,Secondary Public School
Star Academy Of Montessori Corporation,49.170106,-123.07111,168.0,"13780 Westminster Hwy, Richmond, BC",Richmond,Daycare
Star Shine Daycare,49.341399,-123.024619,243.0,"1795 Peters Rd, North Vancouver, BC",North Vancouver,Daycare
Star of the Sea,49.0454568,-122.8059729,,"15024 24 Ave, Surrey, BC",Surrey,Elementary Independent School
Starbright Educare Day Care,49.192596,-122.792223,205.0,"15515 104A Ave, Surrey, BC",Surrey,Daycare
Starchild Centre,48.67733,-123.569046,227.0,"992 Nightingale Rd, Mill Bay, BC",Mill Bay,Daycare
Starchild Centre - Malta Rd,48.660834,-123.617624,176.0,"1689 Malta Rd, Shawnigan Lake, BC",Shawnigan Lake,Daycare
Stardom Childcare,49.209666,-122.680064,147.0,"11435 Bonson Rd, Pitt Meadows, BC",Pitt Meadows,Daycare
Starfish Child Center,49.324495,-123.113717,237.0,"1657 Philip Ave, North Vancouver, BC",North Vancouver,Daycare
Starlight Child Care Centre,49.220311,-122.914155,145.0,"728 Colborne St, New Westminster, BC",New Westminster,Daycare
Starlight Child Care Centre,49.228829,-122.911777,300.0,"8547 11Th Ave, Burnaby, BC",Burnaby,Daycare
Starlight Child Care Centre,49.231529,-122.917995,195.0,"8486 16Th Ave, Burnaby, BC",Burnaby,Daycare
Starlight Child Care Ltd.,49.202123,-122.917984,278.0,"1-1001 Royal Ave, New Westminster, BC",New Westminster,Daycare
Starlight Learning Centre (Fraser Hwy),49.057548,-122.466485,204.0,"27336 Fraser Hwy, Aldergrove, BC",Aldergrove,Daycare
Stars Family Child Care,49.308251,-122.791515,193.0,"1713 Sugarpine Crt, Coquitlam, BC",Coquitlam,Daycare
Stars For Life Childcare Education,49.334215,-123.144963,201.0,"1068 Inglewood Ave, West Vancouver, BC",West Vancouver,Daycare
Stars For Life Childcare Education,49.33423,-123.14493,194.0,"1068 Inglewood Ave, West Vancouver, BC",West Vancouver,Daycare
Stars Of The Sky Child Care Ltd.,49.063871,-122.261002,216.0,"34790 Laburnum Ave, Abbotsford, BC",Abbotsford,Daycare
Stars Of Tomorrow Early Learning,49.124751,-123.183144,169.0,"12191 1 Ave, Richmond, BC",Richmond,Daycare
Starseed Kindercottage,49.482132,-117.285791,130.0,"419 Delbruck St, Nelson, BC",Nelson,Daycare
Starseeds,49.873374,-119.397316,329.0,"580 Peck Rd, Kelowna, BC",Kelowna,Daycare
Starseeds Childcare,49.345412,-123.065677,250.0,"3904 St. Marys Ave, North Vancouver, BC",North Vancouver,Daycare
Start Smart Childcare Centre,49.22001,-122.595867,114.0,"22610 Dewdney Trunk Rd, Maple Ridge, BC",Maple Ridge,Daycare
Station Stretch,49.1758576,-123.1400916,,"5280 Minoru Blvd, Richmond, BC",Richmond,Elementary Public School
Stave Falls Elementary,49.2225053,-122.3868719,195.0,"30204 Brackley Ave, Mission, BC",Mission,Elementary Public School
Stay 'N' Play Group Daycare,49.271998,-122.755624,201.0,"3260 Coast Meridian Rd, Port Coquitlam, BC",Port Coquitlam,Daycare
Stay 'N' Play Group Daycare,49.272617,-122.755683,258.0,"100-3310 Coast Meridian Rd, Port Coquitlam, BC",Port Coquitlam,Daycare
Steeples Elementary,49.5183611,-115.7467579,270.0,"700 24th Ave N, Cranbrook, BC",Cranbrook,Elementary Public School
Stein Valley Nlakapamux School,50.2674608,-121.600529,,"Bag 300, Lytton, BC",Lytton,Elementary-Secondary Independent School
Stella Childcare Centre,49.330124,-123.087342,269.0,"563 23Rd St W, North Vancouver, BC",North Vancouver,Daycare
Stellers Jay Academy,49.209675,-123.08346,222.0,"8280 Ross St, Vancouver, BC",Vancouver,Daycare
Stellers Jay Academy,49.209675,-123.08346,236.0,"8280 Ross St, Vancouver, BC",Vancouver,Daycare
Stelly's Secondary,48.5778573,-123.4318688,975.0,"1627 Stellys Cross Rd, Saanichton, BC",Saanichton,Secondary Public School
Stem Early Learning,49.169347,-122.795487,218.0,"15407 91A Ave, Surrey, BC",Surrey,Daycare
Stem Early Learning Centre,50.537705,-119.008701,163.0,"3702 Trinity Valley Rd, Enderby, BC",Enderby,Daycare
Step By Step,49.218985,-124.807111,169.0,"2165 Gibson Rd, Port Alberni, BC",Port Alberni,Daycare
Steph's Little Sprouts Child Care,49.044172,-122.25205,179.0,"2343 Harper Dr, Abbotsford, BC",Abbotsford,Daycare
Stepping Stone Daycare,49.211634,-122.558692,236.0,"23924 115A Ave, Maple Ridge, BC",Maple Ridge,Daycare
Stepping Stone Preschool,49.219735,-123.149432,213.0,"7284 Cypress St, Vancouver, BC",Vancouver,Daycare
Stepping Stones,48.452451,-123.35223,206.0,"1254 Oakmount Rd, Victoria, BC",Victoria,Daycare
Stepping Stones (Roy Wilcox) Child Care Centre,54.066039,-128.644138,246.0,"7 Carlson St, Kitimat, BC",Kitimat,Daycare
Stepping Stones Childcare Centre,49.271503,-122.744409,163.0,"1089 Prairie Ave, Port Coquitlam, BC",Port Coquitlam,Daycare
Stepping Stones Daycare,49.040148,-118.475601,183.0,"8291 North Fork Rd, Grand Forks, BC",Grand Forks,Daycare
Stepping Stones Early Learning Centre,49.811614,-119.480773,191.0,"4713 Gordon Dr, Kelowna, BC",Kelowna,Daycare
Stepping Stones Family Day Care,53.894455,-122.793706,279.0,"3785 Goheen Pl, Prince George, BC",Prince George,Daycare
Stepping Stones Learning Centre,54.783268,-127.176198,209.0,"4040 1St Ave, Smithers, BC",Smithers,Daycare
Steveston Community Centre - Preschools,49.12582,-123.179135,213.0,"4111 Moncton St, Richmond, BC",Richmond,Daycare
Steveston-London Secondary,49.1409083,-123.150066,1425.0,"6600 Williams Rd, Richmond, BC",Richmond,Elementary Public School
Stitos ymca Kids Club,49.09856,-121.978837,137.0,"5337 Tyson Rd, Chilliwack, BC",Chilliwack,Daycare
Stoney Creek Community Elementary,49.2595439,-122.9018735,365.0,"2740 Beaverbrook Cres, Burnaby, BC",Burnaby,Elementary Public School
Stoney Creek ymca Kids Club,49.259404,-122.902055,107.0,"2740 Beaverbrook Cres, Burnaby, BC",Burnaby,Daycare
Story Book Preschool,53.9021,-122.75897,264.0,"1687 Strathcona Ave, Prince George, BC",Prince George,Daycare
Story Place Childcare Center,49.286702,-122.818485,226.0,"2558 Peregrine Pl, Coquitlam, BC",Coquitlam,Daycare
Storyoga,48.630532,-123.428074,217.0,"1720 Mctavish Rd, North Saanich, BC",North Saanich,Daycare
Storyoga,48.68473,-123.455213,263.0,"1080 Cypress Rd, Sidney, BC",Sidney,Daycare
Stratford Hall,49.2574791,-123.0694663,,"3000 Commercial Drive, Vancouver, BC",Vancouver,Elementary-Secondary Independent School
Strathcona Elementary,49.1873815,-121.9405107,440.0,"46375 Strathcona Rd, Chilliwack, BC",Chilliwack,Elementary Public School
Strathcona Montessori Group,49.279445,-123.095792,117.0,"377 Keefer St, Vancouver, BC",Vancouver,Daycare
Strathcona ymca Kids Club,49.187373,-121.940512,222.0,"46375 Strathcona Rd, Chilliwack, BC",Chilliwack,Daycare
Strawberry Hill Elementary,49.1416582,-122.8795092,715.0,"7633 124 St, Surrey, BC",Surrey,Elementary Public School
Strawberry Hill ymca Kids Club,49.14166,-122.87951,291.0,"7633 124 St, Surrey, BC",Surrey,Daycare
Strawberry Lane Family Childcare,50.800563,-120.313184,155.0,"4697 Strawberry Lane, Kamloops, BC",Kamloops,Daycare
Strawberry Patch Child Care Centre Inc.,49.086052,-122.574616,238.0,"23422  47 Ave, Langley, BC",Langley,Daycare
Strawberry Vale Elementary,48.4778843,-123.4170572,340.0,"4109 Rosedale Ave, Victoria, BC",Victoria,Elementary Public School
Strawberry Vale Out Of School Care,48.477896,-123.417178,176.0,"4109 Rosedale Ave, Victoria, BC",Victoria,Daycare
Strawberry Vale Preschool,48.478953,-123.417242,62.0,"4130 Rosedale Ave, Victoria, BC",Victoria,Daycare
Stride Avenue Community Elementary,49.2110022,-122.9542842,415.0,"7014 Stride Ave, Burnaby, BC",Burnaby,Elementary Public School
Stride Avenue Neighbourhood Care,49.210908,-122.954208,130.0,"7014 Stride Ave, Burnaby, BC",Burnaby,Daycare
Stride Early Years Care,49.211521,-122.952432,300.0,"7051 14Th Ave, Burnaby, BC",Burnaby,Daycare
Strong Foundations Learning South Surrey,49.057921,-122.796925,160.0,"301-15336 31 Ave, Surrey, BC",Surrey,Daycare
Stronger Together Academy,48.434426,-123.490439,113.0,"588 Heatherly Rd, Victoria, BC",Victoria,Daycare
Strongsteps Children's Learning Centre,49.172851,-122.66377,250.0,"200-8912 202 St, Langley, BC",Langley,Daycare
Sts'ailes Early Education Centre,49.242199,-121.945977,189.0,"5127 School Rd, Agassiz, BC",Agassiz,Daycare
Studio Play Toddler Centre,49.248973,-124.063488,231.0,"6987 Dickinson Rd, Lantzville, BC",Lantzville,Daycare
Stz'uminus Senior Secondary,48.9916465,-123.7722869,,"3891 Shell Beach Rd, Ladysmith, BC",Ladysmith,Secondary Independent School
Sugar Fountain Day Care,49.144747,-122.827113,216.0,"7846 143 St, Surrey, BC",Surrey,Daycare
Sullivan Elementary,49.1119384,-122.8000005,460.0,"6016 152 St, Surrey, BC",Surrey,Elementary Public School
Sullivan Heights Secondary,49.1157455,-122.822941,1700.0,"6248 144 St, Surrey, BC",Surrey,Elementary Public School
Sullivan ymca Kids Club,49.111938,-122.800001,190.0,"6016 152 St, Surrey, BC",Surrey,Daycare
Sullivan's Kiddie Caboose Childcare Inc. - 62 Ave,49.115626,-122.82963,161.0,"101/102 14187 62Nd Ave, Surrey, BC",Surrey,Daycare
Sum Yaz Daycare,54.442501,-124.245796,140.0,"4708 Tl'azl'en Main, Fort St. James, BC",Fort St. James,Daycare
Sum-Sha-Thut-Lellum,48.386645,-123.696846,171.0,"2155 Lazzar Rd, Sooke, BC",Sooke,Daycare
Summer Breeze Early Care And Learning Centre,48.41203,-123.539373,225.0,"1028 Lomalinda Dr, Langford, BC",Langford,Daycare
Summer Joy Child-Care,49.253858,-122.930496,190.0,"3322 Lealand Crt, Burnaby, BC",Burnaby,Daycare
Summerhill Montessori Preschool And Kindergarten,49.26968,-122.958645,162.0,"1600 Cliff Ave, Burnaby, BC",Burnaby,Daycare
Summerland Early Learning Centre,49.597142,-119.683727,237.0,"10317 Prairie Valley Rd, Summerland, BC",Summerland,Daycare
Summerland Montessori School,49.5971416,-119.6837269,,"Box 603, Summerland, BC",Summerland,Elementary Independent School
Summerland Secondary,49.6026348,-119.6792649,650.0,"PO Box 2501, Summerland, BC",Summerland,Elementary-Secondary Public School
Summit Childcare,50.657927,-120.338601,205.0,"1565 Summit Dr, Kamloops, BC",Kamloops,Daycare
Summit Elementary,50.6529215,-120.3487164,290.0,"425 Monarch Crt, Kamloops, BC",Kamloops,Elementary Public School
Summit Kids,50.713043,-119.251168,223.0,"1801 30 St Ne, Salmon Arm, BC",Salmon Arm,Daycare
Summit Middle School,49.2953535,-122.8072904,700.0,"1450 Parkway Blvd, Coquitlam, BC",Coquitlam,Middle School Public School
Sun And Sand Learning Centre Ltd,49.151035,-122.877222,201.0,"1-12468 82 Ave, Surrey, BC",Surrey,Daycare
Sun Fun Child Care Center,49.297238,-122.81838,282.0,"2648 Sandstone Cres, Coquitlam, BC",Coquitlam,Daycare
Sun Hang Do Martial Arts Kids Life Skills Club (Abbotsford),49.04,-122.279223,318.0,"6-34100 South Fraser Way, Abbotsford, BC",Abbotsford,Daycare
Sun Peaks Community Daycare,50.883183,-119.867791,135.0,"5036 Valley Dr, Sun Peaks, BC",Sun Peaks,Daycare
Sun Peaks School,50.8874282,-119.8818862,75.0,"C/O Heffley Creek Elementary School, Kamloops, BC",Kamloops,Elementary Jr. Secondary Public School
Sun Soleil Daycare Ltd,49.300854,-122.836862,131.0,"1025 Robin Way, Anmore, BC",Anmore,Daycare
Sunbeam Preschool & Childcare,49.105305,-122.634424,213.0,"21277 56 Ave, Langley, BC",Langley,Daycare
Sunberries Before & After Care,49.304705,-122.960581,182.0,"233 Roche Point Dr, North Vancouver, BC",North Vancouver,Daycare
Suncrest Elementary,49.2153599,-123.0179825,245.0,"3883 Rumble St, Burnaby, BC",Burnaby,Elementary Public School
Suncrest Neighbourhood Care,49.215363,-123.018002,207.0,"3883 Rumble St, Burnaby, BC",Burnaby,Daycare
Sundance Out Of School Care,48.42802,-123.3285,133.0,"1623 Bank St, Victoria, BC",Victoria,Daycare
Sundance Playschool,48.429339,-123.328508,111.0,"1733 Bank St, Victoria, BC",Victoria,Daycare
Sundance Playschool,50.877567,-119.911289,187.0,"1280 Alpine Rd, Sun Peaks, BC",Sun Peaks,Daycare
Sundance-Bank Elementary,48.4280195,-123.3284863,95.0,"1623 Bank St, Victoria, BC",Victoria,Elementary Public School
Sunflower Before And After School Care,49.330395,-123.112745,200.0,"2260 Philip Ave, North Vancouver, BC",North Vancouver,Daycare
Sunflower Child Care Centre,50.234366,-119.28138,195.0,"7000 College Way, Coldstream, BC",Coldstream,Daycare
Sunflower Daycare,49.2695,-122.823843,104.0,"885 Baker St, Coquitlam, BC",Coquitlam,Daycare
Sunflower Family Child Care,49.26289,-123.156771,132.0,"101-2260 10Th Ave W, Vancouver, BC",Vancouver,Daycare
Sunflower Montessori,49.156677,-122.636023,109.0,"21150  85Th Ave, Langley, BC",Langley,Daycare
Sunflower Playhouse,48.454391,-123.420272,236.0,"1006 Dunkirk Lane, Victoria, BC",Victoria,Daycare
Sunflower Preschool,49.330602,-123.112718,134.0,"2260 Philip Ave, North Vancouver, BC",North Vancouver,Daycare
Sunlight Daycare,49.292679,-122.828112,250.0,"63 Ravine Dr, Port Moody, BC",Port Moody,Daycare
Sunlight Fraser Valley Daycare,49.063587,-122.375782,238.0,"3366 Goldfinch Pl, Abbotsford, BC",Abbotsford,Daycare
Sunningdale Children's Centre,49.117175,-117.718337,179.0,"625 Isabella Cres, Trail, BC",Trail,Daycare
Sunny Bunny Preschool,49.878381,-119.564832,199.0,"2090 Sunview Dr, West Kelowna, BC",West Kelowna,Daycare
Sunny Day,53.914864,-122.802405,265.0,"4191 Davie Ave, Prince George, BC",Prince George,Daycare
Sunny Fields Daycare,49.18423,-121.949731,218.0,"46090 Avalon Ave, Chilliwack, BC",Chilliwack,Daycare
Sunny Hills Montessori Infant And Toddlers,50.674444,-120.335465,237.0,"249 Seymour Street, Kamloops, BC",Kamloops,Daycare
Sunny Hills Montessori Ltd.,50.67444,-120.335039,187.0,"259 Seymour St, Kamloops, BC",Kamloops,Daycare
Sunny House Family Child Care,49.283246,-123.125581,160.0,"605-1050 Smithe St, Vancouver, BC",Vancouver,Daycare
Sunny Side Up Afterschool Program,52.14644,-122.154364,232.0,"1180 Moon Ave, Williams Lake, BC",Williams Lake,Daycare
Sunny Side Up Childcare,50.698096,-119.297559,124.0,"1015 Lakeshore Dr Sw, Salmon Arm, BC",Salmon Arm,Daycare
Sunny Smiles Daycare,49.150229,-122.815308,179.0,"14690 81A Ave, Surrey, BC",Surrey,Daycare
Sunny Sprouts Daycare,48.393025,-123.668598,277.0,"A - 5665 Woodlands Rd, Sooke, BC",Sooke,Daycare
Sunny Town Childcare North,49.032682,-123.069227,229.0,"1631 56 St, Delta, BC",Delta,Daycare
Sunny Town Learn And Play Childcare Centre,49.01536,-123.076956,87.0,"693 53 St, Delta, BC",Delta,Daycare
"Sunnyside ""2"" Child Care Centre",54.318437,-130.309245,296.0,"500 Hays Cove Circle, Prince Rupert, BC",Prince Rupert,Daycare
Sunnyside Brookswood Family Daycare,49.070164,-122.661095,224.0,"20305 37A Ave, Langley, BC",Langley,Daycare
Sunnyside Elementary,49.0535884,-122.7819158,700.0,"2828 159 St, Surrey, BC",Surrey,Elementary Public School
Sunnyside Montessori Daycare,49.035458,-122.76103,174.0,"16661 18A Ave, Surrey, BC",Surrey,Daycare
Sunridge Out Of School Care,49.866348,-119.564777,154.0,"1190 Stevens Rd, Kelowna, BC",Kelowna,Daycare
Sunrise Discovery Centre,49.111168,-122.704388,242.0,"18690 60 Ave, Surrey, BC",Surrey,Daycare
Sunrise Family Daycare,49.238689,-122.638967,211.0,"12221 210 St, Maple Ridge, BC",Maple Ridge,Daycare
Sunrise In-Home Multiage Child Care,49.233625,-123.042676,304.0,"5638 Rupert St, Vancouver, BC",Vancouver,Daycare
Sunrise Ridge Elementary,49.1111678,-122.7043876,305.0,"18690 60 Ave, Surrey, BC",Surrey,Elementary Public School
Sunrise Sprouts Daycare,48.430918,-123.533438,201.0,"2831 Sooke Rd, Langford, BC",Langford,Daycare
Sunrise Waldorf School,48.7236713,-123.6475771,,"2148 Lakeside Rd, Duncan, BC",Duncan,Elementary Jr. Secondary Independent School
Sunrise Waldorf School,48.724423,-123.648341,258.0,"2148 Lakeside Rd, Duncan, BC",Duncan,Daycare
Sunset Child Care Society,49.211709,-123.095079,137.0,"8064 Buscombe St, Vancouver, BC",Vancouver,Daycare
Sunset Early Learning Day Program,49.222819,-123.099636,211.0,"6810 Main St, Vancouver, BC",Vancouver,Daycare
Sunset Elementary,50.5840621,-127.0721581,300.0,"PO Box 160, Port Mcneill, BC",Port Mcneill,Elementary Public School
Sunset Out Of School Care,49.222819,-123.099636,150.0,"6810 Main St, Vancouver, BC",Vancouver,Daycare
Sunset Preschool,49.222795,-123.098627,156.0,"6810 Main St, Vancouver, BC",Vancouver,Daycare
Sunset School Age Care @ Sexsmith,49.217201,-123.108378,249.0,"7410 Columbia St, Vancouver, BC",Vancouver,Daycare
Sunshine Academy Childcare And Learning Center,49.193116,-121.937586,180.0,"46510 Teton Ave, Chilliwack, BC",Chilliwack,Daycare
Sunshine Adventures Family Child Care,49.845603,-119.629762,63.0,"40-3289 Broadview Rd, West Kelowna, BC",West Kelowna,Daycare
Sunshine Baby Family Child Care,49.148367,-122.77666,157.0,"16075 80 Ave, Surrey, BC",Surrey,Daycare
Sunshine Before & After School Care,49.32028,-123.046388,255.0,"980 East 13Th Street, North Vancouver, BC",North Vancouver,Daycare
Sunshine Childcare,49.258071,-122.88948,221.0,"1111-550 Cottonwood Ave, Coquitlam, BC",Coquitlam,Daycare
Sunshine Children's Centre,49.19717,-122.85719,182.0,"13175 107 Ave, Surrey, BC",Surrey,Daycare
Sunshine Children's Centre - Campus Ii,49.218866,-122.606731,173.0,"11916 222 St, Maple Ridge, BC",Maple Ridge,Daycare
Sunshine Children's Centre - Trail,49.099322,-117.698524,224.0,"1583 Fifth Ave, Trail, BC",Trail,Daycare
Sunshine Coast Alternative School,49.4067728,-123.5143414,,"805 Gibsons Way, Gibsons, BC",Gibsons,Elementary-Secondary Public School
Sunshine Corner Daycare,49.255036,-123.100382,208.0,"215 18Th Ave E, Vancouver, BC",Vancouver,Daycare
Sunshine Cove Preschool Inc.,49.308761,-123.006513,143.0,"100-2420 Dollarton Hwy, North Vancouver, BC",North Vancouver,Daycare
Sunshine Cove Preschool Inc.,49.308761,-123.006513,172.0,"100-2420 Dollarton Hwy, North Vancouver, BC",North Vancouver,Daycare
Sunshine Day Care,49.219834,-122.923545,235.0,"326 Blackman St, New Westminster, BC",New Westminster,Daycare
Sunshine Day Care,49.847473,-124.515716,183.0,"7117 Alberni St, Powell River, BC",Powell River,Daycare
Sunshine Early Childhood Centre,48.43502,-123.490002,151.0,"2225 Sooke Rd, Victoria, BC",Victoria,Daycare
Sunshine Family Care,49.172987,-122.794888,170.0,"15445 93A Ave, Surrey, BC",Surrey,Daycare
Sunshine Family Child Care,48.787629,-123.714661,200.0,"1074 Nagle St, Duncan, BC",Duncan,Daycare
Sunshine Hills Elementary,49.1247316,-122.9108635,560.0,"11285 Bond Blvd, Delta, BC",Delta,Elementary Public School
Sunshine Hills Elementary Before & After School Care,49.124732,-122.910864,195.0,"11285 Bond Blvd, Delta, BC",Delta,Daycare
Sunshine Hills Family Daycare,49.125336,-122.895262,102.0,"6733 Nicholson Rd, Delta, BC",Delta,Daycare
Sunshine Hills Parent Participation,49.125814,-122.913146,223.0,"6750 Carncross Cres, Delta, BC",Delta,Daycare
Sunshine House Family Childcare,48.806099,-123.625,265.0,"1211 Kathleen Dr, Duncan, BC",Duncan,Daycare
Sunshine Kids Childcare,49.15875,-122.91199,186.0,"8552 112 St, Delta, BC",Delta,Daycare
Sunshine Learning Centre,53.960229,-122.816791,249.0,"5100 N Nechako Rd, Prince George, BC",Prince George,Daycare
Sunshine Love Daycare,49.699688,-123.158305,295.0,"37984 5 Ave, Squamish, BC",Squamish,Daycare
Sunshine Playschool,50.002051,-125.247556,175.0,"260 South Dogwod St, Campbell River, BC",Campbell River,Daycare
Sunshine Preschool,49.319615,-123.046188,194.0,"980 13Th St E, North Vancouver, BC",North Vancouver,Daycare
Sunview Early Learning Centre,49.879991,-119.562425,281.0,"2058 Sunview Dr, West Kelowna, BC",West Kelowna,Daycare
Super 8 Childcare Centre,49.052907,-122.473562,158.0,"27096 28 Ave, Aldergrove, BC",Aldergrove,Daycare
Super Dooper Childcare Centre,49.302443,-122.771225,229.0,"3328 Turner Ave, Coquitlam, BC",Coquitlam,Daycare
Super Genius Daycare,48.436427,-123.394314,180.0,"780 Dominion Rd, Victoria, BC",Victoria,Daycare
Super Genius Daycare Fernwood,48.427955,-123.343144,213.0,"1340 Balmoral Rd, Victoria, BC",Victoria,Daycare
Super Kids Daycare,49.212327,-122.834465,147.0,"13996 115A Ave, Surrey, BC",Surrey,Daycare
Super Spuds Family Child Care,50.336553,-122.814661,302.0,"7585 Taylor Rd, Pemberton, BC",Pemberton,Daycare
Superior Family Child Care,49.261597,-123.063749,248.0,"2003 10 Ave E, Vancouver, BC",Vancouver,Daycare
Superlearners Childcareland,49.205581,-122.832778,282.0,"14042 Grosvenor Rd, Surrey, BC",Surrey,Daycare
Supernova Montessori Childcare,49.22081,-122.939401,118.0,"7626 16Th Ave, Burnaby, BC",Burnaby,Daycare
Supreme Family Daycare,49.26012,-122.86984,199.0,"701 Hailey St, Coquitlam, BC",Coquitlam,Daycare
Surge Narrows Elementary,50.2331565,-125.1181155,45.0,"PO Box 40, Surge Narrows, BC",Surge Narrows,Elementary-Secondary Public School
Surrey Academy of Innovative Learning,49.1702677,-122.8323789,,"14123 92 Ave, Surrey, BC",Surrey,Secondary Public School
Surrey Centre Elementary,49.1096785,-122.7591524,430.0,"16670 Old Mclellan Rd, Surrey, BC",Surrey,Elementary Public School
Surrey Centre ymca Kids Club,49.109679,-122.759152,264.0,"16670 Old mclellan Rd, Surrey, BC",Surrey,Daycare
Surrey Christian School,49.1648806,-122.7729511,,"8888 162 St, Surrey, BC",Surrey,Elementary-Secondary Independent School
Surrey Christian School Early Learning Centre - Fleetwood,49.164251,-122.772943,289.0,"8888 162 St, Surrey, BC",Surrey,Daycare
Surrey City Childcare Ltd.,49.184386,-122.882625,183.0,"12250 100Th Ave, Surrey, BC",Surrey,Daycare
Surrey Muslim School,49.138298,-122.8498486,,"119-7475 135 St, Surrey, BC",Surrey,Elementary Independent School
Surrey Newton Daycare Centre,49.149882,-122.851572,89.0,"8097 134 St, Surrey, BC",Surrey,Daycare
Surrey Traditional,49.2078317,-122.8382571,545.0,"13875 113 Ave, Surrey, BC",Surrey,Elementary Public School
Surrey Traditional ymca Kids Club,49.207832,-122.838257,312.0,"13875 113Th Ave., Surrey, BC",Surrey,Daycare
Sus Yaz Early Learning And After School Center,52.963265,-122.450888,245.0,"950 Mountain Ash Rd, Quesnel, BC",Quesnel,Daycare
Susie's Daycare,49.508694,-119.625509,101.0,"513 Hyslop Dr, Penticton, BC",Penticton,Daycare
Sutherland Secondary,49.3259623,-123.0526153,1000.0,"1860 Sutherland Ave, North Vancouver, BC",North Vancouver,Secondary Public School
Suwa'lkh School,49.2396589,-122.8532414,,"1432 Brunette Ave, Coquitlam, BC",Coquitlam,Secondary Public School
Suwilaawks Community School,54.5222082,-128.5899977,325.0,"3430 Sparks St, Terrace, BC",Terrace,Elementary Public School
Suwilaawks Community School Seamless Day Kindergarten,54.522208,-128.589998,163.0,"3430 Sparks St, Terrace, BC",Terrace,Daycare
Swamp,49.262634,-123.235138,238.0,"101-2730 Acadia Rd, Vancouver, BC",Vancouver,Daycare
Swamp Willow Preschool,49.269397,-123.13402,186.0,"1318 Cartwright St, Vancouver, BC",Vancouver,Daycare
Swan Childcare,49.242433,-123.027433,246.0,"3604 Tanner St, Vancouver, BC",Vancouver,Daycare
Swan Montessori,49.116405,-122.817527,198.0,"6252 146 St, Surrey, BC",Surrey,Daycare
Swashbucklers Child Care,49.685053,-124.911072,193.0,"665 Crestview Dr, Comox, BC",Comox,Daycare
Sweet Angels Family Child Care,49.235662,-123.078728,95.0,"5391 Culloden St, Vancouver, BC",Vancouver,Daycare
Sweet Bambini Montessori Ltd,49.202298,-122.790963,239.0,"15566 110 Ave, Surrey, BC",Surrey,Daycare
Sweet Beginnings Childcare Center,49.326451,-117.66458,206.0,"1102 3Rd St, Castlegar, BC",Castlegar,Daycare
Sweet Feet Child Care,49.746005,-114.90077,147.0,"1209 Sycamore Rd, Sparwood, BC",Sparwood,Daycare
Sweet House,49.348111,-123.099624,157.0,"4122 Virginia Cres, North Vancouver, BC",North Vancouver,Daycare
Sweet Kids Family Daycare,48.446855,-123.366542,214.0,"3142 Alder St, Victoria, BC",Victoria,Daycare
Sweet Pea Dayhome,49.51125,-115.788902,157.0,"39-700 Patterson St W, Cranbrook, BC",Cranbrook,Daycare
Sweet Pea Family Child Care,49.316167,-124.327372,231.0,"262 mckinnon St, Parksville, BC",Parksville,Daycare
Sweet Pea's Daycare,49.064392,-122.267694,170.0,"3441 Eton Cres, Abbotsford, BC",Abbotsford,Daycare
Sweet Pea's Daycare,49.253986,-122.882175,207.0,"699 Accacia Ave, Coquitlam, BC",Coquitlam,Daycare
Sweet Peas Cottage,49.309888,-123.073262,199.0,"256 1St St E, North Vancouver, BC",North Vancouver,Daycare
Sweet Peas Cottage,49.309888,-123.073262,208.0,"256 1St St E, North Vancouver, BC",North Vancouver,Daycare
Sweet Peas Cottage Creekside,49.309596,-123.039729,267.0,"250  400 Brooksbank Ave, North Vancouver, BC",North Vancouver,Daycare
Sweet Peas Cottage Creekside,49.309596,-123.039729,272.0,"250 400 Brooksbank Ave, North Vancouver, BC",North Vancouver,Daycare
Sweet Peas Daycare,49.28984,-122.765806,214.0,"1889 Bluff Way, Coquitlam, BC",Coquitlam,Daycare
Sweet Peas Daycare,49.457681,-115.054541,308.0,"4707 Cokato Rd, Fernie, BC",Fernie,Daycare
Sweet Peas Infant & Toddler Centre,49.220032,-124.019561,240.0,"4213 Early Dr, Nanaimo, BC",Nanaimo,Daycare
Sweet Pumpkins Day Care Inc,53.874498,-122.797412,186.0,"2501 Chancellor Blvd, Prince George, BC",Prince George,Daycare
Sweet Smile Montessori Childcare,49.206838,-122.545002,275.0,"24453 112A Ave, Maple Ridge, BC",Maple Ridge,Daycare
Sweetpea Daycare,49.484605,-119.553105,251.0,"146 Cleland Dr, Penticton, BC",Penticton,Daycare
Sweetpeas Child Care,50.026248,-125.247751,323.0,"581A 11Th Ave, Campbell River, BC",Campbell River,Daycare
Swetexel Preschool & Daycare,49.3778,-121.43915,300.0,"949 3Rd Ave Hope, Hope, BC",Hope,Daycare
Switzmalph Child Care Centre,50.698948,-119.337808,110.0,"4501 1St Ave Sw, Salmon Arm, BC",Salmon Arm,Daycare
Sycamore Child Care Centre,50.773072,-120.343497,180.0,"824 Sicamore Dr, Kamloops, BC",Kamloops,Daycare
Symmetry Early Learning Center,49.047579,-122.26822,86.0,"109-2526 Yale Crt, Abbotsford, BC",Abbotsford,Daycare
Syu?én'ct Elementary School,49.1934169,-124.006599,315.0,"2280 Sun Valley Dr, Nanaimo, BC",Nanaimo,Elementary Public School
T E Scott Elementary,49.1315107,-122.8124517,475.0,"7079 148 St, Surrey, BC",Surrey,Elementary Public School
T M Roberts Elementary,49.5024852,-115.7784321,410.0,"10 Wattsville Rd, Cranbrook, BC",Cranbrook,Elementary Public School
T'it'q'et Daycare,50.681137,-121.942934,155.0,"44 Retasket Dr, Lillooet, BC",Lillooet,Daycare
T'it'q'et Preschool,50.681161,-121.942973,219.0,"42 Retasket Dr, Lillooet, BC",Lillooet,Daycare
T'lisa?lagi'lakw School,50.5963463,-126.93549,,"128 Boundary Road, Alert Bay, BC",Alert Bay,Elementary Independent School
T.J.'S Daycare,50.70198,-120.3585,215.0,"646 Duncan Ave, Kamloops, BC",Kamloops,Daycare
T.L.C. For Kids,49.876864,-119.572731,214.0,"2081 mcdougal Rd, Kelowna, BC",Kelowna,Daycare
T.O.O.S.C.S. Preschool,49.250131,-123.164268,216.0,"4020 Trafalgar St, Vancouver, BC",Vancouver,Daycare
Tabby Kats Family Child Care,49.237568,-123.04481,248.0,"5181 Killarney St, Vancouver, BC",Vancouver,Daycare
Tadpole Academy Child Care Center,49.179634,-121.950232,244.0,"9766 Oak St, Chilliwack, BC",Chilliwack,Daycare
Tadpole Ranch Daycare,53.931266,-122.779937,159.0,"2-556 North Nechako Rd, Prince George, BC",Prince George,Daycare
Tahltan School,58.437614,-129.992446,0.0,"PO Box 12, Telegraph Creek, BC",Telegraph Creek,Elementary-Secondary Public School
Take A Hike Secondary Program,49.2508892,-122.9878447,,"5310 Woodsworth St, Burnaby, BC",Burnaby,Elementary Public School
Taking Shape Preschool,49.344693,-123.251104,137.0,"4685 Keith Rd, West Vancouver, BC",West Vancouver,Daycare
Taking Shape Preschool,49.344693,-123.251104,290.0,"4685 Keith Rd, West Vancouver, BC",West Vancouver,Daycare
Tamanawis Secondary,49.1227196,-122.8724232,1125.0,"12600 66 Ave, Surrey, BC",Surrey,Secondary Public School
Tamim Academy of Vancouver,49.2154336,-123.1413965,,"1535 62nd Ave W, Vancouver, BC",Vancouver,Elementary Jr. Secondary Independent School
Tammy's Childcare,49.011617,-119.490576,171.0,"3808 Fairwinds Dr, Osoyoos, BC",Osoyoos,Daycare
Taniere Des Lynx,49.276541,-122.759527,127.0,"1618 Patricia Ave, Port Coquitlam, BC",Port Coquitlam,Daycare
Tansor Elementary,48.7950055,-123.7532062,315.0,"3594 Auchinachie Rd, North Cowichan, BC",North Cowichan,Elementary Public School
Tapestry Christian Early Learning,49.145795,-123.157725,165.0,"9280 No. 2 Rd, Richmond, BC",Richmond,Daycare
Tara Brown's Family Daycare,48.906188,-123.5294,364.0,"200 Maliview Dr, Salt Spring Island, BC",Salt Spring Island,Daycare
Taryn's Ohana Academy Ltd.,48.416341,-123.312135,221.0,"2325 Central Ave, Victoria, BC",Victoria,Daycare
Tatla Lake Elem-Jr Secondary,51.8964278,-124.6193725,100.0,"PO Box 56, Tatla Lake, BC",Tatla Lake,Elementary-Secondary Public School
Taylin Child Care - Fort Langley,49.168856,-122.577243,178.0,"9160 Church St, Langley, BC",Langley,Daycare
Taylin Child Care Delair Rd,49.034571,-122.247841,186.0,"35270 Delair Rd, Abbotsford, BC",Abbotsford,Daycare
Taylin Child Care Douglas,49.003645,-122.739968,281.0,"17419 0B Ave, Surrey, BC",Surrey,Daycare
Taylin Child Care South Surrey,49.04441,-122.81198,197.0,"2350 148Th St, Surrey, BC",Surrey,Daycare
Taylin Child Care Summerfield,49.00428,-122.741563,193.0,"17371 1St Ave, Surrey, BC",Surrey,Daycare
Taylin Childcare - North Surrey,49.191491,-122.851593,82.0,"13388 104Th Ave, Surrey, BC",Surrey,Daycare
Taylor Elementary,56.1673734,-120.691232,170.0,"PO Box 210, Taylor, BC",Taylor,Elementary Public School
Taylor Elementary School Little Tigers,56.167373,-120.691232,222.0,"9808 Birch Ave E, Taylor, BC",Taylor,Daycare
Taylor Park Children's Centre (30 Months To School Age),49.209001,-122.959254,249.0,"7500 Hanna Crt, Burnaby, BC",Burnaby,Daycare
Taylor Park Elementary,49.20753,-122.9595755,705.0,"7590 Mission Ave, Burnaby, BC",Burnaby,Elementary Public School
Taylor Way Childcare Centre Ltd.,49.330606,-123.134509,266.0,"694 Keith Rd, West Vancouver, BC",West Vancouver,Daycare
Teachable Moments Daycare,49.228755,-124.041585,269.0,"6234 Spartan Rd, Nanaimo, BC",Nanaimo,Daycare
Teacher Tracy's Cache Creek Preschool,50.816907,-121.33006,233.0,"1260 Cariboo Highway, Cache Creek, BC",Cache Creek,Daycare
Tecumseh Annex,49.2372291,-123.0734359,120.0,"1551 37th Ave E, Vancouver, BC",Vancouver,Elementary Public School
Tecumseh Elementary,49.2315461,-123.0678359,515.0,"1850 41st Ave E, Vancouver, BC",Vancouver,Elementary Public School
Teddy Bear Academy,49.315516,-122.958762,223.0,"4065 Mt Seymour Pky, North Vancouver, BC",North Vancouver,Daycare
Teddy Bear Day Care,49.09449,-116.515859,225.0,"806 Cook St, Creston, BC",Creston,Daycare
Teddy Bear Day Care,49.44288,-123.72482,205.0,"5123 Davis Bay Rd, Sechelt, BC",Sechelt,Daycare
Teddy Bear Daycare,50.117763,-122.954249,135.0,"4335 Blackcomb Way, Whistler, BC",Whistler,Daycare
Teddy Bear Family Child Care,49.258627,-122.841871,145.0,"1883 Walnut Cres, Coquitlam, BC",Coquitlam,Daycare
Teddy Bear Junction,54.032146,-122.828646,191.0,"5963 Ferguson Lake Rd, Prince George, BC",Prince George,Daycare
Teddy Bear Picnic Learning Centre,48.764494,-123.704149,213.0,"2984 Phillips Rd, Duncan, BC",Duncan,Daycare
Teddy Bear Preschool,53.841907,-122.632331,137.0,"6355 Bendixon Rd, Prince George, BC",Prince George,Daycare
Teddy's Friends Family Day Care,49.517967,-115.767629,124.0,"408 4Th St Nw, Cranbrook, BC",Cranbrook,Daycare
Tee Pee Tots Daycare,49.187191,-119.736068,167.0,"1930 Fairview Rd, Cawston, BC",Cawston,Daycare
Teeter Tots Early Learning Centre,53.860541,-122.76746,204.0,"7201 Domano Blvd, Prince George, BC",Prince George,Daycare
Telkwa Elementary,54.6968946,-127.0469766,195.0,"PO Box 68, Telkwa, BC",Telkwa,Elementary Public School
Tempe Tots Daycare,49.334674,-123.053207,146.0,"2870 Munday Pl, North Vancouver, BC",North Vancouver,Daycare
Templeton Secondary,49.2783076,-123.0606328,1400.0,"727 Templeton Dr, Vancouver, BC",Vancouver,Secondary Public School
Ten Broeck Elementary,49.0499546,-122.3453884,440.0,"2580 Stanley St, Abbotsford, BC",Abbotsford,Elementary Public School
Tena's Family Daycare,54.01475,-122.831391,113.0,"9059 Fox Dr, Prince George, BC",Prince George,Daycare
Tender Blossoms Childcare Ltd,49.218878,-122.618339,228.0,"21756 Donovan Ave, Maple Ridge, BC",Maple Ridge,Daycare
Tender Hearts Child Care,48.45938,-123.34036,181.0,"3615 Doncaster Dr, Victoria, BC",Victoria,Daycare
Tender Love & Care Daycare,49.172373,-122.889275,166.0,"9333B 120A St, Surrey, BC",Surrey,Daycare
Tender Love & Care Daycare #2,49.172018,-122.889648,150.0,"204-9288 120 St, Surrey, BC",Surrey,Daycare
Tender Spirits Childcare,49.114861,-122.863598,128.0,"6168 129A St, Surrey, BC",Surrey,Daycare
Tender Tot's Family Childcare,48.781045,-123.726327,139.0,"3100 Lashman Ave, Duncan, BC",Duncan,Daycare
Tenderfoot,49.158395,-123.944662,165.0,"484 Pine St, Nanaimo, BC",Nanaimo,Daycare
Tennyson ymca Kids Club,49.262349,-123.149372,174.0,"2650 Maple St, Vancouver, BC",Vancouver,Daycare
Tenth Avenue Alliance Wee Care Day Care Centre,49.262335,-123.105867,178.0,"11 10Th Ave W, Vancouver, BC",Vancouver,Daycare
Terra Early Learning,49.176979,-123.07003,157.0,"120-13799 Commerce Pky, Richmond, BC",Richmond,Daycare
Terra Early Learning,49.176979,-123.07003,196.0,"120-13799 Commerce Pky, Richmond, BC",Richmond,Daycare
Terra Nova Nature Preschool,49.174492,-123.195132,190.0,"2680 River Rd, Richmond, BC",Richmond,Daycare
Terrace Sunflower Child Care Centre,54.511064,-128.584148,137.0,"2803 Cramer St, Terrace, BC",Terrace,Daycare
Terry Fox Childcare,49.057099,-122.301025,293.0,"33341 Terry Fox Ave, Abbotsford, BC",Abbotsford,Daycare
Terry Fox Elementary,49.0577513,-122.3019177,440.0,"3071 Babich St, Abbotsford, BC",Abbotsford,Elementary Public School
Terry Fox Secondary,49.2635384,-122.7480048,1400.0,"1260 Riverwood Gate, Port Coquitlam, BC",Port Coquitlam,Elementary Public School
Texada Elementary,49.7600587,-124.5583505,95.0,"PO Box 40, Van Anda, BC",Van Anda,Elementary Public School
Texada Elementary School,49.760759,-124.558112,192.0,"2007 Waterman Ave, Van Anda, BC",Van Anda,Daycare
The Acorn Tree Early Childhood Centre,49.32621,-124.33837,199.0,"345 Pym St, Parksville, BC",Parksville,Daycare
The Alex Early Care And Learning Centre,49.271509,-122.770713,223.0,"100-3235 Flint St, Port Coquitlam, BC",Port Coquitlam,Daycare
The Babies Castle Daycare Ltd.,49.335904,-123.08468,264.0,"570 29Th St W, North Vancouver, BC",North Vancouver,Daycare
The Backyard Daycare,49.056414,-122.346319,124.0,"2983 Palm Cres, Abbotsford, BC",Abbotsford,Daycare
The Balsam School,49.8919062,-119.4921213,,"101-460 Doyle Ave., Kelowna, BC",Kelowna,Elementary Independent School
The Beanstalk Daycare,49.102393,-121.989247,171.0,"5500 Chinook St, Chilliwack, BC",Chilliwack,Daycare
The Beanstalk Daycare,49.102501,-121.988512,206.0,"44699 Riverwood Cres, Chilliwack, BC",Chilliwack,Daycare
The Beanstalk Daycare Ltd.,49.102741,-121.988437,140.0,"9-5545 Peach Rd, Chilliwack, BC",Chilliwack,Daycare
The Beautiful Montessori Daycare,49.270638,-122.790137,250.0,"104-3242 Westwood St, Port Coquitlam, BC",Port Coquitlam,Daycare
The Big Playhouse,49.218676,-123.100586,112.0,"249 E 57Th Ave, Vancouver, BC",Vancouver,Daycare
The Big Playhouse,49.218676,-123.100586,226.0,"249 57Th Ave E, Vancouver, BC",Vancouver,Daycare
The Big Playhouse Academy,49.230493,-123.101866,225.0,"5945 Main St, Vancouver, BC",Vancouver,Daycare
The Big Playhouse Cambie,49.182108,-123.089085,218.0,"12160 Woodhead Rd, Richmond, BC",Richmond,Daycare
The Big Playhouse Nanaimo,49.267306,-123.050916,87.0,"2646 3Rd Ave E, Vancouver, BC",Vancouver,Daycare
The Big Playhouse Ontario,49.214834,-123.106755,256.0,"7721 Ontario St, Vancouver, BC",Vancouver,Daycare
The Biggest Little Learning Center,49.111632,-122.811512,177.0,"14818 60Th Ave Unit 104/105, Surrey, BC",Surrey,Daycare
The Biggest Little Preschool & Childcare Center #2,49.111972,-122.809928,232.0,"14885 60Th Ave, Surrey, BC",Surrey,Daycare
The Biggest Little Preschool & Childcare Centre,49.111959,-122.811405,201.0,"14853 60 Ave, Surrey, BC",Surrey,Daycare
The Briar Patch Child Care Centre,49.130397,-121.95984,153.0,"7012 Vedder Rd, Chilliwack, BC",Chilliwack,Daycare
The Child Centre,53.254164,-132.079701,236.0,"B-136 Bay St, Daajing Giids, BC",Daajing Giids,Daycare
The Children's Centre At Duncan Elementary,48.786331,-123.716402,148.0,"1033 Nagle St, Duncan, BC",Duncan,Daycare
The Children's Centre At Gateway,49.199716,-122.85249,225.0,"10840 133A St, Surrey, BC",Surrey,Daycare
The Children's Grove School Age Care,48.93973,-125.544269,136.0,"1450 Peninsula Rd, Ucluelet, BC",Ucluelet,Daycare
The Childrens House (3-5 Years),49.224757,-123.198521,289.0,"6735 Salish Dr, Vancouver, BC",Vancouver,Daycare
The Childrens House (Under 36 Months),49.224757,-123.198521,288.0,"6735 Salish Dr, Vancouver, BC",Vancouver,Daycare
The Clubhouse At Bellevue Creek,49.817129,-119.479296,187.0,"4574 Raymer Rd, Kelowna, BC",Kelowna,Daycare
The Clubhouse At Casorso,49.853117,-119.480547,283.0,"3675 Casorso Rd, Kelowna, BC",Kelowna,Daycare
The Clubhouse At Cottonwoods,49.874498,-119.481557,244.0,"2255 Ethel St, Kelowna, BC",Kelowna,Daycare
The Clubhouse At Ellison - Esquire,49.937199,-119.353247,125.0,"3601 Esquire Rd, Kelowna, BC",Kelowna,Daycare
The Clubhouse At Ellison - Parkdale,49.938532,-119.354043,125.0,"3735 Parkdale Rd, Kelowna, BC",Kelowna,Daycare
The Clubhouse At Raymer,49.865183,-119.489033,121.0,"657 Raymer Ave, Kelowna, BC",Kelowna,Daycare
The Clubhouse At Sutherland,49.879427,-119.484791,262.0,"839 Sutherland Ave, Kelowna, BC",Kelowna,Daycare
The Collective Tennyson Childcare Centre,49.262349,-123.149372,103.0,"2650 Maple St, Vancouver, BC",Vancouver,Daycare
The Collective Tennyson Childcare Centre,49.262349,-123.149372,297.0,"2650 Maple St, Vancouver, BC",Vancouver,Daycare
The Collective Tennyson Childcare Centre (0-3 Gdc),49.262349,-123.149372,253.0,"2650 Maple St, Vancouver, BC",Vancouver,Daycare
The Cozy Cottage Family Daycare,49.627032,-124.99038,262.0,"3272 Royston Rd, Courtenay, BC",Courtenay,Daycare
The Creative Zone,53.855962,-122.775058,266.0,"7937 St John Cres, Prince George, BC",Prince George,Daycare
The Curious Moon In Home Multi-Age Child Care,49.148262,-122.636045,201.0,"8026 211B St, Langley, BC",Langley,Daycare
The Dogwood Pre-K Academy,48.358759,-123.728722,134.0,"1574 Dufour Rd, Sooke, BC",Sooke,Daycare
The Enchanted Woodland Childcare Centre,49.184815,-123.968838,166.0,"1243 Nelson St, Nanaimo, BC",Nanaimo,Daycare
The Farm Playschool,48.373867,-123.730572,216.0,"1980 Caldwell Rd, Sooke, BC",Sooke,Daycare
The Farmhouse Family Childcare,49.831169,-119.435154,117.0,"2500 Saucier Rd, Kelowna, BC",Kelowna,Daycare
The Fernie Academy,49.5026647,-115.062041,,"PO Box 2677, Fernie, BC",Fernie,Elementary-Secondary Independent School
The Four Winds Daycare,49.078134,-117.795432,181.0,"2294 First Ave, Rossland, BC",Rossland,Daycare
The Friendly Port Childcare Centre,49.589495,-124.888559,193.0,"5401 Island Highway South, Union Bay, BC",Union Bay,Daycare
The Friendship Garden Family Day Care,53.898049,-122.800309,312.0,"4150 Morgan Cres, Prince George, BC",Prince George,Daycare
The Gathering Place Early Years Center Ltd.,49.884659,-119.403675,250.0,"875 Hollydell Rd, Kelowna, BC",Kelowna,Daycare
The Giving Tree Child Care Center,49.057921,-122.796925,81.0,"311-15336 31 Ave, Surrey, BC",Surrey,Daycare
The Good Shepherd Daycare,49.292291,-122.801427,200.0,"1320 Johnson St, Coquitlam, BC",Coquitlam,Daycare
The Grove,49.341281,-123.03737,176.0,"3592 Mountain Hwy, North Vancouver, BC",North Vancouver,Daycare
The Grove,49.341281,-123.03737,296.0,"3592 Mountain Highway, Vancouver, BC",Vancouver,Daycare
The Grove Out Of School Childcare Program,49.264737,-122.925824,187.0,"8525 Forest Grove Dr, Burnaby, BC",Burnaby,Daycare
The Growing Tree Early Learning Centre,50.754363,-120.347724,113.0,"2826 Bank Rd, Kamloops, BC",Kamloops,Daycare
The Guiding Forest,54.769645,-127.142381,253.0,"3155 Tatlow Rd, Smithers, BC",Smithers,Daycare
The Heights ymca Kids Club,49.318655,-123.000812,179.0,"2640 Carnation St, North Vancouver, BC",North Vancouver,Daycare
The Hope Centre,49.175974,-123.833042,118.0,"790 North Rd, Gabriola, BC",Gabriola,Daycare
The House Of Littles,48.450987,-123.492961,177.0,"648 Windman Crt, Victoria, BC",Victoria,Daycare
The Hundred Acre Wood Early Learning Centre,53.948082,-122.797375,221.0,"2578 North Nechako Rd, Prince George, BC",Prince George,Daycare
The Key Learning Centre DL,56.2450943,-120.8565298,,"10511 99 Ave, Fort St John, BC",Fort St John,Elementary-Secondary Public School
The Kids Castle Daycare Ltd.,49.3363,-123.087648,141.0,"685 Queens Rd W, North Vancouver, BC",North Vancouver,Daycare
The Kids Castle Daycare Ltd.,49.3363,-123.087648,197.0,"685 Queens Rd W, North Vancouver, BC",North Vancouver,Daycare
The Kinder Garden Learning Centre,49.298906,-122.75548,268.0,"1406 Duchess St, Coquitlam, BC",Coquitlam,Daycare
The King's Early Learning Centre,49.144772,-122.617286,270.0,"21783 76B Ave, Langley, BC",Langley,Daycare
The King's School,49.1447722,-122.6172858,,"PO Box 28 Stn Milner, Langley, BC",Langley,Elementary-Secondary Independent School
The Learning Cove,49.598524,-119.652928,276.0,"5505 Butler St, Summerland, BC",Summerland,Daycare
The Learning Experience Children's Centre Ltd.,49.282292,-122.760513,206.0,"3862 Wellington St, Port Coquitlam, BC",Port Coquitlam,Daycare
The Learning Journey Child Care Centre,48.411213,-123.538363,84.0,"3650 Happy Valley Rd, Victoria, BC",Victoria,Daycare
The Learning Ladder Children's Centre,49.218383,-122.654427,225.0,"5-20468 Lougheed Hwy, Maple Ridge, BC",Maple Ridge,Daycare
The Learning Seed Childcare,49.228517,-123.965698,166.0,"3986 Gulfview Dr, Nanaimo, BC",Nanaimo,Daycare
The Learning Tree Daycare,49.114154,-122.827337,175.0,"14250 61A Ave, Surrey, BC",Surrey,Daycare
The Lil' Cottage Educational Daycare,49.878959,-119.469003,156.0,"1398 Mcinnes Ave, Kelowna, BC",Kelowna,Daycare
The Link,48.4437152,-123.3755299,,"3130 Jutland Rd, Victoria, BC",Victoria,Secondary Public School
The Little Bridge Early Years Centre,49.110178,-122.817591,254.0,"5912 146 St, Surrey, BC",Surrey,Daycare
The Little Red School House,48.76962,-123.404676,160.0,"1365 Beaver Point Rd, Salt Spring Island, BC",Salt Spring Island,Daycare
The Lollipop Guild Learning Center,49.836239,-124.523444,314.0,"6932 Crofton St, Powell River, BC",Powell River,Daycare
The Maria Montessori School,49.158972,-122.790394,295.0,"8597 156 St, Surrey, BC",Surrey,Daycare
The Montessori Children's Community,49.240446,-123.119912,166.0,"4950 Heather St, Vancouver, BC",Vancouver,Daycare
The Nest Early Learning Centre,50.672445,-120.320294,166.0,"838 Nicola St, Kamloops, BC",Kamloops,Daycare
The Northern Cubs,54.447686,-124.256213,194.0,"720 4Th Ave, Fort St. James, BC",Fort St. James,Daycare
The Open Door,49.045177,-122.259054,265.0,"2390 mcmillan Rd, Abbotsford, BC",Abbotsford,Daycare
The Otta Daycare,49.22746,-123.13533,193.0,"1308 W 48Th Ave, Vancouver, BC",Vancouver,Daycare
The Otta Daycare,49.341456,-123.149071,146.0,"1255 Ottaburn Rd, West Vancouver, BC",West Vancouver,Daycare
The Owls Nest,50.97618,-118.181644,255.0,"1518 Nichol Rd, Revelstoke, BC",Revelstoke,Daycare
The Panther Pen After School Care,49.101649,-121.945339,169.0,"46200 Stoneview Dr, Chilliwack, BC",Chilliwack,Daycare
The Patch Kids Place Inc.,49.09979,-122.535445,166.0,"5370 248 St, Aldergrove, BC",Aldergrove,Daycare
The Pigeon Nest,52.138521,-122.141754,174.0,"632 Johnson St, Williams Lake, BC",Williams Lake,Daycare
The Place To Grow,49.188696,-122.55,183.0,"24272 102B Ave, Maple Ridge, BC",Maple Ridge,Daycare
The Playhouse,50.538199,-116.062081,197.0,"9244 Water St, Invermere, BC",Invermere,Daycare
The Pottle Patch,54.316488,-130.292674,265.0,"118 Bill Rd, Prince Rupert, BC",Prince Rupert,Daycare
The Preschool Next Door,49.219689,-122.592854,248.0,"201-22712 Dewdney Trunk Rd, Maple Ridge, BC",Maple Ridge,Daycare
The Purple Toad Daycare,49.90383,-119.455908,158.0,"1809 Ivans Ave, Kelowna, BC",Kelowna,Daycare
The Rainbow Connection Children's Centre At Pebble Hill,49.007176,-123.076549,174.0,"246 52A St, Delta, BC",Delta,Daycare
The Revelstoke After School Society - Columbia Park,51.018567,-118.213524,130.0,"1806 Colbeck Rd, Revelstoke, BC",Revelstoke,Daycare
The Revelstoke After School Society - United Church,50.997712,-118.196594,204.0,"314 Mackenzie Ave, Revelstoke, BC",Revelstoke,Daycare
The Rock Daycare,54.529171,-128.520601,255.0,"3883 Kirkaldy St, Thornhill, BC",Thornhill,Daycare
The Storyhouse,49.483643,-117.284453,225.0,"B-601 Richards St, Nelson, BC",Nelson,Daycare
The Sunshine Hills Multi-Age Child Care,49.119478,-122.920252,187.0,"6417 Lyon Rd, Delta, BC",Delta,Daycare
The Thinking Garden Nanoose,49.272674,-124.185541,155.0,"2600 Powder Point Rd, Nanoose Bay, BC",Nanoose Bay,Daycare
The Thinking Garden Qualicum,49.350901,-124.444862,164.0,"138 Hoylake Rd W, Qualicum Beach, BC",Qualicum Beach,Daycare
The Tot Spot,49.242592,-124.038259,171.0,"130 Newdale Pl, Nanaimo, BC",Nanaimo,Daycare
The Treasure Box Family Daycare,49.484075,-119.572958,240.0,"857 Maccleave Ave, Penticton, BC",Penticton,Daycare
The Victoria School For Ideal Education,48.440378,-123.339355,84.0,"2820 Belmont Ave, Victoria, BC",Victoria,Daycare
The Whole Child Early Learning Centre,52.964993,-122.446905,206.0,"2192 Maple Dr, Quesnel, BC",Quesnel,Daycare
The Wonder Path,49.0518,-122.793844,219.0,"15470 27A Ave, Surrey, BC",Surrey,Daycare
The Yellow Door Daycare,49.090971,-123.05547,251.0,"6053 48A Ave, Delta, BC",Delta,Daycare
Thetis Island Elementary,49.0006093,-123.6885849,50.0,"3172 Garner St, Chemainus, BC",Chemainus,Elementary Public School
Thimbleberry Children's Centre,53.925427,-122.792048,187.0,"109 Riley Dr, Prince George, BC",Prince George,Daycare
Thomas Haney Secondary,49.2130238,-122.5849269,1200.0,"23000 116 Ave, Maple Ridge, BC",Maple Ridge,Secondary Public School
Thomas Kidd Elementary,49.1356113,-123.1044065,290.0,"10851 Shell Rd, Richmond, BC",Richmond,Elementary Public School
Thornhill Elementary,54.5121724,-128.5401903,300.0,"2906 Clark St, Terrace, BC",Terrace,Elementary Public School
Thornhill Primary,54.5111094,-128.5382809,265.0,"3860 Paquette Ave, Terrace, BC",Terrace,Elementary Public School
Thornhill Primary Just B4 Preschool,54.511109,-128.538281,109.0,"3860 Paquette Ave, Terrace, BC",Terrace,Daycare
Three Bears Centre,49.253877,-122.895005,175.0,"9887 Cameron St, Burnaby, BC",Burnaby,Daycare
Three Cats Home Daycare,49.268686,-122.801458,48.0,"965 Crystal Crt, Coquitlam, BC",Coquitlam,Daycare
Three Tree Early Learning Center,49.621107,-125.012591,302.0,"2954 Royston Rd, Cumberland, BC",Cumberland,Daycare
Thrive Childcare Inc.,49.179722,-121.925809,269.0,"9800 mcnaught Rd, Chilliwack, BC",Chilliwack,Daycare
Thrive Kids Club Vcs,49.254712,-123.028571,185.0,"3496 Mons Dr, Vancouver, BC",Vancouver,Daycare
Thrive Out Of School Care - Enderby,50.550881,-119.140737,182.0,"706 Mill Ave, Enderby, BC",Enderby,Daycare
Thrive Out Of School Care - Glenmore,49.891415,-119.476317,159.0,"1305 Gordon Dr, Kelowna, BC",Kelowna,Daycare
Thrive Out Of School Care - Morning Star,49.832381,-119.662874,112.0,"3031 Mciver Rd, West Kelowna, BC",West Kelowna,Daycare
Thrive Out Of School Care - Mountainview,49.921522,-119.441833,227.0,"271 Snowsell St, Kelowna, BC",Kelowna,Daycare
Thunderbird ymca Kids Club,49.258948,-123.247352,262.0,"6308 Thunderbird Blvd, Vancouver, BC",Vancouver,Daycare
Thunderbird šx??x?a??s Elementary,49.2635395,-123.0310707,370.0,"2325 Cassiar St, Vancouver, BC",Vancouver,Elementary Public School
Tic Tac Toe Daycare,49.162743,-122.909819,89.0,"11277 87A Ave, Delta, BC",Delta,Daycare
Tickle Me Pink Family Child Care,49.242323,-122.771453,169.0,"1988 Campbell Ave, Port Coquitlam, BC",Port Coquitlam,Daycare
Tiddlycove Montessori School,49.33946,-123.254188,317.0,"4773 Picadilly South, West Vancouver, BC",West Vancouver,Daycare
Tiger Ma - Baby Fox,49.229834,-124.034291,278.0,"6177 Parkwood Dr, Nanaimo, BC",Nanaimo,Daycare
Tiger Stripes Learning Center,49.04746,-122.403968,186.0,"2451 Ross Rd, Abbotsford, BC",Abbotsford,Daycare
Tigger's Playschool,48.432336,-123.349888,159.0,"1161 Princess Ave, Victoria, BC",Victoria,Daycare
Tigger's Too Playschool,48.588266,-123.421283,211.0,"7577 Wallace Dr, Saanichton, BC",Saanichton,Daycare
Tiggy Winkle Corner Preschool,49.262055,-123.160106,192.0,"2690 Larch St, Vancouver, BC",Vancouver,Daycare
Tillicum Childcare Centre,48.452302,-123.392387,159.0,"3155 Albina St, Victoria, BC",Victoria,Daycare
Tillicum Community Annex,49.2861912,-123.0550886,170.0,"2450 Cambridge St, Vancouver, BC",Vancouver,Elementary Public School
Tillicum Community School,48.4523002,-123.3930622,365.0,"3155 Albina St, Victoria, BC",Victoria,Elementary Public School
Tillicum Out Of School Care,48.454528,-123.399548,202.0,"3100 Tillicum Rd, Victoria, BC",Victoria,Daycare
Timber Tots Dayhome,49.979782,-125.23714,193.0,"1631 Juniper Dr, Campbell River, BC",Campbell River,Daycare
Timberline Secondary School,49.9778585,-125.2450493,900.0,"1681 South Dogwood St, Campbell River, BC",Campbell River,Elementary Public School
Timbershine Family Child Care,49.969024,-125.241697,124.0,"966 Timberline Dr, Campbell River, BC",Campbell River,Daycare
Time To Grow Learning Centre,48.442269,-123.324212,266.0,"1912 Neil St, Victoria, BC",Victoria,Daycare
Timothy Christian School,49.1906992,-121.8302488,,"50420 Castleman Rd, Chilliwack, BC",Chilliwack,Elementary-Secondary Independent School
Tina's Tiny Tots Daycare,49.091899,-123.052075,178.0,"6147 49 Ave, Delta, BC",Delta,Daycare
Tinker Tots Daycare,53.926326,-122.810538,79.0,"230 Anderson St, Prince George, BC",Prince George,Daycare
Tinkerbell Family Child Care,49.186657,-123.115228,195.0,"3831 Kilby Crt, Richmond, BC",Richmond,Daycare
Tiny Adventures Daycare Center,50.275821,-119.264491,205.0,"4310 25 St, Vernon, BC",Vernon,Daycare
Tiny Bubbles,48.459346,-123.48685,223.0,"2576 Jeanine Dr, Victoria, BC",Victoria,Daycare
Tiny Forest Childcare,49.272697,-122.765875,199.0,"1851 Salisbury Ave, Port Coquitlam, BC",Port Coquitlam,Daycare
Tiny Friends Family Child Care,49.177177,-124.051106,262.0,"3171 Meadow Dr, Nanaimo, BC",Nanaimo,Daycare
Tiny Hoppers Early Learning Centre,49.177332,-123.138252,132.0,"160-7951 Alderbridge Way, Richmond, BC",Richmond,Daycare
Tiny Hoppers Early Learning Centre,49.177332,-123.138252,168.0,"160-7951 Alderbridge Way, Richmond, BC",Richmond,Daycare
Tiny Hoppers Early Learning Langley City Centre,49.104525,-122.652449,203.0,"20570 56 Ave, Langley, BC",Langley,Daycare
Tiny Hoppers Early Learning Queensborough,49.192676,-122.947543,244.0,"F120 - 805 Boyd St, New Westminster, BC",New Westminster,Daycare
Tiny Hoppers Early Learning Willoughby Centre,49.146176,-122.648601,229.0,"A230-20689 Willoughby Town Centre Dr, Langley, BC",Langley,Daycare
Tiny Hoppers Nanaimo,49.237426,-124.054267,214.0,"6660 Mary Ellen Dr, Nanaimo, BC",Nanaimo,Daycare
Tiny Hoppers South Surrey,49.060278,-122.805559,175.0,"15045 32Nd Ave, Surrey, BC",Surrey,Daycare
Tiny Miracles On Broadway,49.23725,-124.022792,176.0,"5933 Broadway Rd, Nanaimo, BC",Nanaimo,Daycare
Tiny Peach Learning Center Inc.,49.787697,-119.733629,189.0,"4637 Ponderosa Dr, Peachland, BC",Peachland,Daycare
Tiny Roots Daycare,49.174849,-122.894066,262.0,"9468 119 St, Delta, BC",Delta,Daycare
Tiny Scholars Inc.,49.040752,-122.337779,274.0,"100-2121 Clearbrook Rd, Abbotsford, BC",Abbotsford,Daycare
Tiny Seeds Childcare Centre,49.138948,-122.67327,88.0,"19817 75 Ave, Langley, BC",Langley,Daycare
Tiny Sprouts Daycare Ltd,49.265413,-122.787105,310.0,"2606 Kingsway Ave, Port Coquitlam, BC",Port Coquitlam,Daycare
Tiny Stars Early Learning,50.805039,-120.312429,234.0,"4960 Pinantan Pl, Kamloops, BC",Kamloops,Daycare
Tiny Steps,54.510978,-128.609607,197.0,"4927 Agar Ave, Terrace, BC",Terrace,Daycare
Tiny Steps Childcare Ltd,49.143062,-122.887528,173.0,"12088 77 Ave, Surrey, BC",Surrey,Daycare
Tiny Timbers Children's Academy Ltd.,49.117595,-122.677508,245.0,"6323 197 St, Langley, BC",Langley,Daycare
Tiny Titans Childcare,50.617807,-116.069958,272.0,"3-7585 Main St W, Radium Hot Springs, BC",Radium Hot Springs,Daycare
Tiny Toddlers Daycare,49.030922,-122.296948,269.0,"33472 King Rd, Abbotsford, BC",Abbotsford,Daycare
Tiny Toes Child Care,48.432487,-123.534976,282.0,"1331 Justine Pl, Langford, BC",Langford,Daycare
Tiny Toes Daycare,49.125679,-122.802795,173.0,"15121 67A Ave, Surrey, BC",Surrey,Daycare
Tiny Toes Learning Centre,49.162665,-122.694,151.0,"19076 88 Ave, Surrey, BC",Surrey,Daycare
Tiny Tots,49.228082,-122.662392,215.0,"12401 Allison St, Maple Ridge, BC",Maple Ridge,Daycare
Tiny Tots Playhouse Family Child Care,49.128634,-123.188851,250.0,"3217 Richmond Street, Richmond, BC",Richmond,Daycare
Tiny Tots Recreation,50.268798,-119.273837,189.0,"3300 37Th Ave, Vernon, BC",Vernon,Daycare
Tiny Town Childcare Centre,49.242183,-122.979509,226.0,"5747 Gilpin St, Burnaby, BC",Burnaby,Daycare
Tiny Treasures,49.881659,-119.412926,127.0,"1 1310 Graham Rd, Kelowna, BC",Kelowna,Daycare
Tiny Treasures,53.91893,-122.772486,169.0,"667 Ewert St, Prince George, BC",Prince George,Daycare
Tiny Treasures Childcare,54.311863,-130.301784,206.0,"210 Heron Rd, Prince Rupert, BC",Prince Rupert,Daycare
Tiny Treasures Family Childcare,48.761697,-123.702138,244.0,"5241 Miller Rd, Duncan, BC",Duncan,Daycare
Tiny Turtles Daycare,49.046015,-122.273476,196.0,"34324 Old Yale Rd, Abbotsford, BC",Abbotsford,Daycare
Tiny Tykes Family Childcare,49.159161,-121.949094,130.0,"46095 Brooks Ave, Chilliwack, BC",Chilliwack,Daycare
Tiny Tykes N Tots,50.697502,-119.284828,208.0,"330 Shuswap St Se, Salmon Arm, BC",Salmon Arm,Daycare
Tiny Wings Children's Centre,49.045931,-122.860593,168.0,"13047 24 Ave, Surrey, BC",Surrey,Daycare
Tiny Wings Montessori,49.045931,-122.860293,268.0,"13067 24Th Ave, Surrey, BC",Surrey,Daycare
Tiny Wings Montessori - Crescent Park,49.046049,-122.856724,205.0,"13195 24Th Ave, Surrey, BC",Surrey,Daycare
Tisdall Corner Family Child Care,49.2324,-123.12293,223.0,"5831 Tisdall St, Vancouver, BC",Vancouver,Daycare
Tish's Tots,49.253746,-122.577657,185.0,"13869 Silver Valley Rd, Maple Ridge, BC",Maple Ridge,Daycare
Tj's Family Daycare,49.664559,-125.003065,220.0,"2731 Arden Rd, Courtenay, BC",Courtenay,Daycare
Tlc Family Day Care,49.617681,-125.02725,156.0,"2738 Allen Ave, Cumberland, BC",Cumberland,Daycare
Tlingit Family Learning Centre,59.567545,-133.703737,145.0,"19 Taku Dr, Atlin, BC",Atlin,Daycare
Tnt Family Child Care,49.905643,-119.384186,143.0,"220 Wallace Rd, Kelowna, BC",Kelowna,Daycare
Toad River Elem-Secondary,58.8486947,-125.2408324,50.0,"PO Box 87, Fort Nelson, BC",Fort Nelson,Elementary-Secondary Public School
Today Classic Early Learning,49.289141,-122.780112,266.0,"3164 Tory Ave, Coquitlam, BC",Coquitlam,Daycare
Toddington Daycare,48.419799,-123.311196,220.0,"963 St. Patrick St, Victoria, BC",Victoria,Daycare
Toddler Kingdom Childcare,49.083709,-122.624295,204.0,"21609 44A Ave, Langely, BC",Langely,Daycare
Toddler Kingdom Childcare 01,49.12524,-122.828622,210.0,"6754 142 St, Surrey, BC",Surrey,Daycare
Toddler Kingdom Childcare 02,49.123072,-122.839167,211.0,"13826 66 Ave, Surrey, BC",Surrey,Daycare
Toddler Town Daycare,49.17739,-122.880059,240.0,"12371 96 Ave, Surrey, BC",Surrey,Daycare
Toddler Town Family Daycare,50.708445,-120.409889,166.0,"2265 Bonnie Pl, Kamloops, BC",Kamloops,Daycare
Toddler Town Learning Centre Inc,49.167816,-121.934276,211.0,"9127 Armitage St, Chilliwack, BC",Chilliwack,Daycare
Toddler World Early Learning Centre,50.647592,-120.353788,225.0,"664 Robson Dr, Kamloops, BC",Kamloops,Daycare
Toma's Montessori Childcare,49.219576,-122.927848,230.0,"7870 6Th St, Burnaby, BC",Burnaby,Daycare
Tomekichi Homma Elementary,49.1225815,-123.1682738,565.0,"5100 Brunswick Dr, Richmond, BC",Richmond,Elementary Public School
Tomorrow's Topkids Bridge Clubhouse,49.136799,-123.13261,124.0,"10400 Leonard Rd, Richmond, BC",Richmond,Daycare
Tomorrow's Topkids Deifenbaker Clubhouse,49.137988,-123.176935,341.0,"4511 Hermitage Dr, Richmond, BC",Richmond,Daycare
Tomorrow's Topkids Errington Clubhouse,49.143255,-123.142484,242.0,"9831 Herbert Ave, Richmond, BC",Richmond,Daycare
Tomorrow's Topkids Grauer Clubhouse,49.15495,-123.174742,70.0,"4440 Blundell Rd, Richmond, BC",Richmond,Daycare
Tomorrow's Topkids Jessie Wowk Clubhouse,49.142976,-123.163983,226.0,"5380 Woodwards Rd, Richmond, BC",Richmond,Daycare
Tomorrow's Topkids Maple Lane Clubhouse,49.138304,-123.141409,150.0,"7671 Alouette Dr, Richmond, BC",Richmond,Daycare
Tomorrow's Topkids Maple Lane Clubhouse,49.138304,-123.141409,214.0,"7671 Alouette Dr, Richmond, BC",Richmond,Daycare
Tomorrow's Topkids Spul'u'kwuks Clubhouse,49.170819,-123.18523,102.0,"5999 Blanshard Dr, Richmond, BC",Richmond,Daycare
Tomorrow's Topkids mccorkindale Clubhouse,49.227743,-123.029379,256.0,"6080 Battison St, Vancouver, BC",Vancouver,Daycare
Tomorrows Topkids Ferris Clubhouse,49.153825,-123.144349,143.0,"7520 Sunnymede Cres, Richmond, BC",Richmond,Daycare
Tomorrows Topkids Westwind Clubhouse,49.130259,-123.164926,237.0,"11371 Kingfisher Dr, Richmond, BC",Richmond,Daycare
Tomorrows Topkids mckinney Clubhouse,49.13658,-123.16529,248.0,"10451 Lassam Rd, Richmond, BC",Richmond,Daycare
Tomsett Elementary,49.1832216,-123.1157579,585.0,"9671 Odlin Rd, Richmond, BC",Richmond,Elementary Public School
Tomsett ymca Kids Club,49.183222,-123.115758,152.0,"9671 Odlin Rd, Richmond, BC",Richmond,Daycare
Ton Of Love Family Daycare,49.116624,-121.972191,294.0,"6305 Lanark St, Chilliwack, BC",Chilliwack,Daycare
Tong Louie ymca Kids Club,49.105563,-122.806533,223.0,"14988 57 Ave, Surrey, BC",Surrey,Daycare
Toon Town,50.991623,-118.189344,176.0,"727 Fourth St E, Revelstoke, BC",Revelstoke,Daycare
Toor's Daycare Center,49.048445,-122.354005,219.0,"31406 Springhill Crt, Abbotsford, BC",Abbotsford,Daycare
Top Drawer Daycares Inc.,49.317129,-123.068926,232.0,"1044 St. Georges Ave, North Vancouver, BC",North Vancouver,Daycare
Top Drawer Daycares Inc.,49.346833,-123.152466,156.0,"1300 Chartwell Dr, West Vancouver, BC",West Vancouver,Daycare
Top Tier Daycare Ltd,49.083729,-122.663293,213.0,"4492 203 St, Langley, BC",Langley,Daycare
Top Tier School Age Care,49.093997,-122.62155,145.0,"21713 50 Ave, Langley, BC",Langley,Daycare
Topham Elementary,49.1683132,-122.6256935,390.0,"21555 91 Ave, Langley, BC",Langley,Elementary Public School
Torquay Elementary,48.4863483,-123.3227957,320.0,"4413 Torquay Dr, Victoria, BC",Victoria,Elementary Public School
Torquay School Kids Klub,48.486356,-123.322755,197.0,"4413 Torquay Dr, Victoria, BC",Victoria,Daycare
Tot Spot Childcare,55.775717,-120.255946,138.0,"1836 88 Ave, Dawson Creek, BC",Dawson Creek,Daycare
Tot's Club Childcare,49.706612,-124.977564,114.0,"248 Stafford Ave, Courtenay, BC",Courtenay,Daycare
Tot's Spot,49.498546,-115.779171,150.0,"121 10Th St S, Cranbrook, BC",Cranbrook,Daycare
Totem Nursery Preschool,56.244729,-120.818001,303.0,"9908 84 St, Fort St. John, BC",Fort St. John,Daycare
Tots & Tikes Family Daycare,56.251759,-120.85225,345.0,"10215 106 Ave, Fort St. John, BC",Fort St. John,Daycare
Tots Of Fun Daycare,49.187846,-122.816653,124.0,"14629 102 Ave, Surrey, BC",Surrey,Daycare
Tots Of Fun School Age Care,49.033787,-122.812872,156.0,"1739 148 St, Surrey, BC",Surrey,Daycare
Toy Box Early Childhhood Centre,49.112528,-122.856345,202.0,"6062 132 St, Surrey, BC",Surrey,Daycare
Toy Castle Family Daycare,49.13516,-122.838417,109.0,"7280 138Th St, Surrey, BC",Surrey,Daycare
Toyland Family Daycare,49.11556,-122.815069,272.0,"14717 62 Ave, Surrey, BC",Surrey,Daycare
Tracey's Daycare,49.059338,-122.475418,135.0,"61-27044 32 Ave, Aldergrove, BC",Aldergrove,Daycare
Tracey's Family Day Care,51.296419,-116.97638,243.0,"507 9Th St S, Golden, BC",Golden,Daycare
Tracey’S Place Daycare,53.937836,-122.809109,58.0,"4634 Ryser Crt, Prince George, BC",Prince George,Daycare
Tracy's Childcare Centre,49.143037,-122.895818,197.0,"7692 118 St, Delta, BC",Delta,Daycare
Tracy's Tots,49.173147,-122.899526,228.0,"11662 94 Ave, Delta, BC",Delta,Daycare
Traditional Learning Academy,49.2461417,-122.8571282,,"1189 Rochester Ave, Coquitlam, BC",Coquitlam,Elementary Independent School
Traditional Learning Academy Online,49.1066556,-122.7351918,,"103-17688 66 Ave, Surrey, BC",Surrey,Elementary-Secondary Independent School
Trafalgar Elementary,49.2501385,-123.1641988,515.0,"4170 Trafalgar St, Vancouver, BC",Vancouver,Elementary Public School
Trafalgar Middle School,49.4881416,-117.287171,575.0,"1201 Josephine St, Nelson, BC",Nelson,Middle School Public School
Trafalgar Out Of School Care,49.250131,-123.164268,319.0,"4020 Trafalgar St, Vancouver, BC",Vancouver,Daycare
Trails Of Wonder Preschool Centre,49.102613,-121.933684,209.0,"5479 Dellview St, Chilliwack, BC",Chilliwack,Daycare
Treasure Island Family Childcare,50.649823,-120.346761,295.0,"381 Robson Dr, Kamloops, BC",Kamloops,Daycare
Treasure Island Out Of School Care Ii,49.271695,-123.002322,250.0,"4550 Kitchener St, Burnaby, BC",Burnaby,Daycare
Treasure Island School Age Care,49.284083,-123.01903,142.0,"3883 Triumph St, Burnaby, BC",Burnaby,Daycare
Tree Frog Daycare,48.777613,-123.446206,256.0,"215 South Ridge Dr, Salt Spring Island, BC",Salt Spring Island,Daycare
Tree House Children's Centre,49.105328,-121.997268,199.0,"5684 Unsworth Rd, Chilliwack, BC",Chilliwack,Daycare
Tree House Children's Centre,49.105513,-121.997334,231.0,"5696 Unsworth Rd, Chilliwack, BC",Chilliwack,Daycare
Tree House Infant And Toddler Daycare,49.221021,-123.005458,240.0,"6897 Sussex Ave, Burnaby, BC",Burnaby,Daycare
Tree House Multi-Age Child Care,49.221124,-122.594675,238.0,"22670 Brown Ave, Maple Ridge, BC",Maple Ridge,Daycare
Tree Of Life Childcare,49.083179,-123.098141,314.0,"4381 46A St, Delta, BC",Delta,Daycare
Tree Of Life Nature Playschool,48.438523,-123.410408,166.0,"15-1182 Colville Rd, Esquimalt, BC",Esquimalt,Daycare
Treehouse Early Learning Center,49.121214,-123.163208,200.0,"100-5500 Andrews Rd, Richmond, BC",Richmond,Daycare
Treehouse Forest Preschool,49.811273,-119.471116,139.0,"4711 Raymer Rd, Kelowna, BC",Kelowna,Daycare
Treehouse Kids Care,49.158473,-122.803104,243.0,"8555 151A St, Surrey, BC",Surrey,Daycare
Treetops Day Care Ltd,49.174703,-122.796804,196.0,"9476 153A St, Surrey, BC",Surrey,Daycare
Treetops Montessori,49.338532,-123.13589,239.0,"1525 Taylor Way, West Vancouver, BC",West Vancouver,Daycare
Tremblay Elementary,55.7466022,-120.2398245,370.0,"11311 13a St, Dawson Creek, BC",Dawson Creek,Elementary Public School
Tremblay Elementary Just B4 Preschool,55.746602,-120.239825,215.0,"11311 13A St, Dawson Creek, BC",Dawson Creek,Daycare
Trillium Montessori,49.156439,-123.95576,72.0,"495 Howard Ave, Nanaimo, BC",Nanaimo,Daycare
Trimble Group Child Care (School Age),49.267821,-123.204993,304.0,"2000 Trimble St, Vancouver, BC",Vancouver,Daycare
Trinity Baptist Day Care,49.226915,-123.139248,227.0,"1460 West 49Th Ave, Vancouver, BC",Vancouver,Daycare
Trinity's Little Children Centre,49.162049,-123.145976,154.0,"7100 Granville Ave, Richmond, BC",Richmond,Daycare
Trout Creek Elementary,49.5712916,-119.6247365,245.0,"Box 3000, Summerland, BC",Summerland,Elementary Public School
Trout Creek Kids Club,49.571274,-119.624816,299.0,"5 5811 Nixon Rd, Summerland, BC",Summerland,Daycare
Trout Lake Community Centre Preschool,49.254942,-123.066073,222.0,"3360 Victoria Dr, Vancouver, BC",Vancouver,Daycare
True Colours Family Daycare,49.243916,-122.772999,238.0,"1579 Pitt River Rd, Port Coquitlam, BC",Port Coquitlam,Daycare
True Light Montessori Children's Centre,49.155313,-123.167928,209.0,"5120 Blundell Rd, Richmond, BC",Richmond,Daycare
Tsan Chester Childcare,49.736191,-123.12685,163.0,"40415 Friedel Cres, Garibaldi Highlands, BC",Garibaldi Highlands,Daycare
Tsawwassen First Nation Youth Centre,49.044292,-123.104061,198.0,"2300 Falcon Way, Tsawwassen, BC",Tsawwassen,Daycare
Tsawwassen Lf Preschool Ltd,49.025713,-123.084317,209.0,"5025 12 Ave, Delta, BC",Delta,Daycare
Tseshaht First Nation Daycare,49.264097,-124.85099,233.0,"6002 Santu Dr, Port Alberni, BC",Port Alberni,Daycare
Tsulh Cho (Huckleberry) Early Learning And Care Centre,53.991043,-122.785824,122.0,"6776 Dagg Rd, Prince George, BC",Prince George,Daycare
Tsuma-As Justb4,49.270717,-124.818578,124.0,"5055 Compton Rd, Port Alberni, BC",Port Alberni,Daycare
Tsuma-as Elementary,49.2707169,-124.818578,425.0,"5055 Compton Rd, Port Alberni, BC",Port Alberni,Elementary Public School
Tuberose Childcare,49.238415,-122.784813,95.0,"2625 Klassen Crt, Port Coquitlam, BC",Port Coquitlam,Daycare
Tuc-el-Nuit Elementary,49.1812316,-119.5525259,390.0,"6648 Park Dr, Oliver, BC",Oliver,Elementary Public School
Tulip Childcare Center,49.22951,-122.893142,153.0,"427 E Columbia St, New Westminster, BC",New Westminster,Daycare
Tumble Kids Preschool,49.145582,-122.667135,325.0,"7888 200 St, Langley, BC",Langley,Daycare
Tumbler Ridge Elementary,55.129799,-121.0042052,345.0,"PO Box 700, Tumbler Ridge, BC",Tumbler Ridge,Elementary Public School
Tumbler Ridge Secondary,55.1236516,-121.0006703,625.0,"355 Monkman Way Portable Nine, Tumbler Ridge, BC",Tumbler Ridge,Elementary Public School
Tumbleweed Playschool,50.101182,-120.770815,255.0,"2975A Clapperton Ave, Merritt, BC",Merritt,Daycare
Tumblin Monkeys Daycare,49.088194,-122.5378,236.0,"4723 248 St, Aldergrove, BC",Aldergrove,Daycare
Tune Town Childcare Centre,48.434582,-123.514248,200.0,"101-3179 Jacklin Rd, Victoria, BC",Victoria,Daycare
Turtle Tots Daycare,49.267776,-122.754433,263.0,"34-3046 Coast Meridian Rd, Port Coquitlam, BC",Port Coquitlam,Daycare
Twain Sullivan Elementary,54.3889884,-126.6507603,270.0,"PO Box 1300, Houston, BC",Houston,Elementary Public School
Tweedlebug Family Child Care,48.74186,-123.628197,222.0,"1886 Wessex Rd, Cowichan Bay, BC",Cowichan Bay,Daycare
Tweedsmuir After School Studio,49.205455,-122.942284,198.0,"1714 8Th Ave, New Westminster, BC",New Westminster,Daycare
Tweeting Wren Childcare,49.072387,-116.603951,268.0,"1084 Simmons Rd, West Creston, BC",West Creston,Daycare
Tweety Blue Bird,49.269236,-123.184231,198.0,"3624 3Rd Ave W, Vancouver, BC",Vancouver,Daycare
Tweety Blue Bird Ii,49.21946,-123.096914,305.0,"425 56Th Ave E, Vancouver, BC",Vancouver,Daycare
Twelfth Avenue Elementary,49.21704,-122.9343294,340.0,"7622 12th Ave, Burnaby, BC",Burnaby,Elementary Public School
Twelfth Avenue Neighbourhood Care,49.216955,-122.934222,140.0,"7622 12Th Ave, Burnaby, BC",Burnaby,Daycare
Twig + Owl / Montroyal Elementary,49.36124,-123.097508,181.0,"133 - 5310 Sonora Dr, North Vancouver, BC",North Vancouver,Daycare
Twin Rivers Education Centre,50.6989563,-120.3885512,,"655 Holt St, Kamloops, BC",Kamloops,Elementary-Secondary Public School
Twin Rivers Elementary,49.3209519,-117.6586409,325.0,"649 7 Ave, Castlegar, BC",Castlegar,Elementary Public School
Twinkle Kids Academy,49.153411,-122.638469,171.0,"21084 83A Ave, Langley, BC",Langley,Daycare
Twinkle Star Family Day Care,49.148397,-122.788022,177.0,"15671 80 Ave, Surrey, BC",Surrey,Daycare
Twins Fun Time Family Child Care,49.241861,-123.027919,221.0,"4774 Joyce St, Vancouver, BC",Vancouver,Daycare
Two Peas In A Pod Childcare Centre,49.4712,-119.570764,173.0,"410 Wiltse Blvd, Penticton, BC",Penticton,Daycare
Two Rivers Education Centre,49.3819814,-121.4404217,,"PO Box 108, Hope, BC",Hope,Secondary Public School
Tyee Elementary,49.2534138,-123.0740084,145.0,"3525 Dumphries St, Vancouver, BC",Vancouver,Elementary Public School
Tyee Out Of School Care,49.253414,-123.074008,158.0,"3525 Dumfries St, Vancouver, BC",Vancouver,Daycare
Tyke Town Early Learning,53.916107,-122.748834,154.0,"1448 - 5Th Ave, Prince George, BC",Prince George,Daycare
Tykes 'N Tots,53.894334,-122.795107,146.0,"3851 Grace Cres, Prince George, BC",Prince George,Daycare
Tynehead Learning Centre,49.180835,-122.792143,140.0,"15519 98 Ave, Surrey, BC",Surrey,Daycare
Tyson Elementary,49.1170834,-121.9738782,290.0,"45170 S Sumas Rd, Chilliwack, BC",Chilliwack,Elementary Public School
U-Connect,49.0885935,-122.6646828,,"20190 48 Ave, Langley, BC",Langley,Elementary-Secondary Public School
U.N.B.C. Child Care,53.887586,-122.813939,255.0,"3333 University Way, Prince George, BC",Prince George,Daycare
Uaccs After School Program,48.940113,-125.544979,120.0,"1510 Peninsula Rd, Ucluelet, BC",Ucluelet,Daycare
Ucluelet Childrens Centre,48.939507,-125.546597,142.0,"500 Matterson Dr, Ucluelet, BC",Ucluelet,Daycare
Ucluelet Elementary,48.9385396,-125.5456625,240.0,"PO Box 669, Ucluelet, BC",Ucluelet,Elementary Public School
Ucluelet Secondary,48.9397299,-125.5442687,250.0,"PO Box 40, Ucluelet, BC",Ucluelet,Secondary Public School
Ukkina Family Child Care,49.279624,-123.069467,241.0,"1749 Frances St, Vancouver, BC",Vancouver,Daycare
Ultimate Care Nest Family Child Care,49.215063,-122.641844,269.0,"11724 209 St, Maple Ridge, BC",Maple Ridge,Daycare
Unicorn Family Childcare,49.78418,-125.11724,185.0,"2090 Spike Rd, Courtenay, BC",Courtenay,Daycare
Unicorn Parade Family Child Care,49.282477,-123.130749,222.0,"2-1154 Comox St, Vancouver, BC",Vancouver,Daycare
Union Gospel Mission - Eastsiders Out Of School Care,49.281869,-123.091,206.0,"616 Cordova St E, Vancouver, BC",Vancouver,Daycare
Union Gospel Mission Child Care Centre,49.281869,-123.091,228.0,"616 Cordova St E, Vancouver, BC",Vancouver,Daycare
Union Gospel Mission Child Care Centre,49.281869,-123.091,235.0,"616 Cordova St E, Vancouver, BC",Vancouver,Daycare
Unisus Early Childhood Learning Centre Inc.,49.58004,-119.67589,242.0,"7808 Pierre Dr, Summerland, BC",Summerland,Daycare
Unisus Junior School,49.5795711,-119.676526,,"7808 Pierre Dr, Summerland, BC",Summerland,Elementary Independent School
Unisus Senior School,49.5795711,-119.676526,,"7808 Pierre Dr, Summerland, BC",Summerland,Secondary Independent School
Unity Christian Child Care Centre,49.156786,-121.814702,210.0,"50950 Hack-Brown Rd, Chilliwack, BC",Chilliwack,Daycare
Unity Christian School,49.1567235,-121.8149926,,"50950 Hack Brown Road, Chilliwack, BC",Chilliwack,Elementary-Secondary Independent School
Universal Kidz Montessori Childcare,49.104351,-122.730519,126.0,"5615 177B St, Surrey, BC",Surrey,Daycare
Universe Child Care,49.262932,-123.03326,204.0,"3309 8Th Ave E, Vancouver, BC",Vancouver,Daycare
University Highlands Elementary,49.2782223,-122.9076625,485.0,"9388 Tower Rd, Burnaby, BC",Burnaby,Elementary Public School
University Hill Elementary,49.2741954,-123.237434,420.0,"5395 Chancellor Blvd, Vancouver, BC",Vancouver,Elementary Public School
University Hill Kinderclub (Preschool),49.27423,-123.237318,207.0,"5395 Chancellor Blvd, Vancouver, BC",Vancouver,Daycare
University Hill Kinderclub (School Age),49.27423,-123.237318,115.0,"5395 Chancellor Boulevard, Vancouver, BC",Vancouver,Daycare
University Hill Preschool,49.263149,-123.230468,223.0,"5210 University Boulevard, Vancouver, BC",Vancouver,Daycare
University Hill Secondary,49.2533932,-123.24032,950.0,"3228 Ross Dr, Vancouver, BC",Vancouver,Secondary Public School
Unsworth Elementary,49.1051547,-121.9994775,415.0,"5685 Unsworth Rd, Chilliwack, BC",Chilliwack,Elementary Public School
Unsworth Elementary School Age Care,49.105155,-121.999478,222.0,"5685 Unsworth Rd, Chilliwack, BC",Chilliwack,Daycare
Uplands Elementary,49.0833961,-122.650285,345.0,"4471 207a St, Langley, BC",Langley,Elementary Public School
Uplands Elementary,49.5019945,-119.575732,320.0,"145 Middle Bench Rd S, Penticton, BC",Penticton,Elementary Public School
Uplands Elementary,54.5344862,-128.6104301,270.0,"4110 North Thomas St, Terrace, BC",Terrace,Elementary Public School
Uplands Park Before And After Care Ltd.,49.218093,-124.010232,338.0,"3821 Stronach Dr, Nanaimo, BC",Nanaimo,Daycare
Uplands Park Elementary,49.2180927,-124.0102318,370.0,"3821 Stronach Dr, Nanaimo, BC",Nanaimo,Elementary Public School
Upper Halfway Elementary Jr Secondary,56.514307,-122.2384949,100.0,"10716 97 Ave, Fort St. John, BC",Fort St. John,Elementary Jr. Secondary Public School
Upper Lonsdale Preschool,49.339895,-123.071489,206.0,"3380 Lonsdale Ave, North Vancouver, BC",North Vancouver,Daycare
Upper Lynn Elementary,49.3515829,-123.0301034,540.0,"1540 Coleman St, North Vancouver, BC",North Vancouver,Elementary Public School
Upper Pine Elem-Jr Secondary,56.2846492,-120.8475885,195.0,"10716 97 Ave, Fort St John, BC",Fort St John,Elementary Jr. Secondary Public School
Urban Academy,49.231147,-122.885879,86.0,"466 Rousseau St, New Westminster, BC",New Westminster,Daycare
Urban Academy Junior,49.2311468,-122.8858786,,"466 Rousseau St, New Westminster, BC",New Westminster,Elementary Independent School
Urban Academy Senior,49.2311468,-122.8858786,,"466 Rousseau St, New Westminster, BC",New Westminster,Elementary-Secondary Independent School
Urban Kids Montessori - Clayton,49.133466,-122.691576,135.0,"201-19188 72 Ave, Surrey, BC",Surrey,Daycare
Urban Kids Montessori - Fleetwood,49.133466,-122.691572,287.0,"201-19188 72 Ave, Surrey, BC",Surrey,Daycare
Urban Meadow,48.445087,-123.361416,121.0,"3004 Quadra St, Victoria, BC",Victoria,Daycare
Urban Richmond Academy,49.182163,-123.135846,135.0,"200-4328 No. 3 Rd, Richmond, BC",Richmond,Daycare
Urban Richmond Academy,49.182163,-123.135846,217.0,"200-4328 No. 3 Rd, Richmond, BC",Richmond,Daycare
Uscc Children's Orchard Preschool,49.320397,-117.641096,251.0,"1876 Brilliant Rd, Castlegar, BC",Castlegar,Daycare
Uy'sqwalawun Childcare Centre,49.248966,-124.123108,106.0,"702 Capilano Rd, Lantzville, BC",Lantzville,Daycare
VI School of Innovation and Inquiry,48.4395848,-123.3505342,,"1307 Hillside Ave, Victoria, BC",Victoria,Elementary Jr. Secondary Independent School
VLearn.ca,50.2524664,-119.2488783,,"2301 Fulton Rd, Vernon, BC",Vernon,Elementary-Secondary Public School
Valemount Elementary,52.8285918,-119.2706766,220.0,"1445 7th Ave, Valemount, BC",Valemount,Elementary Public School
Valemount Secondary,52.8278618,-119.2579898,150.0,"PO Box 370, Valemount, BC",Valemount,Elementary Public School
Valerie's Daycare,49.199504,-122.767733,242.0,"10835 164Th St, Surrey, BC",Surrey,Daycare
Valhalla High,54.0175623,-124.0110845,,"PO Box 950, Vanderhoof, BC",Vanderhoof,Secondary Public School
Valley Christian Online School,49.1648715,-122.3177824,,"8955 Cedar St, Mission, BC",Mission,Elementary Jr. Secondary Independent School
Valley Christian School,49.1648715,-122.3177824,,"8955 Cedar St, Mission, BC",Mission,Elementary Independent School
Valley Kids Academy Inc.,49.672452,-124.97993,189.0,"2900 Cliffe Ave, Courtenay, BC",Courtenay,Daycare
Valley Pine Learning Centre,49.050813,-122.302797,212.0,"33264 Old Yale Rd, Abbotsford, BC",Abbotsford,Daycare
Valley Pine Learning Centre Inc,49.046894,-122.288236,164.0,"100-2485 West Railway St, Abbotsford, BC",Abbotsford,Daycare
Valley View Elementary,49.6998279,-124.9583825,390.0,"2300 Valley View Dr, Courtenay, BC",Courtenay,Elementary Public School
Valleycliffe Elementary,49.7032708,-123.1229528,215.0,"38430 Westway Avenue, Squamish, BC",Squamish,Elementary Public School
Valleyview Secondary,50.6759594,-120.2743681,1200.0,"1950 Valleyview Dr, Kamloops, BC",Kamloops,Secondary Public School
Valuable Kidz Daycare,49.139862,-122.900409,232.0,"11638 75A Ave, Delta, BC",Delta,Daycare
Van Bien Elementary,53.8907856,-122.762158,245.0,"311 Wilson Cres, Prince George, BC",Prince George,Elementary Public School
Van Horne ymca Kids Club,49.231801,-123.106946,296.0,"5855 Ontario St, Vancouver, BC",Vancouver,Daycare
Vancouver Alternate School,49.2633058,-123.1402601,,"1580 Broadway W, Vancouver, BC",Vancouver,Secondary Public School
Vancouver Child Study Centre,49.226935,-123.127541,223.0,"949 49Th Ave W, Vancouver, BC",Vancouver,Daycare
Vancouver Christian,49.2547125,-123.0285849,,"3496 Mons Drive, Vancouver, BC",Vancouver,Elementary Independent School
Vancouver College,49.2369278,-123.1347745,,"5401 Hudson St, Vancouver, BC",Vancouver,Elementary-Secondary Independent School
Vancouver Hebrew Academy Preschool,49.215472,-123.141369,231.0,"1545 62 Ave W, Vancouver, BC",Vancouver,Daycare
Vancouver Learning Network,49.2319465,-123.0926047,,"530 41st Ave E, Vancouver, BC",Vancouver,Secondary Public School
Vancouver Montessori School,49.2075816,-123.1445691,,"8650 Barnard St, Vancouver, BC",Vancouver,Elementary Independent School
Vancouver School Board Adult Education,49.2300327,-123.0901162,,"6010 Fraser St, Vancouver, BC",Vancouver,Elementary Public School
Vancouver Start Smart Preschool,49.241831,-123.085024,271.0,"4750 St. Catherines St, Vancouver, BC",Vancouver,Daycare
Vancouver Talmud Torah Early Childhood Program,49.247582,-123.126823,91.0,"998 26Th Ave W, Vancouver, BC",Vancouver,Daycare
Vancouver Talmud Torah Elementary,49.2475908,-123.1268089,,"998 West 26th Ave, Vancouver, BC",Vancouver,Elementary Independent School
Vancouver Technical Secondary,49.2601092,-123.0512769,1700.0,"2600 Broadway E, Vancouver, BC",Vancouver,Elementary Public School
Vancouver Waldorf School,49.3336272,-123.0466789,,"2725 St. Christophers Rd, North Vancouver, BC",North Vancouver,Elementary-Secondary Independent School
Vancouver Waldorf School,49.333803,-123.046847,98.0,"2725 St. Christophers Rd, North Vancouver, BC",North Vancouver,Daycare
Vancouver Waldorf School,49.333803,-123.046847,156.0,"2725 St. Christophers Rd, North Vancouver, BC",North Vancouver,Daycare
Vanguard,49.0710391,-122.548628,,"3825 244 St, Langley, BC",Langley,Secondary Public School
Vanway Elementary,53.8580175,-122.8169726,295.0,"4509 Highway 16 W, Prince George, BC",Prince George,Elementary Public School
Vavenby Elementary,51.5866333,-119.7253818,195.0,"PO Box 100, Vavenby, BC",Vavenby,Elementary Public School
Vedder Elementary,49.1104447,-121.9548429,680.0,"45850 Promontory Rd, Chilliwack, BC",Chilliwack,Elementary Public School
Vedder Elementary Just B4 Preschool & School Age Care,49.110445,-121.954843,195.0,"45850 Promontory Rd, Chilliwack, BC",Chilliwack,Daycare
Vedder Middle School,49.1165258,-121.963579,600.0,"45560 South Sumas Rd, Chilliwack, BC",Chilliwack,Middle School Public School
Veritas Catholic,54.5242164,-128.6045064,,"4836 Straume Ave, Terrace, BC",Terrace,Elementary Jr. Secondary Independent School
Veritas School After-School Care,54.524216,-128.604506,135.0,"4836 Straume Ave, Terrace, BC",Terrace,Daycare
Vermilion Forks Elementary,49.4525666,-120.5278865,195.0,"PO Box 970, Princeton, BC",Princeton,Elementary Public School
Vernon & District Immigrant & Css Childcare Center,50.265994,-119.266027,118.0,"3205 27 St, Vernon, BC",Vernon,Daycare
Vernon Christian Preschool,50.309043,-119.247584,229.0,"6890 Pleasant Valley Rd, Vernon, BC",Vernon,Daycare
Vernon Christian School,50.3099782,-119.2452383,,"6920 Pleasant Valley Rd, Vernon, BC",Vernon,Elementary-Secondary Independent School
Vernon Secondary,50.2575637,-119.2524996,950.0,"2100-15th St, Vernon, BC",Vernon,Elementary Public School
Victor School,48.4321752,-123.3377247,150.0,"2260 Victor St, Victoria, BC",Victoria,Elementary-Secondary Public School
Victor-Brodeur,48.4320326,-123.4013179,660.0,"637 Head St, Victoria, BC",Victoria,Elementary-Secondary Public School
Victoria Children's Centre,48.428183,-123.361025,182.0,"1515 Blanshard St, Victoria, BC",Victoria,Daycare
Victoria High,48.4296508,-123.3470966,1000.0,"1260 Grant St, Victoria, BC",Victoria,Elementary Public School
Victoria Home Daycare,48.433018,-123.416649,182.0,"667 Admirals Rd, Esquimalt, BC",Esquimalt,Daycare
Victoria Kids Out And About,48.444408,-123.469191,128.0,"109-1830 Island Hwy, Victoria, BC",Victoria,Daycare
Victoria Montessori Preschool And Childcare,48.43579,-123.385808,205.0,"323 Skinner St, Victoria, BC",Victoria,Daycare
Victoria Nature School Gordon Head,48.476027,-123.328435,259.0,"4100 Lambrick Way, Victoria, BC",Victoria,Daycare
Victoria School for Ideal Education,48.4403773,-123.3393414,,"2820 Belmont Ave, Victoria, BC",Victoria,Elementary Jr. Secondary Independent School
Victoria West Community Association-Victoria West Elementary,48.434457,-123.388054,115.0,"750 Front St, Victoria, BC",Victoria,Daycare
Victoria West Elementary,48.4343667,-123.3880592,365.0,"750 Front St, Victoria, BC",Victoria,Elementary Public School
Victory Children's Centre,49.199415,-122.843413,136.0,"13668 Whalley Blvd, Surrey, BC",Surrey,Daycare
Victory Hill Daycare,48.453995,-123.440978,137.0,"287 Pallisier Ave, Victoria, BC",Victoria,Daycare
Victory Learning Centre,49.163613,-122.832819,83.0,"14058 88A Ave, Surrey, BC",Surrey,Daycare
View Royal Childcare @ Strathmore,48.450549,-123.503027,82.0,"2773 Strathmore Road, Langford, BC",Langford,Daycare
View Royal Childcare Ltd.,48.453859,-123.438472,337.0,"279 Island Hwy, Victoria, BC",Victoria,Daycare
View Royal Elementary,48.4568407,-123.4364877,490.0,"218 Helmcken Rd, Victoria, BC",Victoria,Elementary Public School
View Royal Out Of School Care Society,48.456841,-123.436488,156.0,"218 Helmcken Rd, Victoria, BC",Victoria,Daycare
View Royal Out Of School Club,48.453859,-123.438472,143.0,"279 Island Highway, Victoria, BC",Victoria,Daycare
Village Childcare,49.86049,-119.45191,143.0,"1959 K. L. O. Rd, Kelowna, BC",Kelowna,Daycare
Village Day Care,49.255095,-122.906734,331.0,"3290 Ganymede Dr, Burnaby, BC",Burnaby,Daycare
Virtuelle,49.1734523,-123.0725425,,"100-13511 Commerce Parkway, Richmond, BC",Richmond,Elementary-Secondary Public School
Vista Academy,49.886339,-119.432903,180.0,"201-2333 Hunter Rd, Kelowna, BC",Kelowna,Daycare
Vme Montessori Educare,48.498663,-123.37962,186.0,"1012 Falaise Pl, Victoria, BC",Victoria,Daycare
Voyageur Elementary School,52.9774865,-122.5259922,245.0,"1337 Lark Ave, Quesnel, BC",Quesnel,Elementary Public School
Vwca Little Steps Childcare,48.438162,-123.388409,172.0,"521 Craigflower Rd, Victoria, BC",Victoria,Daycare
W D Ferris Elementary,49.1537418,-123.1443526,660.0,"7520 Sunnymede Cres, Richmond, BC",Richmond,Elementary Public School
W E Kinvig Elementary,49.1310054,-122.8546718,565.0,"13266 70b Ave, Surrey, BC",Surrey,Elementary Public School
W J Mouat Secondary,49.0594378,-122.3324242,1200.0,"32355 Mouat Dr, Abbotsford, BC",Abbotsford,Secondary Public School
W L McLeod Elementary,54.0193321,-124.0037148,340.0,"PO Box 559, Vanderhoof, BC",Vanderhoof,Elementary Public School
W.E. Graham Community School,49.7633498,-117.4707058,245.0,"PO Box 10, Slocan, BC",Slocan,Elementary Jr. Secondary Public School
W.L. Seaton Secondary,50.272622,-119.2679841,825.0,"2701 41 Ave, Vernon, BC",Vernon,Secondary Public School
Wagalus Preschool,50.692271,-127.408197,180.0,"116 Eagle Place, Port Hardy, BC",Port Hardy,Daycare
Wagner Childcare & Learning Centre Ltd.,49.066042,-122.359086,196.0,"3511 Wagner Dr, Abbotsford, BC",Abbotsford,Daycare
Walker Development Centre,49.0330293,-118.441794,,"PO Box 310, Grand Forks, BC",Grand Forks,Secondary Public School
Walnut Grove Secondary,49.1658005,-122.641879,1750.0,"8919 Walnut Grove Dr, Langley, BC",Langley,Secondary Public School
Walnut Park Elementary,54.7877253,-127.1710579,440.0,"PO Box 2692, Smithers, BC",Smithers,Elementary Public School
Walnut Road Elementary,49.1516999,-122.773619,580.0,"16152 82 Ave, Surrey, BC",Surrey,Elementary Public School
Walnut Road Elementary - Seamless Day,49.1517,-122.773619,159.0,"16152 82 Ave, Surrey, BC",Surrey,Daycare
Walter Lee Elementary,49.1453688,-123.1205441,490.0,"9491 Ash St, Richmond, BC",Richmond,Elementary Public School
Walter Moberly Elementary,49.2157606,-123.084327,660.0,"1000 59th Ave E, Vancouver, BC",Vancouver,Elementary Public School
Walton Elementary,49.2889018,-122.7972038,440.0,"2960 Walton Ave, Coquitlam, BC",Coquitlam,Elementary Public School
Walton Learning Childcare Centre,49.287592,-122.799437,136.0,"1149 Durant Dr, Coquitlam, BC",Coquitlam,Daycare
Wanda's Kids & Care,48.8272,-124.059824,285.0,"116 North Shore Rd, Lake Cowichan, BC",Lake Cowichan,Daycare
Warfield Preschool - Webster,49.095411,-117.743935,136.0,"395 Schofield Highway, Trail, BC",Trail,Daycare
Watch Me Grow Child Care Centre,49.282464,-122.766816,165.0,"3916 Oxford St, Port Coquitlam, BC",Port Coquitlam,Daycare
Watch Me Grow Child Care Centre,49.290873,-122.777712,135.0,"1276 Hornby St, Coquitlam, BC",Coquitlam,Daycare
Watch Me Grow Childcare,49.045952,-122.767713,158.0,"2412 164 St, Surrey, BC",Surrey,Daycare
Watson Childcare Center Iii,49.121734,-121.972133,131.0,"6583 Dayton Dr, Chilliwack, BC",Chilliwack,Daycare
Watson Childcare Centre,49.111525,-121.969673,236.0,"45345 Watson Rd, Chilliwack, BC",Chilliwack,Daycare
Watson Childcare Centre Ii,49.112168,-121.964697,277.0,"6045 Miller Dr, Chilliwack, BC",Chilliwack,Daycare
Watson Elementary,49.1125611,-121.9703776,490.0,"45305 Watson Rd, Chilliwack, BC",Chilliwack,Elementary Public School
Watson Elementary - Just B4 Preschool,49.112552,-121.970378,169.0,"45305 Watson Rd, Chilliwack, BC",Chilliwack,Daycare
Watson Road Elementary,49.9122892,-119.4492417,530.0,"475 Yates Rd, Kelowna, BC",Kelowna,Elementary Public School
Watson Road Licensed Care,49.912658,-119.449375,206.0,"475 Yates Rd, Kelowna, BC",Kelowna,Daycare
Watson ymca Kids Club,49.112552,-121.970378,228.0,"45305 Watson Rd, Chilliwack, BC",Chilliwack,Daycare
Waverley Elementary,49.2276642,-123.0556301,515.0,"6111 Elliott St, Vancouver, BC",Vancouver,Elementary Public School
Waves & Wonders Early Learning Academy - Gcc (30Mths To Sa),49.625199,-123.205664,273.0,"107 Church St, Brittania Beach, BC",Brittania Beach,Daycare
Waves & Wonders Early Learning Academy - Gcc (Under 36 Mths),49.625199,-123.205664,97.0,"107 Church St, Brittania Beach, BC",Brittania Beach,Daycare
We Are The World Montessori Childcare,49.11094,-122.764844,232.0,"16639 63B Ave, Surrey, BC",Surrey,Daycare
We Care Childcare - Children's Learning Centre,49.207685,-122.930748,71.0,"602 12Th St, New Westminster, BC",New Westminster,Daycare
We Do Care Family Child Care,49.185787,-123.97433,225.0,"1109 Thunderbird Dr, Nanaimo, BC",Nanaimo,Daycare
We Wai Kai Childcare And Education Centre,50.021579,-125.287331,129.0,"680 Seahawk Dr, Campbell River, BC",Campbell River,Daycare
We're All Sharing Together - Sherman Rd.,48.791544,-123.722305,140.0,"3036 Sherman Rd, Duncan, BC",Duncan,Daycare
Webber Road Elementary,49.8309546,-119.6503057,195.0,"2829 Inverness Rd, West Kelowna, BC",West Kelowna,Elementary Public School
Webster Kindercare,49.098881,-117.722685,119.0,"395 Hwy 3B, Trail, BC",Trail,Daycare
Webster's Corners Elementary,49.2197439,-122.5137115,270.0,"25554 Dewdney Trunk Rd, Maple Ridge, BC",Maple Ridge,Elementary Public School
Wee Bairns,49.021699,-123.078694,360.0,"1030 52A St, Delta, BC",Delta,Daycare
Wee Care @ Ecole Puntledge Park,49.684498,-125.014227,170.0,"401 Willemar Ave, Courtenay, BC",Courtenay,Daycare
Wee Care @ Ecole Robb Road,49.679738,-124.932034,291.0,"1909 Robb Ave, Comox, BC",Comox,Daycare
Wee Care @ Royston Elementary,49.645235,-124.950781,125.0,"3830 Warren Ave, Royston, BC",Royston,Daycare
Wee Care @ Valley View,49.69974,-124.95837,237.0,"2300 Valley View Dr, Courtenay, BC",Courtenay,Daycare
Wee Care Day Care,53.989421,-122.779001,109.0,"3111 Austin Rd E, Prince George, BC",Prince George,Daycare
Wee Care Family Daycare,49.166014,-121.933825,221.0,"46622 Arbutus Ave, Chilliwack, BC",Chilliwack,Daycare
Wee Chickadees Childcare,49.135973,-122.300935,194.0,"33354 3Rd Ave, Mission, BC",Mission,Daycare
Wee Folk Early Learning,49.267091,-117.652055,145.0,"3600 9Th Ave, Castlegar, BC",Castlegar,Daycare
Wee Ones,49.449894,-117.559606,175.0,"1385 Highway 6, Crescent Valley, BC",Crescent Valley,Daycare
Wee Play And Learn Family Child Care,49.241718,-124.033669,109.0,"6170 Dover Rd, Nanaimo, BC",Nanaimo,Daycare
Wee Saints Preschool & School Age Care,49.109751,-122.737413,158.0,"17511 59 Ave, Surrey, BC",Surrey,Daycare
Wee Saints School Age,49.109769,-122.739205,301.0,"17475 59 Ave, Surrey, BC",Surrey,Daycare
Wee Scholars Early Learning Centre,49.849701,-119.629749,224.0,"3193 Saddleback Pl, West Kelowna, BC",West Kelowna,Daycare
Weir ymca Kids Club,49.229772,-123.044445,271.0,"2900 44Th Ave E, Vancouver, BC",Vancouver,Daycare
Welcome Kids Daycare,49.042421,-122.229766,254.0,"2268 Mountain Dr, Abbotsford, BC",Abbotsford,Daycare
Welcome Little Stars Daycare,49.177318,-122.871341,225.0,"12677 96 Ave, Surrey, BC",Surrey,Daycare
Wellington Secondary,49.2098689,-123.9993643,900.0,"3135 Mexicana Rd, Nanaimo, BC",Nanaimo,Secondary Public School
Wells Barkerville Elementary,53.1065363,-121.5747235,0.0,"PO Box 190, Wells, BC",Wells,Elementary Public School
Wells Gray After School Program,51.649,-120.009369,124.0,"801 Clearwater Village Rd, Clearwater, BC",Clearwater,Daycare
Wesbrook Preschool,49.265774,-123.206641,227.0,"4405 8Th Ave W, Vancouver, BC",Vancouver,Daycare
Wesbrook ymca Kids Club,49.253696,-123.237268,228.0,"3335 Webber Lane, Vancouver, BC",Vancouver,Daycare
West Arden Childcare Centre,49.672927,-125.024946,219.0,"963 Webb Rd, Courtenay, BC",Courtenay,Daycare
West Bay Elementary,49.3439528,-123.2032877,340.0,"3175 Thompson Pl, West Vancouver, BC",West Vancouver,Elementary Public School
West Bay Saplings,49.343953,-123.203288,205.0,"3175 Thompson Pl, West Vancouver, BC",West Vancouver,Daycare
West Bench Elementary,49.5011047,-119.6311595,170.0,"1604 West Bench Dr, Penticton, BC",Penticton,Elementary Public School
West Boundary Elementary,49.0524411,-118.9861394,195.0,"4035 Kettle Valley Road Southoad S, Rock Creek, BC",Rock Creek,Elementary Public School
West Coast Adventist Online School,49.0317672,-122.2924492,,"300-1626 Mccallum Road, Abbotsford, BC",Abbotsford,Elementary-Secondary Independent School
West Coast Early Learning Centre,49.052741,-122.713772,173.0,"2795 184 St, Surrey, BC",Surrey,Daycare
West Coast Early Learning Centre,49.060105,-122.833465,267.0,"201-14016 32 Ave, Surrey, BC",Surrey,Daycare
West End Kids Care,49.289913,-123.136242,336.0,"870 Denman St, Vancouver, BC",Vancouver,Daycare
West Heights Elementary,49.1422985,-122.335911,315.0,"32065 Van Velzen Ave, Mission, BC",Mission,Elementary Public School
West Langley Elementary,49.1746502,-122.6364117,295.0,"9403 212 St, Langley, BC",Langley,Elementary Public School
West Oaks Childcare Ltd.,49.319876,-124.311777,188.0,"120 Middleton Ave, Parksville, BC",Parksville,Daycare
West Point Grey Academy,49.2665825,-123.2003004,,"4125 West 8th Avenue, Vancouver, BC",Vancouver,Elementary-Secondary Independent School
West Point Grey Community Centre,49.271841,-123.204609,66.0,"4397 2Nd Ave W, Vancouver, BC",Vancouver,Daycare
West Point Grey Under Three Day Care,49.256848,-123.144396,178.0,"1708 West 16Th Ave, Vancouver, BC",Vancouver,Daycare
West Quesnel Day School,52.973252,-122.514521,146.0,"774 Abbott Dr, Quesnel, BC",Quesnel,Daycare
West Richmond Kindercare/Junior Out Of School Care,49.14686,-123.181249,77.0,"9180 No. 1 Rd, Richmond, BC",Richmond,Daycare
West Sechelt Elementary,49.475589,-123.8019044,340.0,"PO Box 220, Sechelt, BC",Sechelt,Elementary Public School
West Sechelt Seamless Day Before & After School Care,49.475612,-123.803204,262.0,"5609 Mason Rd, Sechelt, BC",Sechelt,Daycare
West Sechelt ymca Child Care,49.475589,-123.801904,168.0,"5609 Mason Rd., Sechelt, BC",Sechelt,Daycare
West Sechelt ymca Child Care,49.475589,-123.801904,224.0,"5609 Mason Rd., Sechelt, BC",Sechelt,Daycare
West Vancouver Inglewood Secondary,49.3372419,-123.1617688,,"1735 Inglewood Avenue, West Vancouver, BC",West Vancouver,Secondary Public School
West Vancouver Monarch Montessori Daycare,49.354738,-123.140806,279.0,"1106 Gilston Rd, West Vancouver, BC",West Vancouver,Daycare
West Vancouver Playschool,49.334635,-123.169496,210.0,"1150 22Nd St, West Vancouver, BC",West Vancouver,Daycare
West Vancouver Secondary,49.3372419,-123.1617688,1450.0,"1750 Mathers Ave, West Vancouver, BC",West Vancouver,Secondary Public School
West-Mont School,48.389984,-123.523263,160.0,"4075 Metchosin Rd, Victoria, BC",Victoria,Daycare
Westbank First Nation After School Program,49.840183,-119.593632,229.0,"1880 Quail Lane, Westbank, BC",Westbank,Daycare
Westbridge Montessori Academy Ltd.,49.238121,-123.162091,232.0,"2490 W 37Th Ave, Vancouver, BC",Vancouver,Daycare
Westcoast Cubs Childcare,48.416216,-123.714028,189.0,"3055 Phillips Rd, Sooke, BC",Sooke,Daycare
Westcot Elementary,49.3398897,-123.1364942,295.0,"760 Westcot Rd, West Vancouver, BC",West Vancouver,Elementary Public School
Westerman Elementary,49.141655,-122.8843742,565.0,"7626 122 St, Surrey, BC",Surrey,Elementary Public School
Westerman Preschool,49.141658,-122.884378,222.0,"7626 122Nd St, Surrey, BC",Surrey,Daycare
Westgate Montessori School Inc.,49.244287,-123.181584,125.0,"3489 31St Ave W, Vancouver, BC",Vancouver,Daycare
Westhaven Kids Corner,49.235164,-123.999086,180.0,"5358 Westhaven Pl, Nanaimo, BC",Nanaimo,Daycare
Westhill's Childcare,48.446315,-123.543703,185.0,"2711 Celestial Crt, Langford, BC",Langford,Daycare
Westlynn Family Daycare,49.327698,-123.051,55.0,"2061 William Ave, North Vancouver, BC",North Vancouver,Daycare
Westmont Montessori School,48.3899837,-123.5232628,,"4075 Metchosin Rd, Victoria, BC",Victoria,Elementary-Secondary Independent School
Westmount Elementary,50.7185832,-120.3585978,215.0,"745 Walkem Rd, Kamloops, BC",Kamloops,Elementary Public School
Westridge Elementary,49.2793613,-122.9614079,315.0,"510 Duncan Ave, Burnaby, BC",Burnaby,Elementary Public School
Westshore Secondary School,48.4366859,-123.4864997,,"2139 Sooke Rd, Victoria, BC",Victoria,Secondary Public School
Westside Academy,53.8603494,-122.8037828,,"3791 Highway 16 W, Prince George, BC",Prince George,Elementary-Secondary Independent School
Westside Montessori Academy,49.2569728,-123.0505559,,"Suite 300, Vancouver, BC",Vancouver,Elementary Independent School
Westside Montessori Elementary School,49.2549973,-123.114744,,"4157 Oak St, Vancouver, BC",Vancouver,Elementary Independent School
Westside Montessori School,49.2485863,-123.127997,,"4157 Oak St, Vancouver, BC",Vancouver,Elementary Independent School
Westside Montessori School (2011) Ltd.,49.248574,-123.128,43.0,"4157 Oak St, Vancouver, BC",Vancouver,Daycare
Westsyde Country Day Montessori Preschool & Kindergarten,50.759362,-120.349202,174.0,"2990 Westsyde Rd, Kamloops, BC",Kamloops,Daycare
Westsyde Elementary,50.7738893,-120.3413155,295.0,"3550 Westsyde Rd, Kamloops, BC",Kamloops,Elementary Public School
Westsyde Secondary,50.7681406,-120.3475365,975.0,"855 Bebek Rd, Kamloops, BC",Kamloops,Secondary Public School
Westview Child Care Centre,54.306401,-130.326709,286.0,"800 Summit Ave, Prince Rupert, BC",Prince Rupert,Daycare
Westview Elementary,49.3237923,-123.0895232,245.0,"641 17th St W, North Vancouver, BC",North Vancouver,Elementary Public School
Westview Elementary,49.8217796,-124.5183927,340.0,"3900 Selkirk Ave, Powell River, BC",Powell River,Elementary Public School
Westview Elementary School,49.82178,-124.518393,225.0,"3900 Selkirk Ave, Powell River, BC",Powell River,Daycare
Westview Just B4 Preschool Program,49.82178,-124.518393,215.0,"3900 Selkirk Ave, Powell River, BC",Powell River,Daycare
Westview Learning Centre,49.8223473,-124.5158173,,"7105 Nookta St, Powell River, BC",Powell River,Elementary Public School
Westview Secondary,49.224546,-122.6422568,1200.0,"20905 Wicklund Ave, Maple Ridge, BC",Maple Ridge,Elementary-Secondary Public School
Westwind Elementary,49.1303528,-123.1650613,460.0,"11371 Kingfisher Dr, Richmond, BC",Richmond,Elementary Public School
Westwold Elementary,50.4678158,-119.7489974,120.0,"General Delivery, Westwold, BC",Westwold,Elementary Public School
Westwood Elementary,53.8951997,-122.7849608,295.0,"2633 Vanier Dr, Prince George, BC",Prince George,Elementary Public School
Westwood Kids Castle Childcare,49.297153,-122.799604,189.0,"2921 Valleyvista Dr, Coquitlam, BC",Coquitlam,Daycare
Westwood Montessori,49.301137,-122.785224,271.0,"1438 Pinetree Way, Coquitlam, BC",Coquitlam,Daycare
Westwood Montessori (Burke Mountain),49.298184,-122.747575,248.0,"1401 Kingston St, Coquitlam, BC",Coquitlam,Daycare
Westwood Montessori Childcare (Partington),49.296584,-122.739622,205.0,"3537 Mcvicar Crt, Coquitlam, BC",Coquitlam,Daycare
Westwood Montessori Out Of School Care,49.30043,-122.786799,233.0,"1420 Pinetree Way, Coquitlam, BC",Coquitlam,Daycare
Westwood Park Daycare,49.275077,-122.782539,258.0,"3529 Hastings St, Port Coquitlam, BC",Port Coquitlam,Daycare
Whalley Day Care Ltd.,49.194632,-122.856484,200.0,"10562  132 A St, Surrey, BC",Surrey,Daycare
Whalley Learning Centre And Child Care,49.194635,-122.854056,128.0,"10563  133 St, Surrey, BC",Surrey,Daycare
Where The Wild Things Grow,49.160361,-123.976667,186.0,"1305 Thalia Pl, Nanaimo, BC",Nanaimo,Daycare
Whimsical Wonders Childcare,49.040016,-122.3042,150.0,"2090 Ware St, Abbotsford, BC",Abbotsford,Daycare
Whimsical Woods Childcare Ltd.,50.481037,-120.808125,193.0,"408 Daladon Dr, Logan Lake, BC",Logan Lake,Daycare
Whisker's Daycare,49.906595,-119.457748,161.0,"1772 Spruceglen Dr, Kelowna, BC",Kelowna,Daycare
Whistler Children's Centre,50.12399,-122.960699,169.0,"7146 Nesters Rd, Whistler, BC",Whistler,Daycare
Whistler Kids Dba Creekside Kids Rainbow Plaza,50.156522,-122.95498,185.0,"109-8200 Bear Paw Trail, Whistler, BC",Whistler,Daycare
Whistler Kids Dba Creekside Kids Rainbow Plaza,50.156522,-122.95498,297.0,"109-8200 Bear Paw Trail, Whistler, BC",Whistler,Daycare
Whistler Secondary,50.1509237,-122.9604534,500.0,"8000 Alpine Way, Whistler, BC",Whistler,Secondary Public School
Whistler Waldorf School,50.1323057,-122.949279,,"7324 Kirkpatrick Way, Whistler, BC",Whistler,Elementary-Secondary Independent School
Whistler Waldorf School (Gcc - 30 Mos.-School Age),50.132306,-122.949279,183.0,"7324 Kirkpatrick Way, Whistler, BC",Whistler,Daycare
Whistler Waldorf School Early Years Centre,50.08667,-123.0195,216.0,"1519 Springcreek Dr, Whistler, BC",Whistler,Daycare
White Bear Daycare,50.105131,-120.763444,269.0,"3191 Nicola Ave, Merritt, BC",Merritt,Daycare
White Rock Christian Academy,49.0433973,-122.8015738,,"2265 152 St, Surrey, BC",Surrey,Elementary-Secondary Independent School
White Rock Christian Academy Junior Kindergarten,49.04357,-122.80261,203.0,"2267 152 St, Surrey, BC",Surrey,Daycare
White Rock Elementary,49.0248139,-122.7997587,655.0,"1273 Fir St, White Rock, BC",White Rock,Elementary Public School
White Rock Montessori Group Care,49.02878,-122.818585,185.0,"14560 North Bluff Rd, White Rock, BC",White Rock,Daycare
White Swan Montessori Education Centre,49.265822,-122.878988,157.0,"800 Egmont Ave, Coquitlam, BC",Coquitlam,Daycare
Whiz Kidz Montessori Child Care,49.043601,-122.766851,200.0,"16458 23 Ave, Surrey, BC",Surrey,Daycare
Whole Child Childcare Mind Body Spirit,49.168781,-121.934754,247.0,"46612 First Ave, Chilliwack, BC",Chilliwack,Daycare
Whole Education Academy,49.163097,-123.113415,158.0,"10019 Granville Ave, Richmond, BC",Richmond,Daycare
Whole Education Academy,49.163097,-123.113415,199.0,"10019 Granville Ave, Richmond, BC",Richmond,Daycare
Whole School,49.6068985,-117.5677555,,"PO Box 240, Winlaw, BC",Winlaw,Elementary Independent School
Whonnock Elementary,49.2066392,-122.4605855,295.0,"27471 112 Ave, Maple Ridge, BC",Maple Ridge,Elementary Public School
Whytecliff Agile Learning Centre-Burnaby,49.2535796,-123.0231083,,"3450 Boundary Rd, Burnaby, BC",Burnaby,Secondary Independent School
Whytecliff Agile Learning Centre-Langley,49.1060398,-122.6527505,,"20561 Logan Ave, Langley, BC",Langley,Elementary Independent School
Wibble Wobble Childcare - Clearbrook,49.040722,-122.329506,111.0,"2137 Beaver St, Abbotsford, BC",Abbotsford,Daycare
Wibble Wobble Childcare - Fairfield,49.186544,-121.943165,145.0,"46326 Strathcona Rd, Chilliwack, BC",Chilliwack,Daycare
Wibble Wobble Childcare - Vedder,49.134418,-121.959767,348.0,"7258 Vedder Rd, Chilliwack, BC",Chilliwack,Daycare
Wibble Wobble Learning Centre,49.178675,-121.950865,205.0,"46030 Bonny Ave, Chilliwack, BC",Chilliwack,Daycare
Wickaninnish Community School,49.1498234,-125.9045197,195.0,"PO Box 220, Tofino, BC",Tofino,Elementary Public School
Wiggles And Giggles Group Daycare,56.255465,-120.845472,237.0,"9820 110 Ave, Fort St. John, BC",Fort St. John,Daycare
Wiggles And Giggles Group Daycare 102 Street,56.245621,-120.850658,203.0,"9903 102 St, Fort St. John, BC",Fort St. John,Daycare
Wiggles N' Giggles,48.492645,-123.390531,134.0,"4400 Viewmont Ave, Victoria, BC",Victoria,Daycare
Wild And Wonderful Family Daycare,49.216594,-122.692529,212.0,"19091 117B Ave, Pitt Meadows, BC",Pitt Meadows,Daycare
Wild Childcare Early Learning Centre,50.24368,-119.260346,222.0,"978 Mt Beaven Crt, Vernon, BC",Vernon,Daycare
Wild Dream Educare,49.176476,-122.973688,251.0,"22451 Rathburn Dr, Richmond, BC",Richmond,Daycare
Wild Flower Child Care,51.737849,-121.36942,189.0,"4852 Kitwanga Dr, 108 Mile Ranch, BC",108 Mile Ranch,Daycare
Wild Hearts Child Care,51.192157,-120.130202,227.0,"588 mclean Rd, Barriere, BC",Barriere,Daycare
Wild Roots Early Learning,50.326698,-119.15472,186.0,"8263 Rogers Rd, Vernon, BC",Vernon,Daycare
Wild Rose Child Care,49.335807,-117.658903,156.0,"1057 Wildrose Rd, Castlegar, BC",Castlegar,Daycare
Wild Rose Childcare,49.782602,-124.451234,117.0,"8612 Myrtle Point Dr, Powell River, BC",Powell River,Daycare
Wild Things Daycare Ltd,55.773126,-120.230535,258.0,"9009 10 St, Dawson Creek, BC",Dawson Creek,Daycare
Wild Wapiti Playschool Society,49.504521,-115.063776,297.0,"521 4Th Ave, Fernie, BC",Fernie,Daycare
Wild Woods Playschool,49.682342,-124.938872,156.0,"2091 Noel Ave, Comox, BC",Comox,Daycare
Wildflower,49.4890854,-117.2931844,,"811 Stanley St, Nelson, BC",Nelson,Elementary Jr. Secondary Public School
Wildflower Childcare,49.317943,-123.047555,222.0,"952 Drayton St, North Vancouver, BC",North Vancouver,Daycare
Wilkinson Learning Tree,49.186878,-122.5459,248.0,"10172 244 St, Maple Ridge, BC",Maple Ridge,Daycare
William A. Fraser Middle School,49.0450351,-122.2633864,600.0,"34695 Blatchford Way, Abbotsford, BC",Abbotsford,Middle School Public School
William Bridge Elementary,49.1367991,-123.1326102,340.0,"10400 Leonard Rd, Richmond, BC",Richmond,Elementary Public School
William Cook Elementary,49.1655802,-123.1281346,680.0,"8600 Cook Rd, Richmond, BC",Richmond,Elementary Public School
William F. Davidson Elementary,49.1832166,-122.7913341,540.0,"15550 99a Ave, Surrey, BC",Surrey,Elementary Public School
William Konkin Elementary,54.2362591,-125.7521431,250.0,"Box 7000, Burns Lake, BC",Burns Lake,Elementary Public School
William Watson Elementary,49.14782,-122.76624,355.0,"16450 80 Ave, Surrey, BC",Surrey,Elementary Public School
Willington Daycare,49.198874,-122.815253,193.0,"14693 108 Ave, Surrey, BC",Surrey,Daycare
Willoughby Early Learning Daycare Corp.,49.148676,-122.636604,280.0,"21155 80A Ave, Langley, BC",Langley,Daycare
Willoughby Elementary,49.1471017,-122.6467932,440.0,"20766 80 Ave, Langley, BC",Langley,Elementary Public School
Willoughby Heights Little Star Daycare,49.135459,-122.67116,302.0,"19906 73A Ave, Langley, BC",Langley,Daycare
Willow Acre Daycare,49.9575,-119.364994,175.0,"5191 Whelan Rd, Kelowna, BC",Kelowna,Daycare
Willow Creek Academy,55.767472,-120.236422,157.0,"1217 95 Ave, Dawson Creek, BC",Dawson Creek,Daycare
Willow Daycare,49.688497,-125.003542,276.0,"595 Harmston Ave, Courtenay, BC",Courtenay,Daycare
Willow Early Care & Learning Centre,49.173379,-123.147319,177.0,"650-5688 Hollybridge Way, Richmond, BC",Richmond,Daycare
Willow Early Care & Learning Centre,49.173379,-123.147319,211.0,"650-5688 Hollybridge Way, Richmond, BC",Richmond,Daycare
Willow Family Daycare,49.391458,-121.442631,243.0,"635 Willow St, Hope, BC",Hope,Daycare
Willow Point Children's Centre,49.967369,-125.21629,264.0,"200 Larwood Rd, Campbell River, BC",Campbell River,Daycare
Willow Tree Family Day Care,49.310012,-122.99642,328.0,"546 Bournemouth Cres, North Vancouver, BC",North Vancouver,Daycare
Willowbrae Academy Guildford,49.192576,-122.78793,225.0,"201-15679 104 Ave, Surrey, BC",Surrey,Daycare
Willowbrae Academy Langley,49.149784,-122.671645,240.0,"100-8063 199 St, Langley, BC",Langley,Daycare
Willowbrae Academy North Van,49.324136,-123.108361,145.0,"201-1226 Marine Dr, North Vancouver, BC",North Vancouver,Daycare
Willowbrae Academy North Van,49.324136,-123.108361,227.0,"201-1226 Marine Dr, North Vancouver, BC",North Vancouver,Daycare
Willowbrae Academy River District,49.206632,-123.032059,120.0,"200-8543 River District Cross, Vancouver, BC",Vancouver,Daycare
Willowbrae Academy River District,49.206632,-123.032059,232.0,"200-8543 River District Cross, Vancouver, BC",Vancouver,Daycare
Willowbrae Academy South Surrey,49.060346,-122.801765,106.0,"3211 152Nd St, Surrey, BC",Surrey,Daycare
Willowbrae Academy Victoria,48.42733,-123.363567,224.0,"301-722 Johnson St, Victoria, BC",Victoria,Daycare
Willowbrae Childcare Academy,48.448298,-123.495911,181.0,"105-2780 Veterans Memorial Pky, Victoria, BC",Victoria,Daycare
Willowbrae Childcare Academy,49.222746,-122.91424,199.0,"211-800 mcbride Blvd, New Westminster, BC",New Westminster,Daycare
Willowbrook Montessori Child Care Centre,49.124812,-122.659435,117.0,"20317 67Th Ave, Langley, BC",Langley,Daycare
Willowbrook Montessori Daycare - Latimer Campus,49.151166,-122.673794,257.0,"8157 198A Street, Langley, BC",Langley,Daycare
Willway Elementary,48.4569498,-123.5485364,265.0,"2939 Mt. Wells Dr, Victoria, BC",Victoria,Elementary Public School
Wiltse Elementary,49.4707452,-119.5666049,395.0,"640 Wiltse Blvd, Penticton, BC",Penticton,Elementary Public School
Wind & Tide Preschool - Parklands,49.176366,-122.778559,269.0,"9574 160 St, Surrey, BC",Surrey,Daycare
Wind & Tide-Cedar,49.153141,-122.315196,123.0,"32860 Cherry Ave, Mission, BC",Mission,Daycare
Wind And Shine Daycare,49.110694,-122.867603,227.0,"5942 128 St, Surrey, BC",Surrey,Daycare
Wind And Tide - 140Th,49.032569,-122.835157,134.0,"1657 140 St, Surrey, BC",Surrey,Daycare
Wind And Tide - Central Poco,49.25556,-122.780877,136.0,"2260 Central Ave, Port Coquitlam, BC",Port Coquitlam,Daycare
Wind And Tide - Dorothy Peacock,49.167822,-122.660291,330.0,"20292 91A Ave, Langley, BC",Langley,Daycare
Wind And Tide - Evans Elementary,49.141578,-121.975915,283.0,"7600 Evans Rd, Chilliwack, BC",Chilliwack,Daycare
Wind And Tide - Gracepoint,49.065203,-122.818438,223.0,"3487 King George Blvd, Surrey, BC",Surrey,Daycare
Wind And Tide - Ladner (Lcr),49.086148,-123.071437,273.0,"4594 54A St, Delta, BC",Delta,Daycare
Wind And Tide - Maple Ridge,49.227268,-122.648637,285.0,"20639 123 Ave, Maple Ridge, BC",Maple Ridge,Daycare
Wind And Tide - North Brookswood,49.090042,-122.647794,287.0,"20719 48 Ave, Langley, BC",Langley,Daycare
Wind And Tide - Tsawwassen,49.014095,-123.069329,239.0,"5575 6 Ave, Delta, BC",Delta,Daycare
Wind And Tide - Walnut Grove,49.177855,-122.640048,183.0,"21015 96 Ave, Langley, BC",Langley,Daycare
Wind And Tide Child Development Centre - Broadway,49.261135,-123.048931,217.0,"2700 Broadway E, Vancouver, BC",Vancouver,Daycare
Wind And Tide Child Development Centre - Fleetwood,49.15859,-122.785247,72.0,"15825 85 Ave, Surrey, BC",Surrey,Daycare
Wind And Tide Child Development Centre - Matheson House,49.119842,-122.671485,254.0,"19893 64 Ave, Langley, BC",Langley,Daycare
Wind And Tide Child Development Centre - Prospect,49.024516,-122.802803,132.0,"15138 Prospect Ave, White Rock, BC",White Rock,Daycare
Wind And Tide Child Development Centre - Sunnyside,49.045738,-122.788817,200.0,"15639 24 Ave, Surrey, BC",Surrey,Daycare
Wind And Tide Child Development Centre - Sw Maple Ridge,49.222244,-122.660382,189.0,"20245 Dewdney Trunk Rd, Maple Ridge, BC",Maple Ridge,Daycare
Wind And Tide Child Development Centre-Clayton,49.126388,-122.706735,291.0,"18625 Fraser Hwy, Surrey, BC",Surrey,Daycare
Wind And Tide Preschool - Aldergrove,49.053258,-122.495391,287.0,"26291 28 Ave, Aldergrove, BC",Aldergrove,Daycare
Wind And Tide Preschool - Alice Brown,49.0831,-122.668019,108.0,"20011 44 Ave, Langley, BC",Langley,Daycare
Wind And Tide Preschool - Cloverdale United,49.109185,-122.736159,158.0,"17575 58A Ave, Surrey, BC",Surrey,Daycare
Wind And Tide Preschool - Eagle Ridge,49.281135,-122.809137,106.0,"1160 Lansdowne Dr, Coquitlam, BC",Coquitlam,Daycare
Wind And Tide Preschool - Fort Langley,49.163507,-122.583588,161.0,"8870 Glover Rd, Langley, BC",Langley,Daycare
Wind And Tide Preschool - Gladwin,49.065288,-122.315426,228.0,"3474 Gladwin Rd, Abbotsford, BC",Abbotsford,Daycare
Wind And Tide Preschool - Matheson House,49.119842,-122.671485,209.0,"19893 64 Ave, Langley, BC",Langley,Daycare
Wind And Tide Preschool - Prospect,49.024516,-122.802803,166.0,"15138 Prospect Ave, White Rock, BC",White Rock,Daycare
Wind And Tide Preschool - Sardis,49.12499,-121.949173,253.0,"46078 Higginson Rd, Chilliwack, BC",Chilliwack,Daycare
Wind And Tide Preschool - Sunnyside,49.045738,-122.788817,289.0,"15639 24 Ave, Surrey, BC",Surrey,Daycare
Wind And Tide Preschool - Uplands,49.083397,-122.650283,187.0,"4471 207A St, Langley, BC",Langley,Daycare
Wind And Tide Preschool - Westwind,49.117708,-122.735321,154.0,"6331 176 St, Surrey, BC",Surrey,Daycare
Wind And Tide Schools - Relate,49.125796,-122.800677,182.0,"6788 152 St, Surrey, BC",Surrey,Daycare
Windebank Elementary,49.1438635,-122.2939732,440.0,"33570 11th Ave, Mission, BC",Mission,Elementary Public School
Windermere Community Secondary,49.2472655,-123.0378513,1500.0,"3155 27th Ave E, Vancouver, BC",Vancouver,Secondary Public School
Windermere Elementary,50.4660883,-115.9867112,145.0,"4747 Government St, Windermere, BC",Windermere,Elementary Public School
Windmill Children's House Infant/Toddler,49.165427,-123.11878,108.0,"9500 Alberta Rd, Richmond, BC",Richmond,Daycare
Windrem Elementary,55.6961507,-121.6096386,195.0,"PO Box 210, Chetwynd, BC",Chetwynd,Elementary Public School
Windridge Park Childcare,49.314347,-123.000439,147.0,"931 Lytton St, North Vancouver, BC",North Vancouver,Daycare
Windsor Elementary,49.2215872,-122.9737817,345.0,"6166 Imperial St, Burnaby, BC",Burnaby,Elementary Public School
Windsor Hall,49.1855894,-123.0970945,,"11295 Mellis Dr, Richmond, BC",Richmond,Middle School Independent School
Windsor Secondary,49.3131223,-122.9981304,1000.0,"931 Broadview Dr, North Vancouver, BC",North Vancouver,Secondary Public School
Windsor ymca Kids Club,49.221584,-122.973779,147.0,"6166 Imperial St, Burnaby, BC",Burnaby,Daycare
Windy Willows Environmental Centre Inc,49.226872,-122.692695,286.0,"19089 Advent Rd, Pitt Meadows, BC",Pitt Meadows,Daycare
Wings & Roots Daycare,50.558028,-119.132963,222.0,"210 Larsen Ave, Enderby, BC",Enderby,Daycare
Wings Of Life Fine Arts Child Care,49.050242,-122.330432,242.0,"2630 Langdon St, Abbotsford, BC",Abbotsford,Daycare
Winlaw Elementary School,49.6135198,-117.5656456,95.0,"PO Box 10, Winlaw, BC",Winlaw,Elementary Public School
Winlaw Seamless Day - Our Place,49.61352,-117.565646,99.0,"5604 Winlaw Bridge Rd, Winlaw, BC",Winlaw,Daycare
Wisdomtree Academy,49.061417,-122.800529,219.0,"105-15210 32 Ave, Surrey, BC",Surrey,Daycare
Wise Beans Childcare Ltd.,49.316766,-123.005432,239.0,"2439 Berton Pl, North Vancouver, BC",North Vancouver,Daycare
Wise Owl Montessori Childcare Inc,49.083396,-122.650285,196.0,"4471 207A St, Langley, BC",Langley,Daycare
Wiseways Childcare,48.476077,-123.323806,142.0,"1790 Feltham Rd, Victoria, BC",Victoria,Daycare
Wiseways Preschool And Daycare,48.476435,-123.324501,118.0,"1780 Feltham Road, Victoria, BC",Victoria,Daycare
Wishart Elementary,48.4222654,-123.4940518,415.0,"3310 Wishart Rd, Victoria, BC",Victoria,Elementary Public School
Wishing Well Family Child Care,49.315027,-124.328408,222.0,"501 Wheeler Ave, Parksville, BC",Parksville,Daycare
Wishtree Childcare Centre,49.346408,-123.094199,193.0,"982 Wavertree Rd, North Vancouver, BC",North Vancouver,Daycare
With Our Own Two Hands,49.125415,-123.182182,250.0,"3871 Moncton St, Richmond, BC",Richmond,Daycare
Witset Elementary & Secondary School,55.0215202,-127.3309999,,"205 Beaver Rd Unit 2, Smithers, BC",Smithers,Elementary-Secondary Independent School
Wix-Brown Elementary,49.045772,-122.5637261,295.0,"23851 24 Ave, Langley, BC",Langley,Elementary Public School
Wiz Wise Childcare Centre,49.127831,-122.64551,165.0,"6904 208 St, Langley, BC",Langley,Daycare
Wo'umxhl Simalgyex Daycare,55.1174,-127.944096,197.0,"218 Gitwangak West Rd, Kitwanga, BC",Kitwanga,Daycare
Wolf Pack Wilderness School,48.387262,-123.686796,163.0,"6040 East Sooke Rd, Sooke, BC",Sooke,Daycare
Wolf Pack Wilderness School,49.634668,-124.968258,209.0,"3595 Royston Rd, Courtenay, BC",Courtenay,Daycare
Wonder Balloons Childcare Centre,49.105976,-121.935582,103.0,"4-5697 Promontory Rd, Chilliwack, BC",Chilliwack,Daycare
Wonder Corner Childcare Centre,49.123919,-122.858465,307.0,"13126 66B Ave, Surrey, BC",Surrey,Daycare
Wonder Kids Childcare Centre Inc. #2,49.111712,-122.851237,260.0,"13398 60 Ave, Surrey, BC",Surrey,Daycare
Wonder Of Learning Organization,49.250396,-123.07733,147.0,"1346 Kingsway, Vancouver, BC",Vancouver,Daycare
Wonder World Play School,49.194175,-122.561546,257.0,"10554 238 St, Maple Ridge, BC",Maple Ridge,Daycare
Wonder World Play School,49.216239,-122.599189,218.0,"Unit B 11767 225 St, Maple Ridge, BC",Maple Ridge,Daycare
Wonder Years Day Care - Fraser Crossing,49.102941,-122.643264,198.0,"5537 209 St, Langley, BC",Langley,Daycare
Wonder Years Daycare - Aldergrove,49.052343,-122.466258,237.0,"27330 28 Ave, Aldergrove, BC",Aldergrove,Daycare
Wonder Years Daycare - Murrayville,49.088416,-122.606909,107.0,"4748 222 St, Langley, BC",Langley,Daycare
Wonderful Beginnings Early Years,50.668575,-120.185807,287.0,"101-5170 Dallas Dr, Kamloops, BC",Kamloops,Daycare
Wonderful Childcare Centre,49.210437,-122.977075,187.0,"8080 Buller Ave, Burnaby, BC",Burnaby,Daycare
Wonderland Plateau Daycare,49.306592,-122.791635,257.0,"3066 Sienna Crt, Coquitlam, BC",Coquitlam,Daycare
Wonderworld Montessori Academy-Metrotown,49.225253,-123.005925,191.0,"6390 Silver Ave, Burnaby, BC",Burnaby,Daycare
Wonowon School,56.730259,-121.808989,75.0,"PO Box 119, Wonowon, BC",Wonowon,Elementary Jr. Secondary Public School
Wood Elementary,49.251662,-124.7901995,225.0,"4111 Wood Ave, Port Alberni, BC",Port Alberni,Elementary Public School
Woodgrove Tot's Town Children's Centre,49.24122,-124.033913,128.0,"6183 Dover Rd, Nanaimo, BC",Nanaimo,Daycare
Woodland Centre School,53.9593225,-123.9646358,,"7360 Hwy 16e, Vanderhoof, BC",Vanderhoof,Elementary Jr. Secondary Independent School
Woodland Childcare Centre Society,48.426454,-123.40551,146.0,"1010 Wychbury Ave, Esquimalt, BC",Esquimalt,Daycare
Woodland Family Daycare,49.295776,-121.780856,151.0,"331 Chestnut Ave, Harrison Hot Springs, BC",Harrison Hot Springs,Daycare
Woodland Kids Club,49.695063,-123.142866,216.0,"38030 Clarke Dr, Squamish, BC",Squamish,Daycare
Woodland Kidz Childcare,49.120318,-123.928792,230.0,"139 Roberta Rd W, Nanaimo, BC",Nanaimo,Daycare
Woodland Park Elementary,49.1671439,-122.784751,490.0,"9025 158 St, Surrey, BC",Surrey,Elementary Public School
Woodland Wonder Daycare,49.181547,-121.91283,148.0,"47383 Yale Rd, Chilliwack, BC",Chilliwack,Daycare
Woodpecker Childcare,49.166425,-122.622937,141.0,"21642 90A Ave, Langley, BC",Langley,Daycare
Woodward Hill - School Age,49.113422,-122.828482,146.0,"6082 142Nd St, Surrey, BC",Surrey,Daycare
Woodward Hill Elementary,49.113422,-122.8284821,690.0,"6082 142 St, Surrey, BC",Surrey,Elementary Public School
Woodward Out Of School Care,49.13781,-123.096626,185.0,"10300 Seacote Rd, Richmond, BC",Richmond,Daycare
World Within Early Learning,49.886756,-119.473903,274.0,"1491 D Anjou St, Kelowna, BC",Kelowna,Daycare
Write Choice Early Learning Centre,49.281041,-122.793131,140.0,"2027-1163 Pinetree Way, Coquitlam, BC",Coquitlam,Daycare
Wundoroo Academy Inc. Surrey,49.139113,-122.8893,123.0,"114-7500 120 St, Surrey, BC",Surrey,Daycare
Wundoroo Academy Maple Ridge,49.229323,-122.584635,198.0,"12512 230Th St, Maple Ridge, BC",Maple Ridge,Daycare
Wurzelkinder Family Day Care,49.219709,-123.058955,215.0,"7042 Nanaimo St, Vancouver, BC",Vancouver,Daycare
Wvccs After School Program Edgewater,50.695422,-116.137498,148.0,"5813 Sinclair St, Edgewater, BC",Edgewater,Daycare
Wvccs After School Program Eileen Madison Elementary,50.496374,-116.041306,79.0,"2001 15 Ave, Invermere, BC",Invermere,Daycare
Xland Montessori Learning Center,49.245318,-123.152519,215.0,"4492 Arbutus St, Vancouver, BC",Vancouver,Daycare
Xplore Kidz Zone,50.76549,-119.201021,179.0,"2250 Trans Canada Hwy, Salmon Arm, BC",Salmon Arm,Daycare
Xtreme Performing Arts/Xplor Fine Arts Preschool,49.04,-122.2792,256.0,"11-34100 South Fraser Way, Abbotsford, BC",Abbotsford,Daycare
Yale Secondary,49.0471034,-122.2638796,1100.0,"34620 Old Yale Rd, Abbotsford, BC",Abbotsford,Secondary Public School
Yaletown Play To Learn Family Daycare,49.272868,-123.120919,261.0,"412 1267 Marinaside Cres, Vancouver, BC",Vancouver,Daycare
Yaqan Nukiy School,49.0662966,-116.5155873,,"904 Simon Rd, Creston, BC",Creston,Elementary Independent School
Yarrow Community School,49.0859535,-122.0455799,375.0,"4605 Wilson Rd, Chilliwack, BC",Chilliwack,Elementary Public School
Yarrow Community School Society,49.085959,-122.04558,205.0,"4605 Wilson Rd, Yarrow, BC",Yarrow,Daycare
Yellow Kite Early Learning Centre Ltd.,48.472111,-123.528506,303.0,"2154 Nicklaus Dr, Langford, BC",Langford,Daycare
Yellow Mellow Daycare,48.464947,-123.494138,255.0,"2285 Bellamy Rd, Victoria, BC",Victoria,Daycare
Yennadon Active Kids Club,49.235599,-122.575974,144.0,"23347 128 Ave, Maple Ridge, BC",Maple Ridge,Daycare
Yennadon Elementary,49.2355987,-122.5759739,685.0,"23347 128 Ave, Maple Ridge, BC",Maple Ridge,Elementary Public School
Ymca-Pearson Out Of School Care,49.898856,-119.399484,145.0,"700 Pearson Rd, Kelowna, BC",Kelowna,Daycare
York House School,49.2485533,-123.1403177,,"4176 Alexandra St, Vancouver, BC",Vancouver,Elementary-Secondary Independent School
Yorkson Childcare Academy,49.142303,-122.648948,59.0,"20683 76B Ave, Langley, BC",Langley,Daycare
Yorkson Creek Middle School,49.1549288,-122.6495602,750.0,"20686 84 Ave, Langley, BC",Langley,Middle School Public School
Yorkson Kids Care,49.149057,-122.657797,142.0,"A200-8045 204 St, Langley, BC",Langley,Daycare
You Care We Care Daycare Inc.,49.134171,-122.311068,120.0,"32965 Lougheed Hwy, Mission, BC",Mission,Daycare
You'll Never Walk Alone Childcare,48.442376,-123.494511,226.0,"2858 Hagel Rd, Victoria, BC",Victoria,Daycare
YouLearn - OL,49.1799419,-119.5564585,,"PO Box 940, Oliver, BC",Oliver,Elementary-Secondary Public School
YouLearn.ca-CE,49.1799419,-119.5564585,,"PO Box 940, Oliver, BC",Oliver,Senior Secondary Public School
Young Academics Club Early Learning Ltd,49.171865,-121.956069,268.0,"45846 Wellington Ave, Chilliwack, BC",Chilliwack,Daycare
Young Buddies Club,49.206609,-122.841112,142.0,"13751 112 Ave, Surrey, BC",Surrey,Daycare
Young Columbus Infant/Toddler Center,49.139392,-123.099049,181.0,"11160 Seafield Crescent, Richmond, BC",Richmond,Daycare
Young Dreamers Childcare,49.170262,-122.785989,206.0,"15749 92 Ave, Surrey, BC",Surrey,Daycare
Young Explorers Childcare,49.151267,-122.895392,105.0,"8141 118A St, Delta, BC",Delta,Daycare
Young Explorers Preschool And Childcare,49.233309,-123.979211,112.0,"4871 Logan's Run, Nanaimo, BC",Nanaimo,Daycare
Young Parents Education Program Day Care,49.507605,-115.772663,93.0,"2700 College Way, Cranbrook, BC",Cranbrook,Daycare
Young Pup Child Care,53.896342,-122.761664,143.0,"2685 Abbott Cres, Prince George, BC",Prince George,Daycare
Young Riders Childcare,49.02281,-123.068699,250.0,"115-1077 56 St, Delta, BC",Delta,Daycare
Young Stars Child Care,49.232723,-123.132338,149.0,"5839 Montgomery St, Vancouver, BC",Vancouver,Daycare
Young Stars Childcare (Kelowna),49.860451,-119.35965,218.0,"2-2180 Cortina Dr, Kelowna, BC",Kelowna,Daycare
Yu's Montessori School In Burnaby,49.280704,-122.990156,267.0,"380 Hythe Ave S, Burnaby, BC",Burnaby,Daycare
Yukon Crescent Children's Centre,49.264457,-122.995345,139.0,"2123 Yukon Cres, Burnaby, BC",Burnaby,Daycare
Z & Z Family Daycare,49.024076,-122.779906,153.0,"15973 Buena Vista Ave, White Rock, BC",White Rock,Daycare
Zari's Family Child Care,49.324548,-123.088598,215.0,"614 17Th St W, North Vancouver, BC",North Vancouver,Daycare
Zeballos Elem-Secondary,49.990449,-126.8493211,150.0,"PO Box 128, Zeballos, BC",Zeballos,Elementary Public School
Zen Monkeys Playschool,49.701253,-124.989407,132.0,"B2 - 840 Braidwood Rd, Courtenay, BC",Courtenay,Daycare
Zigwids Family Child Care,49.192483,-123.971309,173.0,"2230 Highland Blvd, Nanaimo, BC",Nanaimo,Daycare
Zion Lutheran Christian School,53.9253414,-122.8033306,,"180 Tabor Blvd S, Prince George, BC",Prince George,Elementary Independent School
c'usqunela Elementary,49.1921569,-122.554244,680.0,"24093 104 Ave, Maple Ridge, BC",Maple Ridge,Elementary Public School
ci:tm?xw Environmental Community,49.2131255,-122.5815464,0.0,"23125, Maple Ridge, BC",Maple Ridge,Elementary Jr. Secondary Public School
de l'Anse-au-sable,49.8354422,-119.4838372,240.0,"675 Lequime Rd, Kelowna, BC",Kelowna,Elementary-Secondary Public School
des Cinq-saumons,54.5060682,-128.5947996,120.0,"4720 Graham Ave, Terrace, BC",Terrace,Elementary Jr. Secondary Public School
des Colibris,49.2109303,-123.1194301,170.0,"590 W 65th Ave, Vancouver, BC",Vancouver,Elementary Public School
des Deux-Rives,49.1413251,-122.2912006,220.0,"7674 Stave Lake St, Mission, BC",Mission,Elementary Jr. Secondary Public School
des Glaciers,50.9769241,-118.1777034,120.0,"1950 Park Dr, Revelstoke, BC",Revelstoke,Elementary Public School
des Grands-cedres,49.2674,-124.7953635,95.0,"5100 Tebo Ave, Port Alberni, BC",Port Alberni,Elementary Public School
des Navigateurs,49.1511438,-123.1636433,245.0,"8580 Kilgour Pl, Richmond, BC",Richmond,Elementary Public School
des Pionniers-de-Maillardville,49.2762845,-122.7596185,660.0,"1618 Patricia Ave, Port Coquitlam, BC",Port Coquitlam,Elementary-Secondary Public School
des Sentiers-alpins,49.5737295,-117.2261112,195.0,"2780 3a Hwy, Nelson, BC",Nelson,Elementary Jr. Secondary Public School
des Sept-sommets,49.0787415,-117.7959202,245.0,"PO Box 880, Rossland, BC",Rossland,Elementary Jr. Secondary Public School
des Voyageurs,49.1613826,-122.622796,95.0,"8736 216 St, Langley, BC",Langley,Elementary Public School
du Bois-joli,49.0170585,-123.0891354,270.0,"785 49 St, Delta, BC",Delta,Elementary Public School
du Pacifique,49.4736377,-123.7645698,95.0,"5538 Shorncliffe, Sechelt, BC",Sechelt,Elementary Public School
eBlend,49.9963334,-125.2434744,,"740 Robron Rd, Campbell River, BC",Campbell River,Elementary-Secondary Public School
eSchool23,49.8891812,-119.4907914,,"1040 Hollywood Road S, Kelowna, BC",Kelowna,Elementary-Secondary Public School
iLearn Secondary School Society,49.1158727,-122.8456276,,"618-7184 120 St, Surrey, BC",Surrey,Secondary Independent School
mcgregor Child Care Centre (0 - 3 Gdc),49.263354,-123.080381,266.0,"1155 Broadway E, Vancouver, BC",Vancouver,Daycare
mcgregor Child Care Centre (3 - 5 Gdc),49.263354,-123.080381,101.0,"1155 Broadway E, Vancouver, BC",Vancouver,Daycare
ubc Okanagan Campus Child Care,49.941687,-119.400358,60.0,"1260 Discovery Ave, Kelowna, BC",Kelowna,Daycare
ubc Okanagan Campus Child Care - Heritage Site,49.941961,-119.400416,191.0,"1262 Discovery Ave, Kelowna, BC",Kelowna,Daycare
w?k??an??s t? syaq??m Elementary School,49.2718156,-123.0376575,340.0,"1430 Lillooet St, Vancouver, BC",Vancouver,Elementary Public School
ymca - Black Mountain,49.867289,-119.349879,209.0,"1650 Gallagher Rd, Kelowna, BC",Kelowna,Daycare
ymca - Quigley,49.880756,-119.400019,297.0,"705 Kitch Rd, Kelowna, BC",Kelowna,Daycare
ymca - Rose Valley Out Of School Care,49.88693,-119.556799,285.0,"1680 Westlake Rd, West Kelowna, BC",West Kelowna,Daycare
ymca 6Th Avenue School Age Child Care,50.667549,-120.327489,307.0,"1136 6Th Ave, Kamloops, BC",Kamloops,Daycare
ymca Anne Roberts Young Care And Learning Centre,56.258363,-120.818093,118.0,"8408 112 Ave, Fort St. John, BC",Fort St. John,Daycare
ymca Chetwynd After School Care,55.695508,-121.613352,230.0,"5000 46 St, Chetwynd, BC",Chetwynd,Daycare
ymca Chetwynd Care And Learning Centre,55.693656,-121.628746,152.0,"4916 52 Ave. Sw, Chetwynd, BC",Chetwynd,Daycare
ymca Crescent Park School Age Child Care,55.770049,-120.249541,227.0,"9300 17 St, Dawson Creek, BC",Dawson Creek,Daycare
ymca Ecole' Frank Ross School Age Child Care,55.771785,-120.230891,261.0,"1000 92 Ave, Dawson Creek, BC",Dawson Creek,Daycare
ymca Evelyn Dickson School Age Child Care,54.009833,-124.00763,159.0,"1850 Ryley Ave, Vanderhoof, BC",Vanderhoof,Daycare
ymca Gillett School Age Care,53.920886,-122.775471,70.0,"483 Gillett St, Prince George, BC",Prince George,Daycare
ymca Hudson's Hope Care And Learning Centre,56.02273,-121.922097,211.0,"109-10500 Dudley Dr, Hudson's Hope, BC",Hudson's Hope,Daycare
ymca Hudson's Hope School Age Care,56.025434,-121.921624,158.0,"10441 Holland St, Hudson's Hope, BC",Hudson's Hope,Daycare
ymca Malaspina School Age Care,53.849636,-122.762966,139.0,"7900 Malaspina Ave, Prince George, BC",Prince George,Daycare
ymca Park House Care And Learning Centre,53.913419,-122.743958,179.0,"1075 6Th Ave, Prince George, BC",Prince George,Daycare
ymca Preschool & Out Of School Care Program,49.899861,-119.379765,157.0,"375 Hartman Rd, Kelowna, BC",Kelowna,Daycare
ymca Rayleigh Elementary School Age Child Care,50.79751,-120.316222,143.0,"306 Puette Ranch Rd, Kamloops, BC",Kamloops,Daycare
ymca Robert Ogilvie Care And Learning Centre,56.245471,-120.820161,186.0,"9907 86 St, Fort St. John, BC",Fort St. John,Daycare
ymca Ron Brent After School Care,53.908284,-122.75244,256.0,"1401 17Th Ave, Prince George, BC",Prince George,Daycare
ymca Springwood School Age Care,54.015331,-122.805408,185.0,"4600 Zral Rd, Prince George, BC",Prince George,Daycare
ymca Tumbler Ridge School Age Child Care,55.12979,-121.004206,249.0,"355 Monkman Way, Tumbler Ridge, BC",Tumbler Ridge,Daycare
ymca Vanway School Age Child Care,53.857978,-122.817201,228.0,"4509 Highway 16 W, Prince George, BC",Prince George,Daycare
ymca Westwood After School Care,53.8952,-122.784961,230.0,"2633 Vanier Dr, Prince George, BC",Prince George,Daycare
ywca Crabtree Corner Early Learning And Care Center (3-5Gdc),49.281501,-123.092398,238.0,"533 E Hastings St, Vancouver, BC",Vancouver,Daycare
ywca Crabtree Corner Early Learning And Care Center (<36Mos),49.28151,-123.092378,275.0,"533 E. Hastings St, Vancouver, BC",Vancouver,Daycare
École Au coeur de l'île,49.6845804,-124.9286241,320.0,"566 Linshart Rd, Comox, BC",Comox,Elementary-Secondary Public School
École Dr. Charles Best Secondary,49.2641533,-122.8212411,1150.0,"2525 Como Lake Ave, Coquitlam, BC",Coquitlam,Secondary Public School
École Inman Elementary,49.2390878,-123.0173231,495.0,"3963 Brandon St, Burnaby, BC",Burnaby,Elementary Public School
École Marlborough Elementary,49.229787,-122.991466,440.0,"6060 Marlborough Ave, Burnaby, BC",Burnaby,Elementary Public School
šx?w?q?????t Crosstown Elementary,49.2785767,-123.1065982,510.0,"55 Expo Blvd, Vancouver, BC",Vancouver,Elementary Public School
